,BAC,GS,JPM,SP500,DGS10,DGS2,VIX,ret_JPM,ret_BAC,ret_GS,ret_SP500,d_DGS10,d_DGS2,d_VIX
2015-01-05,13.573362350463867,149.30587768554688,44.63664245605469,2020.5799560546875,2.04,0.68,19.920000076293945,-0.03153714899559137,-0.029480553286637675,-0.03172025807269645,-0.01844721353258727,-0.08000000000000007,0.020000000000000018,2.1299991607666016
2015-01-06,13.167254447937012,146.28543090820312,43.47925567626953,2002.6099853515625,1.97,0.65,21.1200008392334,-0.026271158100867206,-0.030376197518156466,-0.020437352667920138,-0.00893325469070017,-0.07000000000000006,-0.030000000000000027,1.2000007629394531
2015-01-07,13.22973346710205,148.46554565429688,43.54560470581055,2025.9000244140625,1.96,0.62,19.309999465942383,0.001524829620074613,0.004733807966282197,0.014793196135636634,0.011562735844876304,-0.010000000000000009,-0.030000000000000027,-1.8100013732910156
2015-01-08,13.503080368041992,150.83587646484375,44.5186882019043,2062.139892578125,2.03,0.62,17.010000228881836,0.022100287641695325,0.020451003002541285,0.015839419343189474,0.01773016812715569,0.06999999999999984,0.0,-2.299999237060547
2015-01-09,13.260974884033203,148.52102661132812,43.74463653564453,2044.81005859375,1.98,0.59,17.549999237060547,-0.017540048789753123,-0.018092332105493093,-0.015465793308494243,-0.008439322147078786,-0.04999999999999982,-0.030000000000000027,0.5399990081787109
2015-01-12,13.026683807373049,146.7135467529297,43.36869812011719,2028.260009765625,1.92,0.56,19.600000381469727,-0.008631072402801398,-0.01782564839898792,-0.012244517438657173,-0.008126616843470486,-0.06000000000000005,-0.029999999999999916,2.0500011444091797
2015-01-13,12.847057342529297,146.60263061523438,43.37605285644531,2023.030029296875,1.91,0.54,20.559999465942383,0.00016957190522662048,-0.013885069787156595,-0.0007562906620241555,-0.0025818854358163217,-0.010000000000000009,-0.020000000000000018,0.9599990844726562
2015-01-14,12.52685832977295,142.87664794921875,41.879581451416016,2011.27001953125,1.86,0.51,21.479999542236328,-0.03510911936422918,-0.02523977892742172,-0.02574407720974647,-0.00583002896797565,-0.04999999999999982,-0.030000000000000027,0.9200000762939453
2015-01-15,11.87083625793457,141.49729919433594,40.53789520263672,1992.6700439453125,1.77,0.44,22.38999938964844,-0.032561171306843585,-0.05379034808325135,-0.009701026315902084,-0.009290903004567546,-0.09000000000000008,-0.07,0.9099998474121129
2015-01-16,12.011411666870115,140.49847412109375,41.2308464050293,2019.4200439453125,1.83,0.49,20.950000762939453,0.016949454722483735,0.011772512615001188,-0.007084001568570823,0.013334893186267299,0.06000000000000005,0.04999999999999999,-1.439998626708988
2015-01-20,11.917695999145508,139.2300262451172,41.06866455078125,2022.550048828125,1.82,0.53,19.88999938964844,-0.003941264347818565,-0.007832815847289317,-0.009069197943679727,0.001548752433400387,-0.010000000000000009,0.040000000000000036,-1.060001373291012
2015-01-21,12.03484058380127,140.4349822998047,41.20135498046875,2032.1199951171875,1.87,0.53,18.850000381469727,0.0032257326666763363,0.009781470806134328,0.008617191812555632,0.004720465022189361,0.050000000000000044,0.0,-1.0399990081787145
2015-01-22,12.565906524658203,144.31155395507812,42.45457077026367,2063.14990234375,1.9,0.53,16.399999618530273,0.029963437481921477,0.043181490103960316,0.02722990932761993,0.015154313070630327,0.029999999999999805,0.0,-2.450000762939453
2015-01-23,12.284749031066896,143.08277893066406,41.78373336791992,2051.820068359375,1.81,0.52,16.65999984741211,-0.015927471258886543,-0.022628738329461485,-0.00855119514503551,-0.005506656279301935,-0.08999999999999986,-0.010000000000000009,0.26000022888183594
2015-01-26,12.378474235534668,143.0272674560547,41.850074768066406,2057.090087890625,1.83,0.54,15.520000457763672,0.001586473593386083,0.007600438485829898,-0.0003880428248291007,0.0025651679986232745,0.020000000000000018,0.020000000000000018,-1.1399993896484375
2015-01-27,12.206655502319336,139.91180419921875,41.42988586425781,2029.550048828125,1.83,0.54,17.219999313354492,-0.010091082326723497,-0.013977679391529038,-0.02202303950412719,-0.013478287815857576,0.0,0.0,1.6999988555908203
2015-01-28,11.87083625793457,137.18479919433594,40.360965728759766,2002.1600341796875,1.73,0.5,20.440000534057617,-0.02613937811251707,-0.027896678442645796,-0.019683337979660053,-0.01358750281102202,-0.10000000000000009,-0.040000000000000036,3.220001220703125
2015-01-29,12.050461769104004,139.51544189453125,41.0391845703125,2021.25,1.77,0.51,18.76000022888184,0.016664208453365997,0.015018322765357972,0.01684637361009691,0.00948951705826357,0.040000000000000036,0.010000000000000009,-1.6800003051757777
2015-01-30,11.831785202026367,136.6773681640625,40.08820724487305,1994.989990234375,1.68,0.47,20.96999931335449,-0.023445124128247653,-0.01831340903313942,-0.020552118115524747,-0.013077099006318498,-0.09000000000000008,-0.040000000000000036,2.209999084472649
2015-02-02,12.073888778686523,139.11903381347656,40.89175033569336,2020.8499755859373,1.68,0.49,19.43000030517578,0.01984613202769174,0.020255597437356825,0.017706753431244247,0.012879170000215295,0.0,0.020000000000000018,-1.5399990081787074
2015-02-03,12.409711837768556,142.88461303710938,41.81322860717773,2050.030029296875,1.79,0.52,17.329999923706055,0.022284423899217486,0.02743421008911324,0.026707477665594937,0.014336238577453099,0.1100000000000001,0.030000000000000027,-2.1000003814697266
2015-02-04,12.331610679626465,141.72715759277344,41.56256866455078,2041.510009765625,1.81,0.52,18.32999992370605,-0.0060127928252239286,-0.00631343918740484,-0.008133618808494879,-0.0041647065724529616,0.020000000000000018,0.0,0.9999999999999964
2015-02-05,12.472187042236328,143.3047637939453,41.850074768066406,2062.52001953125,1.83,0.52,16.850000381469727,0.0068936130124369836,0.011335189019321047,0.01106979389183202,0.010238810710909235,0.020000000000000018,0.0,-1.4799995422363246
2015-02-06,12.8782958984375,145.4134979248047,42.67573165893555,2055.469970703125,1.95,0.65,17.290000915527344,0.01953682993465684,0.03204227728591469,0.014607816051790951,-0.00342402761187852,0.11999999999999988,0.13,0.4400005340576172
2015-02-09,12.768959999084473,144.4542694091797,42.62413024902344,2046.739990234375,1.96,0.65,18.549999237060547,-0.0012098827607099885,-0.008526180121855985,-0.006618411049271853,-0.004256239310481708,0.010000000000000009,0.0,1.2599983215332031
2015-02-10,12.823626518249512,146.3092498779297,43.09592056274414,2068.590087890625,2.01,0.67,17.229999542236328,0.011007811433172933,0.004272065449041417,0.0127595486536387,0.010618979554062366,0.04999999999999982,0.020000000000000018,-1.3199996948242188
2015-02-11,12.776769638061523,148.7588348388672,43.02958297729492,2068.530029296875,2.0,0.67,16.959999084472656,-0.00154048675110933,-0.003660641204654938,0.01660390509624046,-2.9034010158247172e-05,-0.009999999999999787,0.0,-0.2700004577636719
2015-02-12,13.01887035369873,150.4473876953125,43.91419982910156,2088.47998046875,1.99,0.61,15.34000015258789,0.020349870938798927,0.018771220604027885,0.011287003113821588,0.009598295065916026,-0.010000000000000009,-0.06000000000000005,-1.6199989318847656
2015-02-13,12.97201156616211,149.82908630371094,43.987918853759766,2096.989990234375,2.02,0.66,14.6899995803833,0.001677298409772475,-0.003605790557743857,-0.004118219834002808,0.004066459227779422,0.030000000000000027,0.050000000000000044,-0.6500005722045898
2015-02-17,12.987630844116213,150.6376953125,44.3049201965332,2100.340087890625,2.14,0.7,15.800000190734863,0.007180711557139324,0.0012033509238722074,0.005382365109019243,0.0015962996977983961,0.1200000000000001,0.039999999999999925,1.1100006103515625
2015-02-18,12.729907035827637,149.5674591064453,43.76677703857422,2099.679931640625,2.07,0.62,15.449999809265137,-0.012220721805059684,-0.020043321214048254,-0.00713006238789774,-0.00031435862322874816,-0.07000000000000028,-0.07999999999999996,-0.35000038146972656
2015-02-19,12.659618377685549,149.91627502441406,43.66356658935547,2097.449951171875,2.11,0.67,15.289999961853027,-0.0023609765872826573,-0.005536837460696391,0.002329449221766181,-0.0010626217157189283,0.040000000000000036,0.050000000000000044,-0.15999984741210938
2015-02-20,12.792386054992676,151.81883239746094,44.08375930786133,2110.300048828125,2.13,0.67,14.300000190734863,0.009577407085925287,0.010432882165694246,0.012610946096548782,0.006107842721055837,0.020000000000000018,0.0,-0.9899997711181641
2015-02-23,12.651814460754396,150.8675079345703,43.75201416015625,2109.659912109375,2.06,0.64,14.5600004196167,-0.007553795271528103,-0.011049513964315968,-0.006285897105757634,-0.000303385211985694,-0.06999999999999984,-0.030000000000000027,0.26000022888183594
2015-02-24,12.792386054992676,152.38168334960938,44.8356819152832,2115.47998046875,1.99,0.6,13.6899995803833,0.024466644038920397,0.011049513964315982,0.009986427284473368,0.002754972468831103,-0.07000000000000006,-0.040000000000000036,-0.8700008392333984
2015-02-25,12.8782958984375,151.9852752685547,45.07158660888672,2113.860107421875,1.96,0.61,13.84000015258789,0.00524774556838395,0.006693251416363458,-0.0026048051141321594,-0.0007660169636026022,-0.030000000000000027,0.010000000000000009,0.15000057220458984
2015-02-26,12.52685832977295,152.84417724609375,45.39594650268555,2110.739990234375,2.03,0.66,13.90999984741211,0.007170777681782871,-0.02766840029326805,0.0056353101279743925,-0.00147711863025381,0.06999999999999984,0.050000000000000044,0.06999969482421875
2015-02-27,12.3472318649292,150.92771911621094,45.17478942871094,2104.5,2.0,0.63,13.34000015258789,-0.004883641746950989,-0.01444310814860327,-0.01261791218770669,-0.0029606830486323707,-0.029999999999999805,-0.030000000000000027,-0.5699996948242188
2015-03-02,12.503427505493164,152.51809692382812,45.536014556884766,2117.389892578125,2.08,0.66,13.039999961853027,0.00796436635351722,0.012570909702449371,0.010482216499069195,0.0061062381811330165,0.08000000000000007,0.030000000000000027,-0.3000001907348633
2015-03-03,12.52685832977295,152.10462951660156,45.68345260620117,2107.780029296875,2.12,0.68,13.859999656677246,0.003232603353040264,0.0018721984461538509,-0.0027146212363550375,-0.004548872603817568,0.040000000000000036,0.020000000000000018,0.8199996948242188
2015-03-04,12.409342765808104,150.8322296142578,45.80139923095703,2098.530029296875,2.12,0.66,14.229999542236328,0.002578496608696694,-0.009425367841404644,-0.008400479152986114,-0.004398161230154572,0.0,-0.020000000000000018,0.36999988555908203
2015-03-05,12.534689903259276,151.15826416015625,45.70556640625,2101.0400390625,2.11,0.65,14.039999961853027,-0.0020945478647582077,0.010050355066330209,0.00215923798458884,0.001195365251036089,-0.010000000000000231,-0.010000000000000009,-0.18999958038330078
2015-03-06,12.707042694091797,148.63742065429688,44.88728713989258,2071.260009765625,2.24,0.73,15.199999809265137,-0.018065476221821673,0.013656389771639826,-0.016817473011819788,-0.014275356362467066,0.13000000000000034,0.07999999999999996,1.1599998474121094
2015-03-09,12.66787052154541,149.44851684570312,45.33697128295898,2079.429931640625,2.2,0.7,15.0600004196167,0.009968225275824728,-0.0030874748875704735,0.005442042653750233,0.003936662357975969,-0.040000000000000036,-0.030000000000000027,-0.1399993896484375
2015-03-10,12.370171546936035,145.29739379882812,44.20171356201172,2044.1600341796875,2.14,0.7,16.690000534057617,-0.025359286033489064,-0.02378085342665591,-0.028169330872501425,-0.017106820937141425,-0.06000000000000005,0.0,1.630000114440918
2015-03-11,12.620863914489746,146.46636962890625,44.40811538696289,2040.239990234375,2.11,0.7,16.8700008392334,0.0046586750183016815,0.02006325646168667,0.00801320953281833,-0.001919520676484767,-0.03000000000000025,0.0,0.18000030517578125
2015-03-12,12.60519790649414,151.0548553466797,45.24113464355469,2065.949951171875,2.1,0.67,15.420000076293944,0.018584499749966253,-0.001242049600984708,0.030847208028748213,0.012522702206037068,-0.009999999999999787,-0.029999999999999916,-1.450000762939455
2015-03-13,12.60519790649414,150.56983947753906,44.968387603759766,2053.39990234375,2.13,0.68,16.0,-0.006046986262787691,0.0,-0.003216025050330034,-0.006093237090196838,0.029999999999999805,0.010000000000000009,0.5799999237060565
2015-03-16,12.63653564453125,152.6055908203125,45.59498977661133,2081.18994140625,2.1,0.66,15.609999656677246,0.013838091954933279,0.002483011245992489,0.01342972903589633,0.013442909023855906,-0.029999999999999805,-0.020000000000000018,-0.3900003433227539
2015-03-17,12.60519790649414,151.54798889160156,45.41805267333984,2074.280029296875,2.06,0.7,15.65999984741211,-0.003888175176181245,-0.0024830112459924966,-0.006954422119222824,-0.0033256977077820026,-0.040000000000000036,0.039999999999999925,0.05000019073486328
2015-03-18,12.519021034240724,152.93963623046875,45.52126693725586,2099.5,1.93,0.57,13.970000267028809,0.0022699599838109383,-0.006860090689343491,0.009140975949372836,0.012085101501628708,-0.13000000000000012,-0.13,-1.6899995803833008
2015-03-19,12.229156494140623,151.07080078125,45.115821838378906,2089.27001953125,1.98,0.63,14.06999969482422,-0.008946620169229097,-0.02342619336658787,-0.012294702830486327,-0.004884489126950175,0.050000000000000044,0.06000000000000005,0.09999942779541193
2015-03-20,12.409342765808104,153.58372497558594,45.52126693725586,2108.10009765625,1.93,0.6,13.020000457763672,0.008946620169229095,0.014626660671485986,0.016497251638137454,0.008972382193259682,-0.050000000000000044,-0.030000000000000027,-1.0499992370605487
2015-03-23,12.315332412719728,152.65333557128906,45.07158660888672,2104.419921875,1.92,0.6,13.40999984741211,-0.009927582673885159,-0.007604614051500669,-0.006076287861635575,-0.0017472566067133015,-0.010000000000000009,0.0,0.3899993896484375
2015-03-24,12.229156494140623,152.112548828125,44.5703010559082,2091.5,1.88,0.58,13.619999885559082,-0.011184297686015783,-0.007022046619985208,-0.003548870384931747,-0.006158345701590925,-0.040000000000000036,-0.020000000000000018,0.21000003814697266
2015-03-25,12.072474479675291,148.98727416992188,43.94370269775391,2061.050048828125,1.93,0.59,15.4399995803833,-0.014158411074033336,-0.012894952253689428,-0.020759805620540542,-0.014665926527239062,0.050000000000000044,0.010000000000000009,1.8199996948242188
2015-03-26,12.08031177520752,148.8998565673828,43.892086029052734,2056.14990234375,2.01,0.61,15.800000190734863,-0.001175299394267422,0.0006489765383249511,-0.0005869176344215091,-0.0023803307374738966,0.07999999999999985,0.020000000000000018,0.3600006103515625
2015-03-27,11.994134902954102,149.5518798828125,43.89945983886719,2061.02001953125,1.95,0.58,15.06999969482422,0.0001679845082779063,-0.007159229159862482,0.004369378851836835,0.0023657607295033602,-0.05999999999999983,-0.030000000000000027,-0.7300004959106428
2015-03-30,12.158652305603027,151.9058074951172,44.93889617919922,2086.239990234375,1.96,0.58,14.510000228881836,0.023401688703330054,0.013623268044903077,0.015617285968650597,0.012162382647149434,0.010000000000000009,0.0,-0.5599994659423846
2015-03-31,12.056805610656738,149.4803466796875,44.65875244140625,2067.889892578125,1.94,0.56,15.289999961853027,-0.00625339291871894,-0.008411758789295109,-0.01609571737593909,-0.008834686217530795,-0.020000000000000018,-0.019999999999999907,0.7799997329711914
2015-04-01,12.072474479675291,152.86801147460938,44.488094329833984,2059.68994140625,1.87,0.55,15.109999656677246,-0.0038287012098717644,0.001298743365929547,0.02240995512531859,-0.0039732542018475255,-0.06999999999999984,-0.010000000000000009,-0.18000030517578125
2015-04-02,12.17431640625,152.32728576660156,44.91106414794922,2066.9599609375,1.92,0.55,14.670000076293944,0.009462571715028442,0.008400495220524986,-0.0035434771025979,0.0035234523037141535,0.04999999999999982,0.0,-0.43999958038330256
2015-04-06,12.1508150100708,152.7248992919922,44.87396240234375,2080.6201171875,1.92,0.51,14.739999771118164,-0.000826457353587602,-0.001932273506704045,0.002606857252874545,0.006587072647165644,0.0,-0.040000000000000036,0.06999969482422053
2015-04-07,12.111644744873049,152.99525451660156,45.15596008300781,2076.330078125,1.89,0.52,14.779999732971191,0.0062645528313185084,-0.0032288811295095358,0.001768645551929404,-0.002064032708587167,-0.030000000000000027,0.010000000000000009,0.039999961853027344
2015-04-08,12.229156494140623,153.1305389404297,45.30437850952149,2081.89990234375,1.92,0.54,13.979999542236328,0.003281406238337855,0.009655611669377997,0.0008838486369100956,0.0026789415573472003,0.030000000000000027,0.020000000000000018,-0.8000001907348633
2015-04-09,12.307500839233398,154.98338317871094,45.61605072021485,2091.179931640625,1.97,0.56,13.09000015258789,0.006855960407532625,0.006385923744093346,0.012027152556738752,0.004447575873625805,0.050000000000000044,0.020000000000000018,-0.8899993896484375
2015-04-10,12.315332412719728,155.57974243164062,45.7867431640625,2102.06005859375,1.96,0.57,12.579999923706056,0.003734954589945019,0.0006361228758917316,0.0038405073671087153,0.005189376899456221,-0.010000000000000009,0.009999999999999898,-0.5100002288818342
2015-04-13,12.378005027770996,155.53208923339844,46.061302185058594,2092.429931640625,1.94,0.54,13.9399995803833,0.0059785668329661555,0.005076085788255765,-0.0003063412815888521,-0.004591806820961145,-0.020000000000000018,-0.029999999999999916,1.3599996566772443
2015-04-14,12.393675804138184,157.2339324951172,46.78112411499024,2095.840087890625,1.9,0.53,13.670000076293944,0.01550662519966492,0.0012652172102467032,0.010882640309319977,0.00162843225851382,-0.040000000000000036,-0.010000000000000009,-0.26999950408935725
2015-04-15,12.252660751342772,159.92178344726562,47.64936828613281,2106.6298828125,1.91,0.51,12.84000015258789,0.01838958195086459,-0.011443209116822206,0.016950129982882513,0.005134989044995592,0.010000000000000009,-0.020000000000000018,-0.8299999237060529
2015-04-16,12.370171546936035,159.21401977539062,47.3525390625,2104.989990234375,1.9,0.5,12.600000381469728,-0.006248931159948164,0.009544936693564083,-0.004435508802777206,-0.0007787467579851993,-0.010000000000000009,-0.010000000000000009,-0.2399997711181623
2015-04-17,12.189986228942873,156.9396209716797,46.63270950317383,2081.179931640625,1.87,0.51,13.890000343322754,-0.015318225908995174,-0.014673240498748378,-0.014388181868340427,-0.01137570418905323,-0.029999999999999805,0.010000000000000009,1.2899999618530256
2015-04-20,12.197818756103516,157.53611755371094,46.92955017089844,2100.39990234375,1.9,0.55,13.300000190734863,0.006345329083278403,0.0006423314795856198,0.0037935981974056006,0.009192748586536723,0.029999999999999805,0.040000000000000036,-0.5900001525878906
2015-04-21,12.142984390258787,156.53407287597656,46.23940658569336,2097.2900390625,1.92,0.55,13.25,-0.014815153725357025,-0.004505558693089461,-0.0063810454372896395,-0.001481702504767951,0.020000000000000018,0.0,-0.05000019073486328
2015-04-22,12.33100128173828,157.71107482910156,46.7069206237793,2107.9599609375,1.99,0.57,12.710000038146973,0.010059955996607051,0.015364934254899378,0.007491014360603123,0.005074582853386292,0.07000000000000006,0.019999999999999907,-0.5399999618530273
2015-04-23,12.291829109191896,158.498291015625,46.60304260253906,2112.929931640625,1.96,0.55,12.479999542236328,-0.0022265160238418556,-0.0031817792651609427,0.00497909232236984,0.0023549408425523675,-0.030000000000000027,-0.019999999999999907,-0.23000049591064453
2015-04-24,12.252660751342772,157.44857788085938,46.45460891723633,2117.68994140625,1.93,0.54,12.289999961853027,-0.0031901473712948937,-0.0031916239710500977,-0.006644895712399597,0.0022502668247534868,-0.030000000000000027,-0.010000000000000009,-0.18999958038330078
2015-04-27,12.189986228942873,156.2795867919922,46.261661529541016,2108.919921875,1.94,0.54,13.119999885559082,-0.004162110173407291,-0.005128303805184319,-0.00745228915122569,-0.004149913240734652,0.010000000000000009,0.0,0.8299999237060547
2015-04-28,12.26049518585205,157.05096435546875,46.57334518432617,2114.760009765625,2.0,0.56,12.40999984741211,0.00671481237379875,0.005767506264149741,0.00492374024199411,0.0027654044373465075,0.06000000000000005,0.020000000000000018,-0.7100000381469727
2015-04-29,12.519021034240724,157.90187072753906,47.19667434692383,2106.85009765625,2.06,0.56,13.390000343322754,0.013295045628308194,0.020866850405956986,0.005403402335806297,-0.003747348127573222,0.06000000000000005,0.0,0.9800004959106445
2015-04-30,12.479850769042969,156.2000732421875,46.94439315795898,2085.510009765625,2.05,0.58,14.550000190734863,-0.005359654390330657,-0.0031337652004375586,-0.010836062432053675,-0.010180553033248205,-0.010000000000000231,0.019999999999999907,1.1599998474121094
2015-05-01,12.620863914489746,157.08277893066406,47.20411682128906,2108.2900390625,2.12,0.6,12.699999809265137,0.005517332610789451,0.011235905490765714,0.0056352144284962545,0.010863776563455257,0.07000000000000028,0.020000000000000018,-1.8500003814697266
2015-05-04,12.87939167022705,158.4903106689453,48.02783584594727,2114.489990234375,2.16,0.6,12.850000381469728,0.01729964670227656,0.020277178236556767,0.008920539288500966,0.0029364331477630206,0.040000000000000036,0.0,0.15000057220459162
2015-05-05,12.808887481689451,156.8919219970703,47.790374755859375,2089.4599609375,2.19,0.62,14.3100004196167,-0.0049565019997085975,-0.00548922449449738,-0.010136286649913805,-0.0119080033585301,0.029999999999999805,0.020000000000000018,1.4600000381469709
2015-05-06,12.761880874633787,156.06484985351562,47.43415069580078,2080.14990234375,2.25,0.65,15.149999618530272,-0.007481806185458866,-0.0036765934719661443,-0.005285548314915345,-0.004465681140931977,0.06000000000000005,0.030000000000000027,0.8399991989135724
2015-05-07,12.722712516784668,156.97142028808594,47.86457443237305,2088.0,2.18,0.63,15.130000114440918,0.009033209265501385,-0.0030738876692002755,0.005792127338364877,0.003766710469475405,-0.06999999999999984,-0.020000000000000018,-0.019999504089353692
2015-05-08,12.887229919433594,159.44459533691406,48.59923553466797,2116.10009765625,2.16,0.59,12.859999656677246,0.015232143682761285,0.012848108985792292,0.015632744824918436,0.013368147987361164,-0.020000000000000018,-0.040000000000000036,-2.270000457763672
2015-05-11,12.91856575012207,160.4228057861328,48.56953811645508,2105.330078125,2.28,0.62,13.850000381469728,-0.0006112543777525848,0.0024285898014089714,0.006116368816270785,-0.005102556456082039,0.11999999999999966,0.030000000000000027,0.9900007247924822
2015-05-12,12.87155818939209,159.4684600830078,48.50276947021485,2099.1201171875,2.28,0.61,13.859999656677246,-0.0013756478738298395,-0.0036453964235953254,-0.0059667057922413395,-0.002953996439367266,0.0,-0.010000000000000009,0.009999275207517755
2015-05-13,12.902898788452148,160.1841583251953,48.62149810791016,2098.47998046875,2.27,0.59,13.760000228881836,0.002444882207034369,0.002431912690398077,0.00447798264067086,-0.0003050012906516677,-0.009999999999999787,-0.020000000000000018,-0.09999942779541016
2015-05-14,12.942066192626951,161.13052368164062,49.01480865478516,2121.10009765625,2.23,0.56,12.739999771118164,0.008056688897884717,0.0030309527746176343,0.005890599751249034,0.010721604261760033,-0.040000000000000036,-0.029999999999999916,-1.0200004577636719
2015-05-15,12.808887481689451,161.4088134765625,48.88865280151367,2122.72998046875,2.14,0.55,12.380000114440918,-0.0025771493922488974,-0.010343686687455327,0.0017256181303679351,0.0007681188278664758,-0.08999999999999986,-0.010000000000000009,-0.3599996566772461
2015-05-18,12.934232711791992,162.7528076171875,49.28937911987305,2129.199951171875,2.23,0.58,12.729999542236328,0.008163303661022355,0.00973823062102235,0.008292171276658324,0.003043312472570502,0.08999999999999986,0.029999999999999916,0.34999942779541016
2015-05-19,13.137925148010254,163.3412322998047,49.72721862792969,2127.830078125,2.27,0.63,12.850000381469728,0.008843817536541293,0.015625601973513713,0.0036089302424679144,-0.0006435815978420154,0.040000000000000036,0.050000000000000044,0.12000083923340021
2015-05-20,13.114418983459473,163.0868377685547,49.33390808105469,2125.85009765625,2.26,0.6,12.880000114440918,-0.007940806382253376,-0.0017907864314837872,-0.0015586562926349287,-0.0009309494507940488,-0.010000000000000231,-0.030000000000000027,0.02999973297118963
2015-05-21,13.106584548950195,162.98342895507812,49.460052490234375,2130.820068359375,2.19,0.6,12.109999656677246,0.0025536880392808777,-0.0005975694052080168,-0.0006342732073207871,0.0023351459087448084,-0.06999999999999984,0.0,-0.7700004577636719
2015-05-22,13.122254371643066,165.2498321533203,49.32648849487305,2126.06005859375,2.21,0.64,12.130000114440918,-0.0027040946148295343,0.0011948546105755996,0.013809930231172867,-0.0022363851494835974,0.020000000000000018,0.040000000000000036,0.020000457763671875
2015-05-26,12.926401138305664,164.12060546875,48.77734375,2104.199951171875,2.14,0.64,14.0600004196167,-0.011195291108659062,-0.015037776058462014,-0.006856906267235804,-0.010335204907502334,-0.06999999999999984,0.0,1.9300003051757812
2015-05-27,13.114418983459473,166.25184631347656,49.32648849487305,2123.47998046875,2.14,0.64,13.270000457763672,0.011195291108659081,0.014440490853094333,0.012902228368868233,0.009120918929110081,0.0,0.0,-0.7899999618530273
2015-05-28,13.059579849243164,166.30767822265625,49.12610626220703,2120.7900390625,2.13,0.62,13.3100004196167,-0.004070639475914038,-0.004190358134469998,0.0003357709257138434,-0.0012675639174870542,-0.010000000000000231,-0.020000000000000018,0.039999961853027344
2015-05-29,12.926401138305664,164.48094177246094,48.8144416809082,2107.389892578125,2.12,0.61,13.84000015258789,-0.006364384105487309,-0.010250132718624391,-0.011044848037880342,-0.006338515184097658,-0.009999999999999787,-0.010000000000000009,0.5299997329711914
2015-06-01,12.965569496154783,165.77325439453125,49.03707504272461,2111.72998046875,2.19,0.64,13.970000267028809,0.004550440369940377,0.0030255238799972465,0.007826209224247092,0.002057343499147661,0.06999999999999984,0.030000000000000027,0.13000011444091797
2015-06-02,13.098749160766602,164.67234802246094,48.99253463745117,2109.60009765625,2.27,0.64,14.239999771118164,-0.0009087133669862873,0.010219398053447858,-0.006663187146027894,-0.0010091051653478204,0.08000000000000007,0.0,0.26999950408935547
2015-06-03,13.303048133850098,166.1561279296875,49.497161865234375,2114.070068359375,2.38,0.69,13.65999984741211,0.010247399709204501,0.015476450228264453,0.008970145947213728,0.0021166294697559994,0.10999999999999988,0.04999999999999993,-0.5799999237060547
2015-06-04,13.185188293457031,166.61883544921875,49.22258758544922,2095.840087890625,2.31,0.66,14.710000038146973,-0.005562716464414403,-0.008899091378152792,0.002780905228122729,-0.008660562215101069,-0.06999999999999984,-0.029999999999999916,1.0500001907348633
2015-06-05,13.507349967956545,167.87916564941406,50.0314826965332,2092.830078125,2.41,0.73,14.210000038146973,0.016299845799361765,0.02413987877303437,0.007535687269902737,-0.0014372152327325357,0.10000000000000009,0.06999999999999995,-0.5
2015-06-08,13.420917510986328,167.35264587402344,49.638145446777344,2079.280029296875,2.39,0.7,15.289999961853027,-0.007892861628306696,-0.006419481227983608,-0.0031412305767949704,-0.006495560338305542,-0.020000000000000018,-0.030000000000000027,1.0799999237060547
2015-06-09,13.601645469665527,166.7384490966797,49.85337066650391,2080.14990234375,2.42,0.72,14.470000267028809,0.004326510718951063,0.01337627770739605,-0.003676826341893107,0.00041826551900276467,0.029999999999999805,0.020000000000000018,-0.8199996948242188
2015-06-10,13.821657180786133,170.0170440673828,50.654815673828125,2105.199951171875,2.5,0.75,13.220000267028809,0.01594819334398505,0.01604594708986757,0.019472279632669114,0.011970491752514406,0.08000000000000007,0.030000000000000027,-1.25
2015-06-11,13.74307918548584,170.6632080078125,50.84775924682617,2108.860107421875,2.39,0.73,12.850000381469728,0.00380175193660612,-0.005701357495847151,0.0037933793422838887,0.0017371167565281324,-0.10999999999999988,-0.020000000000000018,-0.36999988555908025
2015-06-12,13.74307918548584,169.96124267578125,50.64738845825195,2094.110107421875,2.39,0.74,13.779999732971191,-0.003948386763619291,0.0,-0.00412164378903539,-0.007018874653102703,0.0,0.010000000000000009,0.9299993515014631
2015-06-15,13.72736930847168,168.92417907714844,50.45446014404297,2084.429931640625,2.36,0.72,15.390000343322754,-0.0038165187097161488,-0.0011437657255763307,-0.006120457059691875,-0.004633289621771348,-0.03000000000000025,-0.020000000000000018,1.6100006103515625
2015-06-16,13.790221214294434,170.3600616455078,50.73645782470703,2096.2900390625,2.32,0.71,14.8100004196167,0.0055735913132124145,0.004568133613978188,0.008464237171204057,0.005673730515753803,-0.040000000000000036,-0.010000000000000009,-0.5799999237060547
2015-06-17,13.648784637451172,169.8574981689453,50.565765380859375,2100.43994140625,2.32,0.67,14.5,-0.003369967607579452,-0.010309253204735207,-0.0029543674487567018,0.0019776843950728407,0.0,-0.039999999999999925,-0.3100004196166992
2015-06-18,13.656643867492676,171.18971252441406,51.04069900512695,2121.239990234375,2.35,0.66,13.1899995803833,0.009348560370791664,0.0005756533179555926,0.007812532046819153,0.009854000054008836,0.03000000000000025,-0.010000000000000009,-1.3100004196166992
2015-06-19,13.491634368896484,170.0648956298828,50.521240234375,2109.989990234375,2.26,0.65,13.960000038146973,-0.010229487629301301,-0.012156316447898094,-0.0065922683015856584,-0.00531761523794962,-0.0900000000000003,-0.010000000000000009,0.7700004577636719
2015-06-22,13.72736930847168,172.71331787109375,51.17427062988281,2122.85009765625,2.37,0.68,12.739999771118164,0.012843032421501286,0.017321782720699723,0.01545299461397724,0.006076367981542122,0.11000000000000032,0.030000000000000027,-1.2200002670288086
2015-06-23,13.884517669677734,174.22105407714844,51.76051712036133,2124.199951171875,2.42,0.7,12.109999656677246,0.011390761899677592,0.011382782937412456,0.008691820817573703,0.0006356664251933869,0.04999999999999982,0.019999999999999907,-0.630000114440918
2015-06-24,13.74307918548584,171.0541229248047,51.21881103515625,2108.580078125,2.38,0.68,13.260000228881836,-0.010520773276257635,-0.010239017211836258,-0.018344903880673873,-0.007380465718305258,-0.040000000000000036,-0.019999999999999907,1.1500005722045898
2015-06-25,13.648784637451172,169.7698211669922,50.9442253112793,2102.31005859375,2.4,0.68,14.010000228881836,-0.005375454663206854,-0.006884885316333347,-0.007536488318704139,-0.0029780041565964136,0.020000000000000018,0.0,0.75
2015-06-26,13.680213928222656,170.04898071289062,51.1668586730957,2101.489990234375,2.49,0.72,14.020000457763672,0.004360617984062908,0.002300069982577508,0.0016429909537172367,-0.00039015574492238484,0.0900000000000003,0.039999999999999925,0.010000228881835938
2015-06-29,13.271617889404297,165.64556884765625,49.868202209472656,2057.639892578125,2.33,0.64,18.850000381469727,-0.025708461551865198,-0.03032278835846655,-0.02623613909316268,-0.02108696950861153,-0.16000000000000014,-0.07999999999999996,4.829999923706055
2015-06-30,13.373771667480469,166.55494689941406,50.28376770019531,2063.110107421875,2.35,0.64,18.229999542236328,0.00829874591715134,0.007667688877685275,0.005474888088097707,0.0026549623524674106,0.020000000000000018,0.0,-0.6200008392333984
2015-07-01,13.530923843383787,167.47232055664062,50.84396362304688,2077.419921875,2.43,0.69,16.09000015258789,0.011079090684070567,0.011682270339774639,0.005492820815048939,0.006912096434637041,0.08000000000000007,0.04999999999999993,-2.1399993896484375
2015-07-02,13.381628036499023,166.88206481933594,50.43316650390625,2076.780029296875,2.4,0.64,16.790000915527344,-0.008112381769276986,-0.011094996792657076,-0.0035307229472608366,-0.00030807018954653404,-0.03000000000000025,-0.04999999999999993,0.7000007629394531
2015-07-06,13.31091022491455,165.95672607421875,50.29125595092773,2068.760009765625,2.3,0.6,17.010000228881836,-0.00281780016042487,-0.00529870755262783,-0.005560296182315268,-0.003869232698897424,-0.10000000000000009,-0.040000000000000036,0.2199993133544922
2015-07-07,13.11446475982666,166.09230041503906,49.89537811279297,2081.340087890625,2.27,0.58,16.09000015258789,-0.007902848562823903,-0.014868215425784283,0.0008165923555772793,0.006062560593868743,-0.029999999999999805,-0.020000000000000018,-0.9200000762939453
2015-07-08,12.76872730255127,162.7817840576172,48.872047424316406,2046.6800537109373,2.22,0.55,19.65999984741211,-0.02072276975252594,-0.02671679918378482,-0.020133104657516717,-0.01679296491214163,-0.04999999999999982,-0.029999999999999916,3.5699996948242188
2015-07-09,12.949453353881836,163.38011169433594,49.37998580932617,2051.31005859375,2.32,0.6,19.96999931335449,0.010339590814989297,0.01405457319489297,0.003668903790897886,0.0022596476448199895,0.09999999999999964,0.04999999999999993,0.30999946594237926
2015-07-10,13.122325897216797,165.27865600585938,50.08211135864258,2076.6201171875,2.42,0.65,16.829999923706055,0.014118689080409568,0.013261471356066043,0.01155341415731033,0.012262986385007718,0.10000000000000009,0.050000000000000044,-3.139999389648434
2015-07-13,13.373771667480469,167.6159210205078,50.85890579223633,2099.60009765625,2.44,0.69,13.899999618530272,0.015391360029552893,0.018980404064120125,0.014042303973752977,0.011005268507355188,0.020000000000000018,0.039999999999999925,-2.930000305175783
2015-07-14,13.46020221710205,169.24325561523438,51.56851577758789,2108.949951171875,2.41,0.66,13.369999885559082,0.01385608126547129,0.006441897043251634,0.009661884651857824,0.00444327323650017,-0.029999999999999805,-0.029999999999999916,-0.5299997329711896
2015-07-15,13.892374038696287,169.8814697265625,51.6805534362793,2107.39990234375,2.36,0.64,13.229999542236328,0.002170241407864351,0.031602711611776454,0.0037638946210393205,-0.0007352563007372865,-0.050000000000000266,-0.020000000000000018,-0.1400003433227539
2015-07-16,14.104537010192873,168.46151733398438,51.9569206237793,2124.2900390625,2.36,0.67,12.109999656677246,0.005333357361412191,0.01515646012423871,-0.008393617030697952,0.007982733444475738,0.0,0.030000000000000027,-1.119999885559082
2015-07-17,14.22240161895752,169.4825897216797,51.69547653198242,2126.639892578125,2.34,0.68,11.949999809265137,-0.005044642544033883,0.00832178093820563,0.006042866104294204,0.00110557162445071,-0.020000000000000018,0.010000000000000009,-0.15999984741210938
2015-07-20,14.238118171691896,169.42669677734375,51.73283767700195,2128.280029296875,2.38,0.71,12.25,0.0007224549086060213,0.0011044460500070046,-0.00032984014938070835,0.0007709366240016023,0.040000000000000036,0.029999999999999916,0.3000001907348633
2015-07-21,14.206683158874512,168.716796875,51.61333084106445,2119.2099609375,2.35,0.71,12.220000267028809,-0.002312749295294369,-0.0022102475070396774,-0.004198814755473411,-0.004270796242723094,-0.029999999999999805,0.0,-0.029999732971191406
2015-07-22,14.497421264648438,170.11279296875,52.345333099365234,2114.14990234375,2.33,0.75,12.119999885559082,0.014082796534442204,0.02025829091333057,0.00824015395710865,-0.00239056502019028,-0.020000000000000018,0.040000000000000036,-0.10000038146972656
2015-07-23,14.285259246826172,168.35780334472656,52.01668167114258,2102.14990234375,2.28,0.71,12.640000343322754,-0.006298316784674359,-0.014742606089791348,-0.010370208643951774,-0.0056922102113794535,-0.050000000000000266,-0.040000000000000036,0.5200004577636719
2015-07-24,14.065244674682615,165.40628051757812,51.47139358520508,2079.64990234375,2.27,0.7,13.739999771118164,-0.010538279526538671,-0.015521345916869702,-0.017686742887894753,-0.010761020696661188,-0.009999999999999787,-0.010000000000000009,1.0999994277954102
2015-07-27,13.884517669677734,163.5476531982422,50.79917144775391,2067.639892578125,2.23,0.68,15.600000381469728,-0.013146144609417596,-0.012932455140735889,-0.011300348817011384,-0.005791755065064178,-0.040000000000000036,-0.019999999999999907,1.8600006103515643
2015-07-28,14.049530982971191,164.52081298828125,50.829044342041016,2093.25,2.26,0.69,13.4399995803833,0.0005878858526701512,0.011814630581934708,0.005932680185227383,0.012310073801889353,0.029999999999999805,0.009999999999999898,-2.1600008010864276
2015-07-29,14.269543647766112,164.99942016601562,51.49380493164063,2108.570068359375,2.29,0.7,12.5,0.012993577623943259,0.015538437915558818,0.0029048748218304414,0.007292142927383681,0.03000000000000025,0.010000000000000009,-0.9399995803833008
2015-07-30,14.245969772338867,165.2865753173828,51.56851577758789,2108.6298828125,2.28,0.72,12.130000114440918,0.001449819071020901,-0.0016534074242590588,0.0017388277289720976,2.836690402236809e-05,-0.010000000000000231,0.020000000000000018,-0.36999988555908203
2015-07-31,14.049530982971191,163.58746337890625,51.18756866455078,2103.840087890625,2.2,0.67,12.119999885559082,-0.007414623871081309,-0.013885030491299858,-0.010332995958864966,-0.002274103801051709,-0.07999999999999963,-0.04999999999999993,-0.010000228881835938
2015-08-03,13.963093757629396,163.2843017578125,51.18756866455078,2098.0400390625,2.16,0.68,12.5600004196167,0.0,-0.006171324570543704,-0.0018549274691399067,-0.0027606939449045503,-0.040000000000000036,0.010000000000000009,0.4400005340576172
2015-08-04,13.986663818359377,163.66722106933594,51.135292053222656,2093.320068359375,2.23,0.74,13.0,-0.0010217973874026868,0.0016866025584113457,0.002342362459678281,-0.0022522391669328678,0.06999999999999984,0.05999999999999994,0.4399995803833008
2015-08-05,14.04167366027832,164.09002685546875,51.336952209472656,2099.840087890625,2.28,0.73,12.510000228881836,0.003935903190819646,0.003925306850157869,0.0025799949403971442,0.003109838185490679,0.04999999999999982,-0.010000000000000009,-0.48999977111816406
2015-08-06,13.994528770446776,163.60340881347656,50.978424072265625,2083.56005859375,2.23,0.71,13.770000457763672,-0.007008323044073562,-0.0033631469443881337,-0.002969961230319908,-0.007783195922562142,-0.04999999999999982,-0.020000000000000018,1.260000228881836
2015-08-07,13.947382926940918,162.2871856689453,50.829044342041016,2077.570068359375,2.18,0.73,13.390000343322754,-0.0029345555832263922,-0.003374564257206561,-0.008077743413064851,-0.0028790228563377145,-0.04999999999999982,0.020000000000000018,-0.38000011444091797
2015-08-10,14.175248146057127,164.30543518066406,51.45647048950195,2104.179931640625,2.24,0.73,12.229999542236328,0.012268286824621145,0.016205468491210618,0.01235958852115561,0.012726835632025084,0.06000000000000005,0.0,-1.1600008010864258
2015-08-11,13.978811264038086,160.89918518066406,50.96348571777344,2084.070068359375,2.15,0.68,13.710000038146973,-0.009626807065261093,-0.01395465334965032,-0.020949115477434624,-0.00960306468018227,-0.0900000000000003,-0.04999999999999993,1.4800004959106445
2015-08-12,13.766654014587402,160.44442749023438,50.2240104675293,2086.050048828125,2.14,0.67,13.609999656677246,-0.014616201463416767,-0.015293409744401461,-0.0028303534041628268,0.0009496036382146948,-0.009999999999999787,-0.010000000000000009,-0.10000038146972656
2015-08-13,13.845232009887695,160.13339233398438,50.45558547973633,2083.389892578125,2.19,0.72,13.489999771118164,0.0046002453310534834,0.005691621887435675,-0.0019404664615814762,-0.0012760258683812036,0.04999999999999982,0.04999999999999993,-0.11999988555908203
2015-08-14,13.908092498779297,161.15444946289062,50.70952606201172,2091.5400390625,2.2,0.73,12.829999923706056,0.005020329869831673,0.004529950735505348,0.006356048586821257,0.0039043322743591373,0.010000000000000231,0.010000000000000009,-0.6599998474121076
2015-08-17,13.963093757629396,161.5932159423828,50.84396362304688,2102.43994140625,2.16,0.72,13.020000457763672,0.0026476222527644167,0.003946823772925572,0.0027189460797231585,0.005197891709402951,-0.040000000000000036,-0.010000000000000009,0.1900005340576154
2015-08-18,13.90023422241211,160.48435974121094,50.94854736328125,2096.919921875,2.2,0.74,13.789999961853027,0.002054842267281055,-0.004511998129164249,-0.006885673924690161,-0.0026289829356331003,0.040000000000000036,0.020000000000000018,0.7699995040893555
2015-08-19,13.719508171081545,160.30087280273438,50.49291610717773,2079.610107421875,2.12,0.67,15.25,-0.008983196900935107,-0.013086916461532375,-0.0011439863177758753,-0.008289136409597112,-0.08000000000000007,-0.06999999999999995,1.4600000381469727
2015-08-20,13.138035774230955,156.95046997070312,49.25300216674805,2035.72998046875,2.09,0.69,19.13999938964844,-0.024862727875729077,-0.043307256641150246,-0.02112222672768098,-0.021325960454146156,-0.03000000000000025,0.019999999999999907,3.889999389648441
2015-08-21,12.650866508483888,149.76307678222656,47.50515365600586,1970.8900146484373,2.05,0.64,28.030000686645508,-0.036132120284433834,-0.037785805903260694,-0.04687572040972134,-0.0323692425218784,-0.040000000000000036,-0.04999999999999993,8.890001296997067
2015-08-24,12.01439094543457,143.15802001953125,45.00293350219727,1893.2099609375,2.01,0.59,40.7400016784668,-0.05411052659295643,-0.05162053480152882,-0.045105502011705656,-0.04021144434651916,-0.040000000000000036,-0.050000000000000044,12.710000991821289
2015-08-25,11.990818977355955,142.16879272460938,44.74898910522461,1867.6099853515625,2.12,0.67,36.02000045776367,-0.005658821945003106,-0.0019639049798525067,-0.0069340224212630685,-0.013614249742655897,0.11000000000000032,0.08000000000000007,-4.720001220703125
2015-08-26,12.619430541992188,147.0987091064453,46.98979187011719,1940.510009765625,2.18,0.67,30.31999969482422,0.048861529228817875,0.05109646089892251,0.03408881911149919,0.03829129943453164,0.06000000000000005,0.0,-5.700000762939453
2015-08-27,12.91802215576172,150.9357452392578,48.1624755859375,1987.6600341796875,2.18,0.68,26.100000381469727,0.024649819174802506,0.023385670077024537,0.025750366085377376,0.02400725448969004,0.0,0.010000000000000009,-4.219999313354492
2015-08-28,12.855165481567385,150.28729248046875,47.90103912353516,1988.8699951171875,2.19,0.72,26.049999237060547,-0.005443005258394124,-0.004877689147484506,-0.004305472552166344,0.0006085511568762156,0.009999999999999787,0.039999999999999925,-0.05000114440917969
2015-08-31,12.839447975158691,150.96774291992188,47.87863540649414,1972.1800537109373,2.21,0.74,28.43000030517578,-0.00046781778199910987,-0.0012234088203403057,0.004517445464297811,-0.008427078663984167,0.020000000000000018,0.020000000000000018,2.3800010681152344
2015-09-01,12.242264747619627,145.78070068359375,45.89925765991211,1913.8499755859373,2.17,0.7,31.399999618530277,-0.04222043605250333,-0.047628016379887214,-0.03496274855959454,-0.030022649842427997,-0.040000000000000036,-0.040000000000000036,2.9699993133544957
2015-09-02,12.494521141052246,147.69384765625,46.73582077026367,1948.8599853515625,2.2,0.72,26.09000015258789,0.0180619667493983,0.020395951138259046,0.013038091957322497,0.01812767142321464,0.03000000000000025,0.020000000000000018,-5.309999465942386
2015-09-03,12.565464973449709,148.1340789794922,46.8179931640625,1951.1300048828125,2.18,0.71,25.61000061035156,0.0017566876533368077,0.005661936251427601,0.0029762683545062783,0.0011641156994188924,-0.020000000000000018,-0.010000000000000009,-0.4799995422363317
2015-09-04,12.336857795715332,144.3878936767578,45.93660354614258,1921.219970703125,2.13,0.71,27.799999237060547,-0.019005336210937793,-0.018360825385917746,-0.025614418559189715,-0.015448308754276238,-0.050000000000000266,0.0,2.189998626708988
2015-09-08,12.7388916015625,148.79046630859375,47.17650604248047,1969.4100341796875,2.2,0.74,24.899999618530277,0.02663375319306808,0.032068294539356404,0.030035665699185903,0.024773637197038505,0.07000000000000028,0.030000000000000027,-2.89999961853027
2015-09-09,12.533934593200684,148.63037109375,46.44451904296875,1942.0400390625,2.21,0.75,26.229999542236328,-0.01563755395834683,-0.016219911473123422,-0.0010765569198460197,-0.013995035769084717,0.009999999999999787,0.010000000000000009,1.3299999237060511
2015-09-10,12.644292831420898,148.81451416015625,46.80304336547852,1952.2900390625,2.23,0.75,24.3700008392334,0.007689768610617863,0.00876622036012369,0.0012381661212576176,0.005264075444935658,0.020000000000000018,0.0,-1.8599987030029297
2015-09-11,12.644292831420898,148.30215454101562,46.72835540771485,1961.050048828125,2.2,0.71,23.200000762939453,-0.0015970673938034198,0.0,-0.003448881742297214,0.004477006444986281,-0.029999999999999805,-0.040000000000000036,-1.1700000762939453
2015-09-14,12.581232070922852,147.23756408691406,46.59391403198242,1953.030029296875,2.18,0.73,24.25,-0.0028812301617798,-0.0049997684572700846,-0.007204412751760613,-0.00409804122304381,-0.020000000000000018,0.020000000000000018,1.0499992370605469
2015-09-15,12.857134819030762,150.04718017578125,47.49022674560547,1978.0899658203125,2.28,0.82,22.540000915527344,0.0190540047159003,0.021692710746571503,0.01890241459887638,0.01274968763143236,0.09999999999999964,0.08999999999999997,-1.7099990844726562
2015-09-16,12.872905731201172,150.99974060058594,47.90852737426758,1995.31005859375,2.3,0.82,21.350000381469727,0.00876957594086232,0.0012258755764202101,0.00632833979067786,0.0086677407153759,0.020000000000000018,0.0,-1.1900005340576172
2015-09-17,12.502401351928713,149.24671936035156,46.79558181762695,1990.199951171875,2.21,0.7,21.13999938964844,-0.023504720226517194,-0.029204037652536333,-0.01167734774057053,-0.002564344442560099,-0.08999999999999986,-0.12,-0.2100009918212855
2015-09-18,12.265913963317873,144.83612060546875,45.518310546875,1958.030029296875,2.13,0.69,22.280000686645508,-0.02767411825537087,-0.019096541074116603,-0.029997870657022797,-0.01629623095438354,-0.08000000000000007,-0.010000000000000009,1.1400012969970668
2015-09-21,12.376276016235352,146.76527404785156,45.89925765991211,1966.969970703125,2.2,0.72,20.13999938964844,0.0083342693435723,0.008957222624064886,0.01323163485089488,0.004555392033672697,0.07000000000000028,0.030000000000000027,-2.1400012969970668
2015-09-22,12.27379322052002,143.85958862304688,45.495906829833984,1942.739990234375,2.14,0.69,22.440000534057617,-0.008826581822638782,-0.00831505868837595,-0.019996790519243367,-0.012394930019378313,-0.06000000000000005,-0.030000000000000027,2.300001144409176
2015-09-23,12.392040252685549,143.6114501953125,45.29423522949219,1938.760009765625,2.16,0.7,22.1299991607666,-0.004442595362466733,0.00958799451555864,-0.0017263546991140562,-0.002050744229593947,0.020000000000000018,0.010000000000000009,-0.3100013732910156
2015-09-24,12.258028984069824,141.61026000976562,44.98052978515625,1932.239990234375,2.13,0.67,23.46999931335449,-0.006950042063893914,-0.010873201826178779,-0.014032753840706451,-0.00336865187130644,-0.03000000000000025,-0.029999999999999916,1.340000152587887
2015-09-25,12.52605152130127,143.94766235351562,45.9141960144043,1931.3399658203125,2.17,0.7,23.6200008392334,0.020544625908398204,0.02162944768041827,0.016371141300768433,-0.00046590180122054944,0.040000000000000036,0.029999999999999916,0.1500015258789098
2015-09-28,12.194968223571776,138.4964599609375,44.80126953125,1881.77001953125,2.1,0.67,27.6299991607666,-0.024537873837900546,-0.026787171272196847,-0.03860501217963266,-0.026001211162809106,-0.06999999999999984,-0.029999999999999916,4.009998321533203
2015-09-29,12.100370407104492,137.56797790527344,44.696685791015625,1884.0899658203125,2.05,0.64,26.82999992370605,-0.002337121277508564,-0.007787361679768535,-0.0067265857475415965,0.001232093912981713,-0.050000000000000266,-0.030000000000000027,-0.7999992370605504
2015-09-30,12.281679153442385,139.08877563476562,45.54072570800781,1920.030029296875,2.06,0.64,24.5,0.018707640632794037,0.014872587959211992,0.01099422319252662,0.01889589860356512,0.010000000000000231,0.0,-2.329999923706051
2015-10-01,12.258028984069824,140.8978729248047,45.8768424987793,1923.8199462890625,2.05,0.64,22.549999237060547,0.007353472903498853,-0.0019275026876649423,0.012922919547478848,0.001971938678337173,-0.010000000000000231,0.0,-1.9500007629394531
2015-10-02,12.12402057647705,141.6903076171875,45.74895095825195,1951.3599853515625,1.99,0.58,20.940000534057617,-0.0027916074449707115,-0.010992493199971667,0.005608421187261957,0.014213793016405511,-0.05999999999999983,-0.06000000000000005,-1.6099987030029297
2015-10-05,12.368391036987305,144.64402770996094,46.65925979614258,1987.050048828125,2.07,0.61,19.540000915527344,0.0197025411056059,0.019955451814878435,0.020631999070606942,0.018124593518502156,0.07999999999999985,0.030000000000000027,-1.3999996185302734
2015-10-06,12.368391036987305,144.33987426757812,46.68183898925781,1979.9200439453125,2.05,0.61,19.399999618530277,0.00048379960916383047,0.0,-0.0021049861435828683,-0.0035946893441432997,-0.020000000000000018,0.0,-0.14000129699706676
2015-10-07,12.415689468383787,145.86878967285156,46.74202346801758,1995.8299560546875,2.08,0.65,18.399999618530277,0.0012884178731726477,0.003816844349557397,0.010536760205058674,0.008003519857552759,0.03000000000000025,0.040000000000000036,-1.0
2015-10-08,12.415689468383787,144.94020080566406,46.74202346801758,2013.4300537109373,2.12,0.65,17.420000076293945,0.0,0.0,-0.006386267643606833,0.008779780144558488,0.040000000000000036,0.0,-0.9799995422363317
2015-10-09,12.281679153442385,143.43531799316406,46.59156036376953,2014.8900146484373,2.12,0.65,17.079999923706055,-0.003224203516367458,-0.010852300276799074,-0.010437061229046593,0.0007248485605153577,0.0,0.0,-0.3400001525878906
2015-10-13,12.234379768371582,144.86021423339844,46.30566787719727,2003.68994140625,2.06,0.64,17.670000076293945,-0.006155046701866766,-0.0038586498677499847,0.009885049774639606,-0.005574159212794213,-0.06000000000000005,-0.010000000000000009,0.5900001525878906
2015-10-14,12.328978538513184,143.6914825439453,45.13204574584961,1994.239990234375,1.99,0.57,18.030000686645508,-0.025671827077179233,0.007702467769728421,-0.008100718822129708,-0.0047274309119391435,-0.07000000000000006,-0.07000000000000006,0.3600006103515625
2015-10-15,12.762542724609377,148.05406188964844,46.56147003173828,2023.8599853515625,2.04,0.61,16.049999237060547,0.031180832894491688,0.03456206100016901,0.029908971259100314,0.014743551351355088,0.050000000000000044,0.040000000000000036,-1.980001449584961
2015-10-16,12.707361221313477,148.2301788330078,46.967716217041016,2033.1099853515625,2.04,0.61,15.050000190734863,0.008687100923215294,-0.0043330818798411495,0.0011888378786026404,0.004560061373697022,0.0,0.0,-0.9999990463256836
2015-10-19,12.723124504089355,148.6784210205078,46.80973434448242,2033.6600341796875,2.04,0.61,14.979999542236328,-0.003369296586024639,0.0012397155889954982,0.0030193974055595656,0.0002705089438730595,0.0,0.0,-0.07000064849853516
2015-10-20,12.770424842834473,148.49423217773438,47.035423278808594,2030.77001953125,2.08,0.66,15.75,0.004809824505391223,0.0037107734492309082,-0.0012396084523726245,-0.0014221010558937615,0.040000000000000036,0.050000000000000044,0.7700004577636719
2015-10-21,12.533934593200684,143.8435821533203,46.689361572265625,2018.93994140625,2.04,0.64,16.700000762939453,-0.007384669482035386,-0.018692204872458772,-0.03181964278570429,-0.005842448911134253,-0.040000000000000036,-0.020000000000000018,0.9500007629394531
2015-10-22,12.7388916015625,146.9333953857422,47.53948211669922,2052.510009765625,2.04,0.61,14.449999809265137,0.018044233108035417,0.016219911473123547,0.021252917338504075,0.016490847012594123,0.0,-0.030000000000000027,-2.2500009536743164
2015-10-23,13.022679328918455,148.4862823486328,48.051063537597656,2075.14990234375,2.09,0.66,14.460000038146973,0.01070370090844206,0.02203275632872392,0.010513187731999284,0.010969953969042788,0.04999999999999982,0.050000000000000044,0.010000228881835938
2015-10-26,13.014796257019045,149.69500732421875,48.07363510131836,2071.179931640625,2.07,0.66,15.289999961853027,0.000469630895184217,-0.0006055173908279489,0.008107360442532916,-0.0019149330011001104,-0.020000000000000018,0.0,0.8299999237060547
2015-10-27,12.928081512451172,149.13470458984375,47.87802505493164,2065.889892578125,2.05,0.65,15.43000030517578,-0.00407726801297845,-0.006685076981835631,-0.0037499844803605717,-0.00255738586508774,-0.020000000000000018,-0.010000000000000009,0.14000034332275213
2015-10-28,13.621783256530762,153.14501953125,49.27735900878906,2090.35009765625,2.1,0.73,14.329999923706056,0.0288080942161437,0.0522684145435621,0.0265353573677728,0.011770488488143476,0.050000000000000266,0.07999999999999996,-1.100000381469723
2015-10-29,13.47200870513916,152.00030517578125,49.0591926574707,2089.409912109375,2.19,0.75,14.609999656677246,-0.0044371437794845665,-0.011056117746500874,-0.007502783969543698,-0.00044987538066072313,0.08999999999999986,0.020000000000000018,0.27999973297118963
2015-10-30,13.227639198303224,150.0872344970703,48.336952209472656,2079.360107421875,2.16,0.75,15.06999969482422,-0.014831258218238599,-0.01830558452205351,-0.01266584021201393,-0.004821481688425431,-0.029999999999999805,0.0,0.46000003814697443
2015-11-02,13.448357582092283,151.8322296142578,49.30746078491211,2104.050048828125,2.2,0.77,14.149999618530272,0.019879079729274926,0.01654846659284778,0.011559470357422386,0.011803876338814608,0.040000000000000036,0.020000000000000018,-0.9200000762939489
2015-11-03,13.542957305908203,152.64068603515625,49.48800659179688,2109.7900390625,2.23,0.8,14.539999961853027,0.0036549451643012264,0.0070096704483184336,0.005310543429926142,0.0027243529250675206,0.029999999999999805,0.030000000000000027,0.3900003433227557
2015-11-04,13.40894603729248,153.40914916992188,49.54068374633789,2102.31005859375,2.25,0.84,15.510000228881836,0.0010638767276355567,-0.009944557259578945,0.005021827567549346,-0.003551666939647187,0.020000000000000018,0.039999999999999925,0.9700002670288086
2015-11-05,13.64543628692627,153.70533752441406,49.98455047607422,2099.929931640625,2.26,0.85,15.050000190734863,0.008919741331991292,0.017483028848841245,0.0019288471182832938,-0.0011327897564983025,0.009999999999999787,0.010000000000000009,-0.46000003814697266
2015-11-06,14.149947166442873,159.4286346435547,51.50425720214844,2099.199951171875,2.34,0.9,14.329999923706056,0.02995050117035096,0.03630576248852946,0.03655901355478497,-0.00034768178002366065,0.08000000000000007,0.050000000000000044,-0.7200002670288068
2015-11-09,13.93710231781006,157.49949645996094,50.69925308227539,2078.580078125,2.36,0.89,16.520000457763672,-0.015753289988990504,-0.01515637470002384,-0.012174129214651929,-0.009871290656502512,0.020000000000000018,-0.010000000000000009,2.1900005340576154
2015-11-10,14.071111679077148,158.3400115966797,50.91743469238281,2081.719970703125,2.32,0.87,15.289999961853027,0.004294214861021111,0.009569363038555318,0.005322431801424877,0.0015094551534496445,-0.040000000000000036,-0.020000000000000018,-1.2300004959106445
2015-11-12,13.69272804260254,154.30563354492188,49.65352249145508,2045.969970703125,2.32,0.89,18.3700008392334,-0.025136058815735683,-0.027258986500559728,-0.025809423943260176,-0.017322470658201684,0.0,0.020000000000000018,3.080000877380371
2015-11-13,13.558721542358398,152.40052795410156,49.32249069213867,2023.0400390625,2.28,0.86,20.07999992370605,-0.0066891567562182425,-0.00983489556948127,-0.012423161526824949,-0.011270640432155438,-0.040000000000000036,-0.030000000000000027,1.7099990844726527
2015-11-16,13.740032196044922,153.81739807128906,50.037208557128906,2053.18994140625,2.27,0.88,18.15999984741211,0.014386722140010192,0.01328363349569367,0.009254064561295662,0.014793302794234362,-0.009999999999999787,0.020000000000000018,-1.9200000762939418
2015-11-17,13.732149124145508,152.5446319580078,49.7513313293457,2050.43994140625,2.25,0.86,18.84000015258789,-0.005729676177267201,-0.00057389488107237,-0.00830895026812633,-0.0013402770182465746,-0.020000000000000018,-0.020000000000000018,0.6800003051757812
2015-11-18,14.063225746154783,155.01809692382812,50.7443962097168,2083.580078125,2.27,0.9,16.850000381469727,0.019763968676836705,0.0238235521033154,0.016084642645793536,0.016033229877172244,0.020000000000000018,0.040000000000000036,-1.989999771118164
2015-11-19,13.944987297058104,154.5137481689453,50.90238571166992,2081.239990234375,2.24,0.91,16.989999771118164,0.00310860070910232,-0.008443177101026617,-0.0032587871601213662,-0.0011237403289792015,-0.029999999999999805,0.010000000000000009,0.1399993896484375
2015-11-20,13.913454055786133,153.2650604248047,50.81209945678711,2089.169921875,2.26,0.93,15.470000267028809,-0.001775288513643503,-0.0022638204585530043,-0.008114233732036031,0.0038029552801494165,0.019999999999999574,0.020000000000000018,-1.5199995040893555
2015-11-23,13.771565437316896,151.43997192382812,50.3155632019043,2086.590087890625,2.25,0.94,15.619999885559082,-0.009820067666136441,-0.010250298782650153,-0.011979522052748989,-0.0012356238416840882,-0.009999999999999787,0.009999999999999898,0.14999961853027344
2015-11-24,13.771565437316896,151.02378845214844,50.24034118652344,2089.139892578125,2.24,0.93,15.93000030517578,-0.0014961235716525283,0.0,-0.002751957681265182,0.0012212499449607925,-0.009999999999999787,-0.009999999999999898,0.31000041961669744
2015-11-25,13.74791145324707,151.4080047607422,50.300537109375,2088.8701171875,2.23,0.93,15.1899995803833,0.001197441897556316,-0.00171907264001412,0.002540847383916444,-0.00012914061496715576,-0.010000000000000231,0.0,-0.7400007247924787
2015-11-27,13.77944564819336,152.46461486816406,50.53374481201172,2090.110107421875,2.22,0.92,15.119999885559082,0.004625572057449706,0.0022911177868796978,0.006954324263098997,0.0005934415594808398,-0.009999999999999787,-0.010000000000000009,-0.06999969482421875
2015-11-30,13.740032196044922,152.62521362304688,50.16510009765625,2080.409912109375,2.21,0.94,16.1299991607666,-0.0073217594809252785,-0.002864406026878786,0.001052796617381543,-0.004651800139618441,-0.010000000000000231,0.019999999999999907,1.0099992752075195
2015-12-01,14.03958511352539,155.07501220703125,50.86476516723633,2102.6298828125,2.15,0.91,14.670000076293944,0.013850879706164825,0.021567217816173097,0.01592361748663762,0.01062393894673922,-0.06000000000000005,-0.029999999999999916,-1.459999084472658
2015-12-02,13.928912162780762,152.81800842285156,50.15006256103516,2079.510009765625,2.18,0.94,15.90999984741211,-0.014150685564724621,-0.00791415622419163,-0.014661223617707806,-0.011056592639448921,0.03000000000000025,0.029999999999999916,1.2399997711181658
2015-12-03,13.675945281982422,148.75379943847656,49.5030632019043,2049.6201171875,2.33,0.96,18.11000061035156,-0.012985211358702455,-0.018328220874075627,-0.026955139415345403,-0.014477826444150087,0.1499999999999999,0.020000000000000018,2.2000007629394496
2015-12-04,14.07119846343994,152.60110473632812,51.07541275024414,2091.68994140625,2.28,0.96,14.8100004196167,0.03126867140213936,0.028491575392962303,0.025534771706554982,0.02031785636385123,-0.050000000000000266,0.0,-3.3000001907348597
2015-12-07,13.865674018859863,148.98672485351562,50.40585708618164,2077.070068359375,2.23,0.94,15.84000015258789,-0.013195841576229984,-0.014713755278645057,-0.023970151216210482,-0.007014043960397749,-0.04999999999999982,-0.020000000000000018,1.0299997329711914
2015-12-08,13.588988304138184,146.92245483398438,49.62342834472656,2063.590087890625,2.24,0.94,17.600000381469727,-0.01564431248204554,-0.020156509606384057,-0.013952277577488353,-0.006511052625594547,0.010000000000000231,0.0,1.760000228881836
2015-12-09,13.517837524414062,145.14739990234375,49.24727630615234,2047.6199951171875,2.22,0.93,19.61000061035156,-0.007609005210168371,-0.005249669849060318,-0.01215515232283766,-0.007769086365692726,-0.020000000000000018,-0.009999999999999898,2.0100002288818324
2015-12-10,13.596894264221191,146.27186584472656,49.360107421875,2052.22998046875,2.24,0.95,19.34000015258789,0.002288493228400216,0.005831292335363619,0.007717207852770033,0.0022488565785946774,0.020000000000000018,0.019999999999999907,-0.2700004577636683
2015-12-11,13.225350379943848,141.81407165527344,48.20153427124024,2012.3699951171875,2.13,0.88,24.38999938964844,-0.02375170398534846,-0.027705932587332352,-0.03095013987858015,-0.01961386775581532,-0.11000000000000032,-0.06999999999999995,5.04999923706055
2015-12-14,13.280685424804688,141.68553161621094,48.35200500488281,2021.93994140625,2.23,0.97,22.729999542236328,0.003116837696167489,0.004175284878994009,-0.0009068093668381625,0.0047442880640680245,0.10000000000000009,0.08999999999999997,-1.659999847412113
2015-12-15,13.7708101272583,146.19154357910156,49.728763580322266,2043.4100341796875,2.28,0.98,20.950000762939453,0.028075820166044253,0.036240387751129824,0.03130766844613646,0.010562580105914385,0.04999999999999982,0.010000000000000009,-1.779998779296875
2015-12-16,14.031681060791016,149.56500244140625,50.80458450317383,2073.070068359375,2.3,1.02,17.860000610351562,0.021403086872277235,0.018766562171295388,0.022813393085662378,0.014410635650771483,0.020000000000000018,0.040000000000000036,-3.0900001525878906
2015-12-17,13.675945281982422,146.67347717285156,49.864166259765625,2041.8900146484373,2.24,1.0,18.940000534057617,-0.018683962872465883,-0.02567923520832347,-0.01952222483668934,-0.015154776635876426,-0.05999999999999961,-0.020000000000000018,1.0799999237060547
2015-12-18,13.249067306518556,140.9546356201172,48.44980239868164,2005.550048828125,2.19,0.97,20.700000762939453,-0.028774373895627807,-0.03171131275033707,-0.0397707670152726,-0.017957495007106822,-0.050000000000000266,-0.030000000000000027,1.760000228881836
2015-12-21,13.415077209472656,142.7698516845703,49.30746078491211,2021.1500244140625,2.2,0.96,18.700000762939453,0.01754714410843321,0.012452081325555043,0.01279579953860466,0.0077483067271562,0.010000000000000231,-0.010000000000000009,-2.0
2015-12-22,13.502033233642578,144.6172332763672,49.412784576416016,2038.969970703125,2.24,0.99,16.600000381469727,0.0021337838268189633,0.006461044684009643,0.012856576615892956,0.008778095591568889,0.040000000000000036,0.030000000000000027,-2.1000003814697266
2015-12-23,13.707563400268556,146.9466094970703,50.202735900878906,2064.2900390625,2.27,1.01,15.56999969482422,0.015860337424992432,0.015107469506839923,0.01597883853040416,0.012341596527553888,0.029999999999999805,0.020000000000000018,-1.030000686645506
2015-12-24,13.652230262756348,146.56097412109375,50.10491943359375,2060.989990234375,2.25,1.03,15.739999771118164,-0.0019503296725471445,-0.004044856012817479,-0.002627772632855149,-0.0015999154038633197,-0.020000000000000018,0.020000000000000018,0.17000007629394354
2015-12-28,13.541556358337402,145.8782958984375,49.93940734863281,2056.5,2.24,1.05,16.90999984741211,-0.003308778044427306,-0.008139691394563432,-0.004668863129847732,-0.002180936456306017,-0.009999999999999787,0.020000000000000018,1.1700000762939453
2015-12-29,13.660133361816406,147.41241455078125,50.45850372314453,2078.360107421875,2.32,1.09,16.079999923706055,0.010340872528140322,0.00871841093632591,0.010461515412834303,0.010573664173022947,0.07999999999999963,0.040000000000000036,-0.8299999237060547
2015-12-30,13.478317260742188,146.19154357910156,50.097389221191406,2063.360107421875,2.31,1.08,17.290000915527344,-0.007182394661775111,-0.01339935163627978,-0.00831649556873372,-0.007243398783778549,-0.009999999999999787,-0.010000000000000009,1.210000991821289
2015-12-31,13.304401397705078,144.7618408203125,49.67607879638672,2043.93994140625,2.27,1.06,18.209999084472656,-0.008445390088630725,-0.012987352762791353,-0.00982778921162474,-0.009456485041467845,-0.040000000000000036,-0.020000000000000018,0.9199981689453125
2016-01-04,12.988197326660156,142.27993774414062,48.18407440185547,2012.6600341796875,2.24,1.02,20.700000762939453,-0.03049494543112116,-0.024053865516664455,-0.017293405453552485,-0.015422041797805928,-0.029999999999999805,-0.040000000000000036,2.490001678466797
2016-01-05,12.988197326660156,139.83016967773438,48.26738357543945,2016.7099609375,2.25,1.04,19.34000015258789,0.001727484395751007,0.0,-0.017367897012081905,0.0020102041393599396,0.009999999999999787,0.020000000000000018,-1.3600006103515625
2016-01-06,12.71151065826416,136.41653442382812,47.57060623168945,1990.260009765625,2.18,0.99,20.59000015258789,-0.01454098990073324,-0.021533113102479347,-0.024715654330484768,-0.01320216300262602,-0.06999999999999984,-0.050000000000000044,1.25
2016-01-07,12.253015518188477,132.2238006591797,45.64687347412109,1943.0899658203125,2.16,0.96,24.989999771118164,-0.04127993872563276,-0.036735862573626946,-0.031217011722236107,-0.023985816519344776,-0.020000000000000018,-0.030000000000000027,4.399999618530273
2016-01-08,12.015861511230469,131.6776123046875,44.62441635131836,1922.030029296875,2.13,0.94,27.01000022888184,-0.022653954576924294,-0.01954450185552633,-0.004139342250810214,-0.010897537445847908,-0.03000000000000025,-0.020000000000000018,2.0200004577636754
2016-01-11,12.10282039642334,133.11537170410156,44.556243896484375,1923.6700439453125,2.17,0.94,24.299999237060547,-0.0015288621529269994,0.007210946463079507,0.01085960441489534,0.0008529082958226729,0.040000000000000036,0.0,-2.7100009918212926
2016-01-12,12.10282039642334,133.09934997558594,44.65472030639648,1938.6800537109373,2.12,0.93,22.46999931335449,0.002207720783876651,0.0,-0.00012036696117993201,0.007772514117774639,-0.04999999999999982,-0.009999999999999898,-1.8299999237060582
2016-01-13,11.77870273590088,127.70176696777344,43.427764892578125,1890.280029296875,2.08,0.91,25.21999931335449,-0.027861039057191353,-0.02714546818233422,-0.041398241850858664,-0.025282375077908908,-0.040000000000000036,-0.020000000000000018,2.75
2016-01-14,11.849853515625,129.6294403076172,44.07910537719727,1921.8399658203125,2.1,0.9,23.950000762939453,0.014886888577092862,0.006022458081638794,0.014982321179364131,0.016558060934383972,0.020000000000000018,-0.010000000000000009,-1.2699985504150355
2016-01-15,11.430879592895508,124.98690032958984,43.20055770874024,1880.3299560546875,2.03,0.85,27.020000457763672,-0.020132464111795416,-0.03599707634923692,-0.036470986540620906,-0.021835772698162375,-0.07000000000000028,-0.050000000000000044,3.0699996948242188
2016-01-19,11.256963729858398,125.95879364013672,43.177825927734375,1881.3299560546875,2.06,0.88,26.049999237060547,-0.0005263303288078162,-0.01533149424517145,0.007745884414518659,0.0005316801874288286,0.03000000000000025,0.030000000000000027,-0.970001220703125
2016-01-20,10.82218074798584,123.49295043945312,42.04176330566406,1859.3299560546875,2.01,0.85,27.59000015258789,-0.026663586111341106,-0.03938913437640462,-0.019770745885005932,-0.011762766025898373,-0.050000000000000266,-0.030000000000000027,1.5400009155273438
2016-01-21,10.561302185058594,121.80621337890624,41.8448486328125,1868.989990234375,2.02,0.84,26.690000534057617,-0.004694790503157429,-0.024401217328561195,-0.013752706039120117,0.005181988635948063,0.010000000000000231,-0.010000000000000009,-0.8999996185302734
2016-01-22,10.71941089630127,125.99090576171876,43.13238525390625,1906.9000244140625,2.07,0.88,22.34000015258789,0.030305414806052807,0.014859616774677474,0.03377836091454898,0.02008072688221347,0.04999999999999982,0.040000000000000036,-4.350000381469727
2016-01-25,10.245099067687988,121.38048553466795,42.15538024902344,1877.0799560546875,2.03,0.88,24.149999618530277,-0.02291179136093918,-0.04525674892800069,-0.037279607331782046,-0.015761545172821467,-0.040000000000000036,0.0,1.8099994659423864
2016-01-26,10.521782875061035,124.0551986694336,43.2308349609375,1903.6300048828125,2.01,0.85,22.5,0.025191691286648384,0.026648216264611942,0.021796496594316466,0.014045237830367907,-0.020000000000000018,-0.030000000000000027,-1.649999618530277
2016-01-27,10.561302185058594,123.46883392333984,43.20055770874024,1882.949951171875,2.02,0.84,23.11000061035156,-0.0007006077884557896,0.0037489158887111674,-0.004737849790229677,-0.010922922300528425,0.010000000000000231,-0.010000000000000009,0.610000610351559
2016-01-28,10.69569492340088,126.1515884399414,43.38232421875,1893.3599853515625,2.0,0.83,22.420000076293945,0.0041986769899935855,0.012644733243831478,0.021495499359264526,0.005513350717591524,-0.020000000000000018,-0.010000000000000009,-0.6900005340576136
2016-01-29,11.177912712097168,129.76597595214844,45.06368637084961,1940.239990234375,1.94,0.76,20.200000762939453,0.03802465984840318,0.04409843501679002,0.02824837650798949,0.024458650994556432,-0.06000000000000005,-0.06999999999999995,-2.219999313354492
2016-02-01,11.03561782836914,128.23187255859375,44.5789680480957,1939.3800048828125,1.97,0.81,19.979999542236328,-0.01081456255535966,-0.012811725702411219,-0.011892513703467722,-0.00044333484554180534,0.030000000000000027,0.050000000000000044,-0.220001220703125
2016-02-02,10.458539962768556,121.84635925292967,43.19297409057617,1903.030029296875,1.87,0.75,21.979999542236328,-0.0315843341432628,-0.053709160228078555,-0.05107922878907868,-0.01892096871823143,-0.09999999999999987,-0.06000000000000005,2.0
2016-02-03,10.300439834594728,122.63356018066406,43.48077774047852,1912.530029296875,1.88,0.72,21.649999618530277,0.006641104177496898,-0.015232269273153343,0.0064398225431169555,0.0049796200215740235,0.009999999999999787,-0.030000000000000027,-0.32999992370605113
2016-02-04,10.474350929260254,125.6937255859375,44.230587005615234,1915.449951171875,1.87,0.7,21.84000015258789,0.01709761404573406,0.016742903382889012,0.024647475323795107,0.0015255682925234377,-0.009999999999999787,-0.020000000000000018,0.19000053405761363
2016-02-05,10.237197875976562,125.67767333984376,43.73828887939453,1880.050048828125,1.86,0.74,23.3799991607666,-0.01119266924077703,-0.02290156285500187,-0.00012771736310619123,-0.018654158276351848,-0.010000000000000009,0.040000000000000036,1.539999008178711
2016-02-08,9.6996431350708,119.87850189208984,42.821876525878906,1853.43994140625,1.75,0.66,26.0,-0.021174788427910755,-0.05393884260591932,-0.04724173556208868,-0.014255057923057347,-0.1100000000000001,-0.07999999999999996,2.6200008392333984
2016-02-09,9.644312858581545,119.07533264160156,42.56436538696289,1852.2099609375,1.74,0.69,26.540000915527344,-0.006031695829766213,-0.005720694092127587,-0.00672240541110431,-0.0006638406467602255,-0.010000000000000009,0.029999999999999916,0.5400009155273438
2016-02-10,9.470394134521484,118.25604248046876,42.04935073852539,1851.8599853515625,1.71,0.71,26.290000915527344,-0.012173463881388302,-0.018197874935966158,-0.006904214962855286,-0.00018896813076091644,-0.030000000000000027,0.020000000000000018,-0.25
2016-02-11,8.822172164916992,113.00308990478516,40.19377899169922,1829.0799560546875,1.63,0.64,28.13999938964844,-0.045131713874971786,-0.07090240870665974,-0.04543696263847784,-0.012377447329256216,-0.08000000000000007,-0.06999999999999995,1.8499984741210973
2016-02-12,9.446682929992676,117.37249755859376,43.5413703918457,1864.780029296875,1.74,0.71,25.399999618530277,0.07999929743054765,0.06839555028816517,0.03793745461794582,0.01933001520704595,0.1100000000000001,0.06999999999999995,-2.739999771118164
2016-02-16,9.683835983276367,119.69379425048828,44.19271469116211,1895.5799560546875,1.78,0.74,24.11000061035156,0.01484841987653461,0.024794434867596794,0.01958414978366007,0.016381737741684915,0.040000000000000036,0.030000000000000027,-1.289999008178718
2016-02-17,9.928893089294434,121.23596954345705,44.51080703735352,1926.8199462890625,1.81,0.74,22.309999465942383,0.0071720649531889355,0.0249908984188557,0.01280204098634204,0.016346110625641338,0.030000000000000027,0.0,-1.8000011444091761
2016-02-18,9.675928115844728,118.65763092041016,43.78374099731445,1917.8299560546875,1.75,0.71,21.63999938964844,-0.016469476099839703,-0.02580783687233604,-0.021496512660877647,-0.004676632123934705,-0.06000000000000005,-0.030000000000000027,-0.6700000762939418
2016-02-19,9.58897304534912,117.9990463256836,43.791316986083984,1917.780029296875,1.76,0.76,20.530000686645508,0.00017301704304592804,-0.00902736643067687,-0.005565752908423672,-2.60332818018429e-05,0.010000000000000009,0.050000000000000044,-1.1099987030029332
2016-02-22,9.913084030151367,119.5090560913086,44.35932540893555,1945.5,1.77,0.78,19.3799991607666,0.01288739977097617,0.03324170660728167,0.012715609243758308,0.014350731099076084,0.010000000000000009,0.020000000000000018,-1.1500015258789062
2016-02-23,9.612688064575195,116.39261627197266,42.50376892089844,1921.27001953125,1.74,0.76,20.979999542236328,-0.04273020268370286,-0.030771604552233198,-0.026423052495302822,-0.01253257757078849,-0.030000000000000027,-0.020000000000000018,1.6000003814697266
2016-02-24,9.58897304534912,116.91468811035156,42.5189208984375,1929.800048828125,1.75,0.75,20.71999931335449,0.00035642197939543167,-0.0024701020550485604,0.004475408184534165,0.0044299600346319485,0.010000000000000009,-0.010000000000000009,-0.2600002288818395
2016-02-25,9.73917007446289,119.07533264160156,43.177825927734375,1951.699951171875,1.71,0.72,19.11000061035156,0.015377900292854848,0.015542108892824705,0.01831183284969674,0.011284366730450844,-0.040000000000000036,-0.030000000000000027,-1.6099987030029297
2016-02-26,10.03956413269043,120.68173217773438,43.579246520996094,1948.050048828125,1.76,0.8,19.809999465942383,0.009253965045019916,0.030377794179215323,0.013400427435967944,-0.0018718653295646535,0.050000000000000044,0.08000000000000007,0.6999988555908239
2016-02-29,9.897273063659668,120.62525939941406,42.64009094238281,1932.22998046875,1.74,0.78,20.549999237060547,-0.021786127157078262,-0.014274429160006258,-0.0004680575476259766,-0.008154131091571704,-0.020000000000000018,-0.020000000000000018,0.7399997711181641
2016-03-01,10.426920890808104,124.75552368164062,44.83647918701172,1978.3499755859373,1.83,0.85,17.700000762939453,0.05022716300177292,0.05213173773995407,0.033667301542227794,0.023588385401618728,0.09000000000000008,0.06999999999999995,-2.8499984741210938
2016-03-02,10.641170501708984,124.39253997802734,45.26061630249024,1986.449951171875,1.84,0.85,17.09000015258789,0.009415181395768147,0.020339478599492138,-0.002913801175892141,0.004085949861101922,0.010000000000000009,0.0,-0.6100006103515625
2016-03-03,10.71259307861328,125.30409240722656,45.41209411621094,1993.4000244140625,1.83,0.85,16.700000762939453,0.0033412027486870713,0.006689485249515581,0.007301311755751337,0.003492634320316937,-0.010000000000000009,0.0,-0.3899993896484375
2016-03-04,10.744332313537598,126.5221710205078,45.48024368286133,1999.989990234375,1.88,0.88,16.860000610351562,0.0014995670938007801,0.002958416221646329,0.009674035554325007,0.0033004398659416986,0.04999999999999982,0.030000000000000027,0.15999984741210938
2016-03-07,10.736394882202148,125.32025146484376,45.39693069458008,2001.760009765625,1.91,0.91,17.350000381469727,-0.0018335299747674534,-0.0007390282111383841,-0.009545085130834994,0.0008846228008639487,0.030000000000000027,0.030000000000000027,0.48999977111816406
2016-03-08,10.363438606262209,122.2951202392578,44.51838684082031,1979.260009765625,1.83,0.88,18.670000076293945,-0.019542205647732975,-0.03535526711985709,-0.02443533069107726,-0.011303756056006186,-0.07999999999999985,-0.030000000000000027,1.3199996948242188
2016-03-09,10.426920890808104,120.93179321289062,44.77589416503906,1989.260009765625,1.9,0.9,18.34000015258789,0.005767626664563616,0.006106915260341459,-0.011210447765830939,0.00503967278281425,0.06999999999999984,0.020000000000000018,-0.3299999237060547
2016-03-10,10.53007698059082,121.82722473144533,44.3896369934082,1989.5699462890625,1.93,0.93,18.049999237060547,-0.008663876785950668,0.009844627894067311,0.007377156054566993,0.00015579279712262694,0.030000000000000027,0.030000000000000027,-0.29000091552734375
2016-03-11,10.94271183013916,124.1827392578125,44.9425163269043,2022.18994140625,1.98,0.97,16.5,0.01237821707610977,0.03843801165637908,0.019150334199936975,0.016262545588851488,0.050000000000000044,0.039999999999999925,-1.5499992370605469
2016-03-14,10.82368278503418,123.81976318359376,44.77589416503906,2019.6400146484373,1.97,0.97,16.920000076293945,-0.0037143402901591576,-0.010937064564169935,-0.002927198958279075,-0.0012617686166118578,-0.010000000000000009,0.0,0.4200000762939453
2016-03-15,10.768136978149414,122.64200592041016,44.83647918701172,2015.9300537109373,1.97,0.98,16.84000015258789,0.0013521577196807211,-0.005145090133926838,-0.009557394905668738,-0.0018386309343179589,0.0,0.010000000000000009,-0.07999992370605469
2016-03-16,10.561819076538086,121.44001770019533,44.62441635131836,2027.219970703125,1.94,0.87,14.989999771118164,-0.004740914599962512,-0.019345969196172406,-0.009849131197620277,0.0055847278817799184,-0.030000000000000027,-0.10999999999999999,-1.8500003814697266
2016-03-17,10.633234024047852,123.3518524169922,44.49566650390625,2040.5899658203125,1.91,0.87,14.4399995803833,-0.0028893585566441417,0.0067388571691494046,0.015620401030530397,0.006573583068596323,-0.030000000000000027,0.0,-0.5500001907348633
2016-03-18,10.94271183013916,127.13529205322266,45.8059196472168,2049.580078125,1.88,0.84,14.020000457763672,0.02902153021174186,0.02868926672511988,0.03021095076520863,0.004395967251026178,-0.030000000000000027,-0.030000000000000027,-0.4199991226196289
2016-03-21,10.982388496398926,126.0784912109375,45.79076766967773,2051.60009765625,1.92,0.87,13.789999961853027,-0.00033084117168676166,0.0036192956000399975,-0.008347152076005561,0.0009850919042923014,0.040000000000000036,0.030000000000000027,-0.23000049591064453
2016-03-22,10.918907165527344,124.39253997802734,45.6241455078125,2049.800048828125,1.94,0.91,14.170000076293944,-0.003645408404247235,-0.005797055081129406,-0.013462448635002133,-0.0008777728967722512,0.020000000000000018,0.040000000000000036,0.3800001144409162
2016-03-23,10.807808876037598,124.29571533203124,45.39693069458008,2036.7099609375,1.88,0.87,14.9399995803833,-0.004992586215712586,-0.010226971954577642,-0.0007786829399550096,-0.00640650953066712,-0.06000000000000005,-0.040000000000000036,0.7699995040893572
2016-03-24,10.855422019958496,123.42448425292967,45.04854965209961,2035.93994140625,1.91,0.89,14.739999771118164,-0.007703707561595807,0.0043957635698465775,-0.007034022035752255,-0.0003781417793768198,0.030000000000000027,0.020000000000000018,-0.19999980926513672
2016-03-28,10.807808876037598,124.10211181640624,44.98795318603516,2037.050048828125,1.89,0.89,15.239999771118164,-0.0013460424006604067,-0.004395763569846554,0.005475203610882086,0.000545106888072358,-0.020000000000000018,0.0,0.5
2016-03-29,10.649105072021484,125.06211853027344,44.70772933959961,2055.010009765625,1.81,0.78,13.81999969482422,-0.006248344407406024,-0.014793059108748504,0.007705852986792017,0.00877801205423741,-0.07999999999999985,-0.10999999999999999,-1.4200000762939435
2016-03-30,10.696720123291016,126.2479476928711,45.22273635864258,2063.949951171875,1.83,0.76,13.5600004196167,0.011453574605772208,0.004461306115679579,0.00943725001868598,0.0043408799935662195,0.020000000000000018,-0.020000000000000018,-0.2599992752075213
2016-03-31,10.728460311889648,126.63510131835938,44.85163497924805,2059.739990234375,1.78,0.73,13.949999809265137,-0.008239934924618615,0.002962888636058854,0.003061920753307557,-0.0020418423596207116,-0.050000000000000044,-0.030000000000000027,0.3899993896484375
2016-04-01,10.760199546813965,128.92616271972656,45.34392929077149,2072.780029296875,1.79,0.76,13.100000381469728,0.01091626188441554,0.002954047224328423,0.017930125592329208,0.006310959066599757,0.010000000000000009,0.030000000000000027,-0.8499994277954084
2016-04-04,10.720525741577148,127.27247619628906,45.16844177246094,2066.1298828125,1.78,0.75,14.119999885559082,-0.0038776519969070003,-0.003693902306956688,-0.012909588411336013,-0.003213480045854618,-0.010000000000000009,-0.010000000000000009,1.0199995040893537
2016-04-05,10.466595649719238,125.32025146484376,44.527530670166016,2045.1700439453125,1.73,0.72,15.420000076293944,-0.014290987492548013,-0.023971378333246397,-0.015457797395712295,-0.01019629841179453,-0.050000000000000044,-0.030000000000000027,1.3000001907348615
2016-04-06,10.53007698059082,125.19114685058594,44.87086868286133,2066.659912109375,1.76,0.73,14.09000015258789,0.007681115170819817,0.0060468175521729015,-0.0010307285541183097,0.01045279793201316,0.030000000000000027,0.010000000000000009,-1.329999923706053
2016-04-07,10.196794509887695,121.33514404296876,43.73402786254883,2041.9100341796875,1.7,0.7,16.15999984741211,-0.02566231107376165,-0.03216222955405192,-0.03128524182142104,-0.012048073970004866,-0.06000000000000005,-0.030000000000000027,2.0699996948242188
2016-04-08,10.220601081848145,121.2302474975586,44.05448532104492,2047.5999755859373,1.72,0.7,15.359999656677246,0.00730070188559823,0.0023319901543937924,-0.0008648929782016534,0.0027827026046162826,0.020000000000000018,0.0,-0.8000001907348633
2016-04-11,10.29202365875244,122.77911376953124,44.40544891357422,2041.989990234375,1.73,0.7,16.260000228881836,0.007935014582213629,0.006963795851627496,0.012695308627092113,-0.0027435458896038338,0.010000000000000009,0.0,0.9000005722045898
2016-04-12,10.53007698059082,124.48127746582033,45.2294807434082,2061.719970703125,1.79,0.74,14.850000381469728,0.01838691787887189,0.02286644354803057,0.01376840485841617,0.009615753881389974,0.06000000000000005,0.040000000000000036,-1.4099998474121076
2016-04-13,10.94271183013916,128.95034790039062,47.1445541381836,2082.419921875,1.77,0.75,13.84000015258789,0.041469398562038046,0.03843801165637908,0.035272107476037824,0.009990069768557895,-0.020000000000000018,0.010000000000000009,-1.0100002288818377
2016-04-14,11.220443725585938,129.805419921875,47.75492858886719,2082.780029296875,1.8,0.77,13.720000267028809,0.012863776493157366,0.02506379867453152,0.0066091290731994864,0.00017291243013242585,0.030000000000000027,0.020000000000000018,-0.11999988555908203
2016-04-15,11.10935115814209,127.8774871826172,47.2055892944336,2080.72998046875,1.76,0.74,13.619999885559082,-0.011569975285370305,-0.009950246708765502,-0.014963885153799953,-0.000984769576145959,-0.040000000000000036,-0.030000000000000027,-0.10000038146972656
2016-04-18,11.24425220489502,128.28085327148438,47.51079559326172,2094.340087890625,1.78,0.75,13.350000381469728,0.006444658029323955,0.012069882629658055,0.003149352244773549,0.006519725613797989,0.020000000000000018,0.010000000000000009,-0.2699995040893537
2016-04-19,11.466435432434082,131.20913696289062,48.311920166015625,2100.800048828125,1.79,0.77,13.239999771118164,0.016721363672248975,0.01956702676342979,0.022570489134723246,0.0030797379028665328,0.010000000000000009,0.020000000000000018,-0.11000061035156428
2016-04-20,11.847326278686523,134.70213317871094,49.01385498046875,2102.39990234375,1.85,0.8,13.279999732971191,0.0144246883092309,0.03267810190034939,0.02627340423638477,0.0007612550492345003,0.06000000000000005,0.030000000000000027,0.039999961853027344
2016-04-21,11.823526382446287,133.36294555664062,48.52554321289063,2091.47998046875,1.88,0.82,13.949999809265137,-0.010012689358649296,-0.0020109038403465147,-0.00999159435099269,-0.005207562857292034,0.029999999999999805,0.019999999999999907,0.6700000762939453
2016-04-22,11.990163803100586,134.5165557861328,48.80785369873047,2091.580078125,1.89,0.84,13.220000267028809,0.005800912871771332,0.013995322797371914,0.008612957357515995,4.785857954074228e-05,0.010000000000000009,0.020000000000000018,-0.7299995422363281
2016-04-25,11.871133804321287,133.1774444580078,48.52554321289063,2087.7900390625,1.91,0.85,14.079999923706056,-0.005800912871771394,-0.009976908052270021,-0.0100048749469838,-0.0018136896207629953,0.020000000000000018,0.010000000000000009,0.8599996566772479
2016-04-26,11.97429656982422,133.78245544433594,48.777339935302734,2091.699951171875,1.94,0.86,13.960000038146973,0.0051755359414011074,0.008652677475143755,0.004532606000781173,0.0018710001742369307,0.030000000000000027,0.010000000000000009,-0.11999988555908381
2016-04-27,11.918750762939451,134.65367126464844,48.91468048095703,2095.14990234375,1.87,0.83,13.770000457763672,0.00281170633077491,-0.0046495456337716885,0.0064910702592449075,0.0016479941117468401,-0.06999999999999984,-0.030000000000000027,-0.18999958038330078
2016-04-28,11.736236572265623,132.53208923339844,48.52554321289063,2075.81005859375,1.84,0.78,15.220000267028809,-0.007987242272176112,-0.01543165591309845,-0.015881285128223156,-0.00927363606156167,-0.030000000000000027,-0.04999999999999993,1.4499998092651367
2016-04-29,11.553726196289062,132.38685607910156,48.2203483581543,2065.300048828125,1.83,0.77,15.699999809265137,-0.006309226410970341,-0.015673199128902644,-0.0010964347504488078,-0.005075949230557177,-0.010000000000000009,-0.010000000000000009,0.4799995422363281
2016-05-02,11.720365524291992,134.0567626953125,48.67051696777344,2081.429931640625,1.88,0.8,14.68000030517578,0.009292348610031937,0.01431997240576084,0.012534948212793192,0.007779606697244105,0.04999999999999982,0.030000000000000027,-1.0199995040893572
2016-05-03,11.395018577575684,131.60440063476562,47.7320556640625,2063.3701171875,1.81,0.75,15.600000381469728,-0.019470247001040424,-0.028151678718773717,-0.018462854654618246,-0.008714499388395887,-0.06999999999999984,-0.050000000000000044,0.9200000762939489
2016-05-04,11.212510108947754,129.1278839111328,46.97669982910156,2051.1201171875,1.79,0.75,16.049999237060547,-0.01595146821661907,-0.016146164060373246,-0.01899719635710524,-0.00595458270547255,-0.020000000000000018,0.0,0.44999885559081854
2016-05-05,11.149030685424805,128.69219970703125,46.724910736083984,2050.6298828125,1.76,0.72,15.90999984741211,-0.0053742875396317,-0.005677568878376579,-0.003379757020581826,-0.00023903669279415213,-0.030000000000000027,-0.030000000000000027,-0.1399993896484375
2016-05-06,11.196638107299805,128.1436767578125,46.99959945678711,2057.139892578125,1.79,0.74,14.720000267028809,0.0058616365481114876,0.0042610041657046875,-0.004271395341987643,0.0031696105535526063,0.030000000000000027,0.020000000000000018,-1.1899995803833008
2016-05-09,11.101418495178224,127.0626449584961,46.70201873779297,2058.68994140625,1.77,0.72,14.56999969482422,-0.006351687947168522,-0.008540671738291898,-0.008471876854401636,0.0007532133076099479,-0.020000000000000018,-0.020000000000000018,-0.15000057220458807
2016-05-10,11.34740924835205,130.21682739257812,47.33529281616211,2084.389892578125,1.77,0.72,13.630000114440918,0.013468774070291779,0.021916565303092547,0.024520731837930246,0.012406365236037333,0.0,0.0,-0.9399995803833026
2016-05-11,11.26805591583252,128.6034698486328,47.159812927246094,2064.4599609375,1.73,0.74,14.6899995803833,-0.003714056707016652,-0.007017645456764447,-0.012467170914716127,-0.009607522877868724,-0.040000000000000036,0.020000000000000018,1.0599994659423828
2016-05-12,11.220443725585938,127.51445770263672,47.12928771972656,2064.110107421875,1.75,0.76,14.40999984741211,-0.0006474811696475632,-0.004234365310776073,-0.008504041239104468,-0.00016947926796424465,0.020000000000000018,0.020000000000000018,-0.2799997329711914
2016-05-13,11.014131546020508,125.31214904785156,46.69438552856445,2046.6099853515625,1.71,0.76,15.039999961853027,-0.009270694504586579,-0.018558312750242018,-0.017421935034748117,-0.008514434161752484,-0.040000000000000036,0.0,0.630000114440918
2016-05-16,11.053805351257324,125.34442138671876,47.04536056518555,2066.659912109375,1.75,0.79,14.68000030517578,0.007488321471330478,0.003595610062214273,0.00025750243841260294,0.009748976389612767,0.040000000000000036,0.030000000000000027,-0.35999965667724787
2016-05-17,11.117287635803224,124.75552368164062,47.04536056518555,2047.2099609375,1.76,0.82,15.56999969482422,0.0,0.005726597066631053,-0.004709307659201597,-0.009455863552162807,0.010000000000000009,0.029999999999999916,0.889999389648441
2016-05-18,11.656885147094728,129.02297973632812,48.86127471923828,2047.6300048828125,1.87,0.9,15.949999809265137,0.03787290001730621,0.047395663764660464,0.03363451432745977,0.00020515768640127935,0.1100000000000001,0.08000000000000007,0.3800001144409162
2016-05-19,11.529919624328612,124.79589080810548,48.36531829833984,2040.0400390625,1.85,0.89,16.329999923706055,-0.010202161924288581,-0.010951641937674703,-0.03331099681184506,-0.0037135945227206248,-0.020000000000000018,-0.010000000000000009,0.38000011444091797
2016-05-20,11.521986961364746,124.64259338378906,48.45688247680664,2052.320068359375,1.85,0.89,15.199999809265137,0.001891388649094524,-0.0006882435730428616,-0.0012291402757118488,0.006001459222804671,0.0,0.0,-1.130000114440918
2016-05-23,11.482307434082031,125.40089416503906,48.41871643066406,2048.0400390625,1.84,0.91,15.81999969482422,-0.0007879393479392389,-0.0034497529854300374,0.006065369775670193,-0.0020876365681016884,-0.010000000000000009,0.020000000000000018,0.6199998855590838
2016-05-24,11.648948669433594,127.12725067138672,49.24275970458984,2076.06005859375,1.86,0.92,14.420000076293944,0.01687590365149127,0.014408566277886978,0.01367279993225655,0.013588637533990108,0.020000000000000018,0.010000000000000009,-1.399999618530277
2016-05-25,11.839396476745604,130.0797576904297,49.9904670715332,2090.5400390625,1.87,0.92,13.899999618530272,0.015069982944561973,0.016216721936347378,0.02295922441595732,0.006950529651583447,0.010000000000000009,0.0,-0.5200004577636719
2016-05-26,11.66481876373291,128.4420928955078,49.61660003662109,2090.10009765625,1.83,0.87,13.43000030517578,-0.00750687278483167,-0.014855286312861109,-0.012669619202750454,-0.0002104660499285901,-0.040000000000000036,-0.050000000000000044,-0.4699993133544922
2016-05-27,11.807655334472656,129.2197265625,49.92179489135742,2099.06005859375,1.85,0.9,13.119999885559082,0.006132222874188656,0.01217070968238564,0.0060360982444599585,0.004277694939439437,0.020000000000000018,0.030000000000000027,-0.31000041961669744
2016-05-31,11.736236572265623,129.17921447753906,49.79971694946289,2096.949951171875,1.84,0.87,14.1899995803833,-0.002448378501781904,-0.0060668798131747834,-0.0003135623167015464,-0.0010057686205899895,-0.010000000000000009,-0.030000000000000027,1.0699996948242188
2016-06-01,11.831783294677734,129.5760955810547,50.12017822265625,2099.330078125,1.85,0.91,14.199999809265137,0.006414385671735376,0.008108211586073066,0.0030676194792386455,0.001134398653926189,0.010000000000000009,0.040000000000000036,0.010000228881835938
2016-06-02,11.89547634124756,129.01727294921875,50.21174621582031,2105.260009765625,1.81,0.89,13.630000114440918,0.0018253017491657005,0.005368778403963223,-0.0043220249993855386,0.002820696166986195,-0.040000000000000036,-0.020000000000000018,-0.5699996948242188
2016-06-03,11.481449127197266,126.09310913085938,49.31904602050781,2099.1298828125,1.71,0.78,13.470000267028809,-0.017938652230440645,-0.03542557493812216,-0.022925698819182758,-0.002916062236694851,-0.10000000000000009,-0.10999999999999999,-0.15999984741210938
2016-06-06,11.561067581176758,127.21903228759766,49.80735778808594,2109.409912109375,1.73,0.8,13.649999618530272,0.009852384406654934,0.0069105967758738346,0.008889669205835567,0.004885328519363624,0.020000000000000018,0.020000000000000018,0.17999935150146307
2016-06-07,11.425711631774902,125.6881332397461,49.63948440551758,2112.1298828125,1.72,0.78,14.050000190734863,-0.003376146257079374,-0.01177698820741319,-0.012106558887825013,0.001288615629197613,-0.010000000000000009,-0.020000000000000018,0.4000005722045916
2016-06-08,11.48941135406494,125.25881958007812,49.78446960449219,2119.1201171875,1.71,0.78,14.079999923706056,0.002916506453373641,0.0055596373108609464,-0.0034215524331003577,0.0033041019719547236,-0.010000000000000009,0.0,0.029999732971193183
2016-06-09,11.298314094543455,124.06810760498048,49.40296936035156,2115.47998046875,1.68,0.77,14.640000343322754,-0.007692549165565372,-0.01677233998198519,-0.009551483596243257,-0.0017192355978938075,-0.030000000000000027,-0.010000000000000009,0.5600004196166974
2016-06-10,11.011676788330078,121.41132354736328,48.70867156982422,2096.070068359375,1.64,0.73,17.030000686645508,-0.014153455676987805,-0.025697283424790204,-0.021646520733099178,-0.009217532410166119,-0.040000000000000036,-0.040000000000000036,2.390000343322754
2016-06-13,10.828550338745115,120.3907241821289,48.27375411987305,2079.06005859375,1.62,0.73,20.96999931335449,-0.008969055215811515,-0.016770040007826146,-0.00844166073537409,-0.008148298789709478,-0.019999999999999796,0.0,3.939998626708981
2016-06-14,10.557833671569824,118.4143524169922,47.36582565307617,2075.320068359375,1.62,0.74,20.5,-0.01898702911541978,-0.025318083486476465,-0.016552553388691667,-0.0018005050719719037,0.0,0.010000000000000009,-0.46999931335448863
2016-06-15,10.621532440185549,118.3900146484375,47.281883239746094,2071.5,1.6,0.69,20.13999938964844,-0.0017737869478546733,0.006015190477811111,-0.0002055516875975967,-0.0018424090638101951,-0.020000000000000018,-0.050000000000000044,-0.36000061035155895
2016-06-16,10.597647666931152,118.77071380615234,47.47264099121094,2077.989990234375,1.57,0.7,19.3700008392334,0.004026362027992261,-0.002251244696671815,0.0032104766011595283,0.0031280931110455722,-0.030000000000000027,0.010000000000000009,-0.7699985504150426
2016-06-17,10.669302940368652,117.9687728881836,47.518402099609375,2071.219970703125,1.62,0.7,19.40999984741211,0.0009634826705648348,0.006738675977996388,-0.006774906852638946,-0.003263284144608922,0.050000000000000044,0.0,0.03999900817871094
2016-06-20,10.78077793121338,119.67790222167967,47.58708190917969,2083.25,1.67,0.74,18.3700008392334,0.001444287303192938,0.010393992928156197,0.014384032942182589,0.0057913827784231015,0.04999999999999982,0.040000000000000036,-1.039999008178711
2016-06-21,10.84447193145752,120.16387176513672,48.02960968017578,2088.89990234375,1.71,0.76,18.479999542236328,0.009256353117572759,0.005890723560064754,0.0040524233992564815,0.002708390604209703,0.040000000000000036,0.020000000000000018,0.10999870300292969
2016-06-22,10.83651065826416,119.99382781982422,47.84648513793945,2085.449951171875,1.69,0.75,21.170000076293945,-0.003820029701307432,-0.0007344015446012475,-0.001416102619427094,-0.00165292899657585,-0.020000000000000018,-0.010000000000000009,2.690000534057617
2016-06-23,11.178882598876951,123.6550064086914,48.86888885498047,2113.320068359375,1.74,0.78,17.25,0.02114331491410224,0.03110546710068213,0.03005517506918097,0.013275567071955107,0.050000000000000044,0.030000000000000027,-3.9200000762939453
2016-06-24,10.35081958770752,114.90697479248048,45.47361755371094,2037.4100341796875,1.57,0.64,25.76000022888184,-0.07200865046882203,-0.07696081250443326,-0.07337259552651677,-0.03658079280558263,-0.16999999999999993,-0.14,8.51000022888184
2016-06-27,9.697920799255373,113.00348663330078,43.95530319213867,2000.5400390625,1.46,0.61,23.850000381469727,-0.03395904273946575,-0.06515419185361772,-0.016704212768811892,-0.018262246511702756,-0.1100000000000001,-0.030000000000000027,-1.909999847412113
2016-06-28,10.111952781677246,115.3524932861328,45.4125862121582,2036.0899658203125,1.46,0.61,18.75,0.032616014904711124,0.041806655919363105,0.02057392595218601,0.01761412160408792,0.0,0.0,-5.100000381469727
2016-06-29,10.502099990844728,117.85543060302734,46.69438552856445,2070.77001953125,1.5,0.62,16.639999389648438,0.02783463725055747,0.03785706843428845,0.02146610960662479,0.016889242971253916,0.040000000000000036,0.010000000000000009,-2.1100006103515625
2016-06-30,10.565797805786133,120.35021209716795,47.411598205566406,2098.860107421875,1.49,0.58,15.630000114440918,0.015242953431383507,0.006046925958192788,0.020947217606685886,0.013473863149466128,-0.010000000000000009,-0.040000000000000036,-1.0099992752075195
2016-07-01,10.43044090270996,120.08293151855467,47.1040267944336,2102.949951171875,1.46,0.59,14.770000457763672,-0.00650839470910044,-0.01289362158206816,-0.002223326490642274,0.0019467062930320223,-0.030000000000000027,0.010000000000000009,-0.8599996566772461
2016-07-05,10.143803596496582,117.0049057006836,45.78917694091797,2088.550048828125,1.37,0.56,15.579999923706056,-0.028310740081333323,-0.027865504707186104,-0.025966737088708846,-0.006871028985598719,-0.08999999999999986,-0.029999999999999916,0.8099994659423846
2016-07-06,10.239349365234377,117.92020416259766,46.28127670288086,2099.72998046875,1.38,0.58,14.960000038146973,0.010689736577099911,0.00937504307804564,0.007792296820410986,0.0053386870582759595,0.009999999999999787,0.019999999999999907,-0.6199998855590838
2016-07-07,10.358779907226562,119.07039642333984,46.58115768432617,2097.89990234375,1.4,0.58,14.760000228881836,0.006458629387805862,0.011596381281858576,0.009706724982842006,-0.0008719578867330009,0.020000000000000018,0.0,-0.19999980926513672
2016-07-08,10.486176490783691,121.80821990966795,47.54230880737305,2129.89990234375,1.37,0.61,13.199999809265137,0.02042390850101156,0.012223404772985016,0.022732955154059847,0.0151381865659924,-0.029999999999999805,0.030000000000000027,-1.5600004196166992
2016-07-11,10.518024444580078,123.2743148803711,47.880645751953125,2137.159912109375,1.43,0.66,13.539999961853027,0.0070913411552576905,0.0030325341393597285,0.011964234500366414,0.0034028193119982385,0.05999999999999983,0.050000000000000044,0.3400001525878906
2016-07-12,10.78077793121338,127.10564422607422,48.59572982788086,2152.139892578125,1.53,0.69,13.550000190734863,0.014824295940640662,0.024674327947065967,0.03060651052555968,0.006984842307345719,0.10000000000000009,0.029999999999999916,0.010000228881835938
2016-07-13,10.701154708862305,127.91559600830078,48.564971923828125,2152.429931640625,1.48,0.68,13.039999961853027,-0.0006331346835843468,-0.007413074821267419,0.006352055262919541,0.00013475867498170382,-0.050000000000000044,-0.009999999999999898,-0.5100002288818359
2016-07-14,10.868359565734863,131.65786743164062,49.30315017700195,2163.75,1.53,0.68,12.81999969482422,0.015085448382098007,0.015504123467257588,0.02883600413611598,0.005245422801696999,0.050000000000000044,0.0,-0.22000026702880682
2016-07-15,10.87632656097412,130.92884826660156,49.34926986694336,2161.739990234375,1.6,0.71,12.670000076293944,0.0009349936530849551,0.0007327763251517681,-0.005552611724186007,-0.0009293790598711438,0.07000000000000006,0.029999999999999916,-0.149999618530277
2016-07-18,11.234619140625,132.2977752685547,49.18011093139648,2166.889892578125,1.59,0.68,12.4399995803833,-0.0034336783683599575,0.03241145354309198,0.010401222528650528,0.0023794618218687365,-0.010000000000000009,-0.029999999999999916,-0.23000049591064275
2016-07-19,11.354055404663086,130.7425537109375,49.10322189331055,2163.780029296875,1.56,0.7,11.970000267028809,-0.0015646407495983328,0.010574978788131835,-0.011825104433446086,-0.0014362045004153862,-0.030000000000000027,0.019999999999999907,-0.4699993133544922
2016-07-20,11.465523719787598,131.03416442871094,49.15705108642578,2173.02001953125,1.59,0.73,11.770000457763672,0.0010956452056921234,0.009769610658374717,0.0022279356274925765,0.004261208315763991,0.030000000000000027,0.030000000000000027,-0.19999980926513672
2016-07-21,11.362017631530762,129.64096069335938,48.97249984741211,2165.169921875,1.57,0.7,12.739999771118164,-0.003761383902064279,-0.009068589211484393,-0.010689297649104956,-0.003619069856524976,-0.020000000000000018,-0.030000000000000027,0.9699993133544922
2016-07-22,11.449599266052246,129.9325408935547,49.24163818359375,2175.030029296875,1.57,0.71,12.020000457763672,0.005480657169450304,0.007678724857829219,0.002246610852439253,0.004543626789510244,0.0,0.010000000000000009,-0.7199993133544922
2016-07-25,11.44163417816162,130.01353454589844,49.11090469360352,2168.47998046875,1.58,0.72,12.869999885559082,-0.002658468467857194,-0.0006959072984412791,0.000623157359293298,-0.0030160187399297005,0.010000000000000009,0.010000000000000009,0.8499994277954102
2016-07-26,11.569029808044434,130.5400390625,49.31084060668945,2169.179931640625,1.57,0.75,13.050000190734863,0.004062845817245164,0.011072860096743681,0.004041435516965997,0.0003227321607194127,-0.010000000000000009,0.030000000000000027,0.18000030517578125
2016-07-27,11.64865493774414,130.40237426757812,49.46460723876953,2166.580078125,1.52,0.73,12.829999923706056,0.003113461080608475,0.006859033770497742,-0.0010551355445595626,-0.001199260946808637,-0.050000000000000044,-0.020000000000000018,-0.22000026702880682
2016-07-28,11.688462257385254,130.0297393798828,49.28775405883789,2170.06005859375,1.52,0.72,12.720000267028809,-0.0035817547383787695,0.0034115060498663137,-0.0028616681466284133,0.001604920448092453,0.0,-0.010000000000000009,-0.10999965667724787
2016-07-29,11.537184715270996,128.6365509033203,49.18779754638672,2173.60009765625,1.46,0.67,11.869999885559082,-0.00203007843368951,-0.013026950906570104,-0.01077219569018351,0.0016299801176578648,-0.06000000000000005,-0.04999999999999993,-0.8500003814697266
2016-08-01,11.409786224365234,128.12625122070312,49.05707931518555,2170.840087890625,1.51,0.67,12.4399995803833,-0.002661071243913562,-0.011103844617095314,-0.003974877593447512,-0.0012705941474910585,0.050000000000000044,0.0,0.5699996948242188
2016-08-02,11.250544548034668,126.4090347290039,48.94174957275391,2157.030029296875,1.55,0.67,13.369999885559082,-0.0023536974264531467,-0.014054896135998838,-0.01349315902518842,-0.006381940812667669,0.040000000000000036,0.0,0.9300003051757812
2016-08-03,11.529219627380373,128.25587463378906,49.71836471557617,2163.7900390625,1.55,0.67,12.859999656677246,0.015743569513225288,0.024468118314599906,0.01450433266842595,0.0031290427160710972,0.0,0.0,-0.5100002288818359
2016-08-04,11.529219627380373,128.0209503173828,49.64146423339844,2164.25,1.51,0.64,12.420000076293944,-0.0015479192817861383,0.0,-0.0018333642322421438,0.00021254929948908707,-0.040000000000000036,-0.030000000000000027,-0.43999958038330256
2016-08-05,11.98306655883789,131.2933349609375,50.97938919067383,2182.8701171875,1.59,0.72,11.390000343322754,0.026594960576086586,0.03860988306023763,0.025240093227207747,0.00856669728938006,0.08000000000000007,0.07999999999999996,-1.0299997329711896
2016-08-08,12.046761512756348,131.8927459716797,50.825592041015625,2180.889892578125,1.59,0.74,11.5,-0.0030214094594893447,0.005301336564131412,0.004555043678757996,-0.0009075772915415996,0.0,0.020000000000000018,0.1099996566772461
2016-08-09,12.094532012939451,132.38681030273438,50.64875411987305,2181.739990234375,1.55,0.71,11.65999984741211,-0.003485375503257969,0.003957581020460769,0.0037389566835668493,0.00038971798655598234,-0.040000000000000036,-0.030000000000000027,0.15999984741210938
2016-08-10,11.791970252990724,131.3743438720703,50.19508743286133,2175.489990234375,1.5,0.69,12.050000190734863,-0.008997470555491407,-0.025334637907615445,-0.0076771835993249184,-0.0028687970634882847,-0.050000000000000044,-0.020000000000000018,0.3900003433227539
2016-08-11,11.847708702087402,132.72705078125,50.333492279052734,2185.7900390625,1.57,0.76,11.68000030517578,0.0027535439978734503,0.004715677610800691,0.01024393483535965,0.004723415102443644,0.07000000000000006,0.07000000000000006,-0.3699998855590838
2016-08-12,11.87159252166748,132.2329559326172,50.2258415222168,2184.050048828125,1.51,0.71,11.550000190734863,-0.0021410403965433965,0.0020138727888205058,-0.0037295849097441548,-0.0007963633869140575,-0.06000000000000005,-0.050000000000000044,-0.1300001144409162
2016-08-15,11.95918083190918,134.09597778320312,50.53340911865234,2190.14990234375,1.55,0.72,11.8100004196167,0.006105018641255912,0.00735089066132988,0.013990610881432237,0.002789016294521772,0.040000000000000036,0.010000000000000009,0.26000022888183594
2016-08-16,12.078608512878418,134.1769256591797,50.52571868896485,2178.14990234375,1.57,0.76,12.640000343322754,-0.00015219663714044506,0.009936742679117528,0.0006034741294742064,-0.0054941422164782264,0.020000000000000018,0.040000000000000036,0.8299999237060547
2016-08-17,12.062686920166016,134.1931915283203,50.66413116455078,2182.219970703125,1.56,0.74,12.1899995803833,0.002735700509689353,-0.0013190340232564284,0.00012121967476122935,0.0018668460061555662,-0.010000000000000009,-0.020000000000000018,-0.4500007629394531
2016-08-18,12.07064437866211,134.50906372070312,50.71027755737305,2187.02001953125,1.53,0.71,11.43000030517578,0.0009104150957119839,0.0006594579659097883,0.0023510955469475303,0.002197201696382422,-0.030000000000000027,-0.030000000000000027,-0.7599992752075213
2016-08-19,12.11842155456543,134.64675903320312,50.64106369018555,2183.8701171875,1.58,0.76,11.34000015258789,-0.0013658206609840043,0.0039503169047900985,0.0010231643744766838,-0.0014413095687681864,0.050000000000000044,0.050000000000000044,-0.09000015258788885
2016-08-22,12.086570739746094,134.6710662841797,50.59493637084961,2182.639892578125,1.55,0.76,12.270000457763672,-0.0009112829922217347,-0.0026317573511838994,0.00018050978255083623,-0.0005634818833231075,-0.030000000000000027,0.0,0.9300003051757812
2016-08-23,12.221928596496582,134.52520751953125,50.57184982299805,2186.89990234375,1.55,0.74,12.380000114440918,-0.00045640568650824435,0.011136784207739768,-0.0010836612027441746,0.001949867178361733,0.0,-0.020000000000000018,0.1099996566772461
2016-08-24,12.261741638183594,133.89341735839844,50.71027755737305,2175.43994140625,1.56,0.76,13.449999809265137,0.0027335093397138533,0.003252214753502113,-0.004707507373294084,-0.005254055259671874,0.010000000000000009,0.020000000000000018,1.0699996948242188
2016-08-25,12.365246772766112,134.3794403076172,50.80254364013672,2172.469970703125,1.58,0.78,13.630000114440918,0.0018178217703504567,0.008405879136906345,0.003623351875278538,-0.001366160396645455,0.020000000000000018,0.020000000000000018,0.18000030517578125
2016-08-26,12.57226276397705,134.4361114501953,50.9178581237793,2169.0400390625,1.62,0.84,13.649999618530272,0.002267284262380336,0.016603161311843882,0.0004216358990178001,-0.001580064238713279,0.040000000000000036,0.05999999999999994,0.019999504089353692
2016-08-29,12.612075805664062,135.16513061523438,51.479190826416016,2180.3798828125,1.57,0.81,12.9399995803833,0.010963955142298693,0.003161732816052908,0.0054081423091083365,0.005214428428674345,-0.050000000000000044,-0.029999999999999916,-0.7100000381469709
2016-08-30,12.89074993133545,137.72666931152344,51.90208053588867,2176.1201171875,1.57,0.8,13.119999885559082,0.008181212373257312,0.021855242308121543,0.018773843205221057,-0.001955591407122778,0.0,-0.010000000000000009,0.18000030517578125
2016-08-31,12.910746574401855,137.79978942871094,51.90208053588867,2170.949951171875,1.58,0.8,13.420000076293944,0.0,0.0015500377713090292,0.0005307665858182619,-0.0023786911055626065,0.010000000000000009,0.0,0.3000001907348615
2016-09-01,12.78276252746582,137.0272979736328,51.67909622192383,2170.860107421875,1.57,0.78,13.479999542236328,-0.00430550540950369,-0.009962446543616783,-0.00562166922343696,-4.138538941144249e-05,-0.010000000000000009,-0.020000000000000018,0.05999946594238459
2016-09-02,12.79875946044922,137.57212829589844,51.8943977355957,2179.97998046875,1.6,0.8,11.979999542236328,0.004157469552508546,0.001250663277665985,0.003968187731478871,0.004192241599034617,0.030000000000000027,0.020000000000000018,-1.5
2016-09-06,12.622774124145508,137.6941375732422,51.85595703125,2186.47998046875,1.55,0.74,12.020000457763672,-0.0007410231259665866,-0.013845596457254057,0.0008864819301312255,0.002977242370005349,-0.050000000000000044,-0.06000000000000005,0.04000091552734375
2016-09-07,12.558785438537598,137.9706268310547,51.640655517578125,2186.159912109375,1.54,0.74,11.9399995803833,-0.004160557895496022,-0.0050821970082847385,0.002005982528273067,-0.00014639593829345095,-0.010000000000000009,0.0,-0.0800008773803711
2016-09-08,12.686768531799316,139.5887908935547,51.70985794067383,2181.300048828125,1.61,0.78,12.510000228881836,0.0013391792865346823,0.010139146863106187,0.011660079194419725,-0.0022254881924702883,0.07000000000000006,0.040000000000000036,0.5700006484985352
2016-09-09,12.590782165527344,137.07614135742188,51.248497009277344,2127.81005859375,1.67,0.79,17.5,-0.00896214823290454,-0.0075946304119914425,-0.018164344872515777,-0.024827742410836417,0.05999999999999983,0.010000000000000009,4.989999771118164
2016-09-12,12.718767166137695,139.10089111328125,51.56376266479492,2159.0400390625,1.68,0.79,15.15999984741211,0.0061328608993439,0.010113660251745338,0.014662957413753177,0.014570387233434434,0.010000000000000009,0.0,-2.3400001525878906
2016-09-13,12.57478141784668,135.79942321777344,51.156227111816406,2127.02001953125,1.73,0.8,17.850000381469727,-0.007934924685422017,-0.011385298757582124,-0.02402053736318433,-0.014941748278210834,0.050000000000000044,0.010000000000000009,2.690000534057617
2016-09-14,12.502789497375488,135.1163787841797,51.056270599365234,2125.77001953125,1.7,0.77,18.13999938964844,-0.001955857582072021,-0.0057415543542828455,-0.0050424956820269914,-0.0005878493998128358,-0.030000000000000027,-0.030000000000000027,0.2899990081787145
2016-09-15,12.534781455993652,136.67764282226562,51.240821838378906,2147.260009765625,1.71,0.74,16.299999237060547,0.0036081463281931203,0.0025555175530797007,0.011488708997203462,0.01005851644943989,0.010000000000000009,-0.030000000000000027,-1.8400001525878942
2016-09-16,12.390798568725586,134.98629760742188,50.61030578613281,2139.159912109375,1.7,0.77,15.369999885559082,-0.012381288682412646,-0.011553150509220492,-0.012451907056197349,-0.0037794277955721,-0.010000000000000009,0.030000000000000027,-0.9299993515014648
2016-09-19,12.47079086303711,135.1570281982422,50.894798278808594,2139.1201171875,1.7,0.79,15.529999732971191,0.005605496201002829,0.006435032689169152,0.0012640002342640896,-1.8603233824686035e-05,0.0,0.020000000000000018,0.15999984741210938
2016-09-20,12.478787422180176,135.3684844970703,51.10240173339844,2139.760009765625,1.69,0.79,15.920000076293944,0.004070773339883271,0.0006410176016179555,0.001563300553698827,0.0002990934842341777,-0.010000000000000009,0.0,0.39000034332275213
2016-09-21,12.518787384033203,135.8238067626953,51.39459609985352,2163.1201171875,1.66,0.79,13.300000190734863,0.005701535931280137,0.003200310134325243,0.003357932420202547,0.010858000333635954,-0.030000000000000027,0.0,-2.6199998855590803
2016-09-22,12.478787422180176,136.6288604736328,51.817501068115234,2177.179931640625,1.63,0.79,12.020000457763672,0.00819491797191131,-0.0032003101343252636,0.005909694789264186,0.006478751917642122,-0.030000000000000027,0.0,-1.2799997329711914
2016-09-23,12.414801597595217,134.27877807617188,51.70985794067383,2164.68994140625,1.62,0.77,12.289999961853027,-0.0020795114888030974,-0.005140758566309923,-0.017350129829742125,-0.005753292959718776,-0.009999999999999787,-0.020000000000000018,0.26999950408935547
2016-09-26,12.070831298828123,131.31069946289062,50.579551696777344,2146.10009765625,1.59,0.76,14.5,-0.022101061221344795,-0.02809753209004792,-0.022351805587755184,-0.008624850117916047,-0.030000000000000027,-0.010000000000000009,2.2100000381469727
2016-09-27,12.230815887451172,132.457275390625,51.02552032470703,2159.929931640625,1.56,0.75,13.100000381469728,0.008778528138606736,0.013166753568543637,0.008693876883373707,0.006423495165298114,-0.030000000000000027,-0.010000000000000009,-1.3999996185302717
2016-09-28,12.302807807922363,132.9127197265625,51.29463958740234,2171.3701171875,1.57,0.75,12.390000343322754,0.005260349153068354,0.005868853945301097,0.0034325265968052163,0.005282576603642458,0.010000000000000009,0.0,-0.7100000381469744
2016-09-29,12.126822471618652,129.25344848632812,50.47959518432617,2151.1298828125,1.56,0.73,14.020000457763672,-0.016017056370596507,-0.014407780927773726,-0.02791747636496614,-0.009365127730081198,-0.010000000000000009,-0.020000000000000018,1.630000114440918
2016-09-30,12.518787384033203,131.13999938964844,51.20236587524414,2168.27001953125,1.6,0.77,13.289999961853027,0.014216540605870052,0.03181077420461209,0.014490256403375932,0.0079363925880277,0.040000000000000036,0.040000000000000036,-0.7300004959106445
2016-10-03,12.502789497375488,130.97735595703125,51.14086151123047,2161.199951171875,1.63,0.8,13.56999969482422,-0.0012019236248163286,-0.0012787274689714623,-0.001240997211158724,-0.003266023181527122,0.029999999999999805,0.030000000000000027,0.2799997329711932
2016-10-04,12.638775825500488,131.9531707763672,51.58233642578125,2150.489990234375,1.69,0.82,13.630000114440918,0.008595480699816666,0.010817755578288683,0.007422639825906355,-0.004967881786362002,0.06000000000000005,0.019999999999999907,0.06000041961669744
2016-10-05,12.88675022125244,135.31153869628906,52.426551818847656,2159.72998046875,1.72,0.85,12.989999771118164,0.01623388053715963,0.019430134112190172,0.025132721052513542,0.004287486231196994,0.030000000000000027,0.030000000000000027,-0.6400003433227539
2016-10-06,12.974743843078612,135.92137145996094,52.565956115722656,2160.77001953125,1.75,0.86,12.84000015258789,0.002655510979547034,0.006805017620122859,0.00449675366406491,0.0004814438526045025,0.030000000000000027,0.010000000000000009,-0.14999961853027344
2016-10-07,12.902750015258787,138.10073852539062,52.751834869384766,2153.739990234375,1.73,0.83,13.479999542236328,0.003529867934506118,-0.005564218386918216,0.01590684064642451,-0.0032587874416142044,-0.020000000000000018,-0.030000000000000027,0.6399993896484375
2016-10-11,12.88675022125244,137.45826721191406,52.90673828125,2136.72998046875,1.77,0.87,15.359999656677246,0.002932152464835115,-0.0012407992332047265,-0.004663048307321049,-0.007929247380431659,0.040000000000000036,0.040000000000000036,1.880000114440918
2016-10-12,12.822758674621582,137.66970825195312,52.7673225402832,2139.179931640625,1.79,0.87,15.90999984741211,-0.0026386006323553825,-0.004978055320934906,0.0015370380370063475,0.0011459322063988205,0.020000000000000018,0.0,0.5500001907348633
2016-10-13,12.662771224975586,136.1409912109375,52.46525573730469,2132.550048828125,1.75,0.85,16.690000534057617,-0.005740952803062516,-0.012555324682014401,-0.011166349074656296,-0.0031040764122339942,-0.040000000000000036,-0.020000000000000018,0.7800006866455078
2016-10-14,12.79875946044922,138.66177368164062,52.29487228393555,2132.97998046875,1.8,0.84,16.1200008392334,-0.0032528330543674816,0.010681960187014373,0.018346636206828106,0.0002015841591211507,0.050000000000000044,-0.010000000000000009,-0.5699996948242188
2016-10-17,12.838757514953612,137.42576599121094,52.0237922668457,2126.5,1.77,0.81,16.209999084472656,-0.005197164446545515,0.0031202777550540487,-0.008953797404221128,-0.0030426181118402627,-0.030000000000000027,-0.029999999999999916,0.08999824523925781
2016-10-18,13.00674057006836,140.37759399414062,52.43427276611328,2139.60009765625,1.75,0.82,15.279999732971191,0.007859280411248573,0.01299920164248898,0.02125200430337861,0.00614150560569863,-0.020000000000000018,0.009999999999999898,-0.9299993515014648
2016-10-19,13.174723625183104,141.90631103515625,52.937721252441406,2144.2900390625,1.76,0.81,14.40999984741211,0.009555713961854395,0.012832388517758286,0.010831166487098533,0.0021895721553504997,0.010000000000000009,-0.009999999999999898,-0.869999885559082
2016-10-20,13.246709823608398,141.90631103515625,52.86800765991211,2141.340087890625,1.76,0.84,13.75,-0.0013177661235191844,0.005449089405843847,0.0,-0.0013766711313809553,0.0,0.029999999999999916,-0.6599998474121094
2016-10-21,13.334708213806152,142.036376953125,53.04613876342773,2141.159912109375,1.74,0.84,13.34000015258789,0.003363691772727006,0.006621069767653841,0.0009161421129556608,-8.414514015477906e-05,-0.020000000000000018,0.0,-0.4099998474121094
2016-10-24,13.414701461791992,142.40234375,53.3404541015625,2151.330078125,1.77,0.84,13.020000457763672,0.005532954501987133,0.005980953405280802,0.0025732572408735947,0.004738594647427366,0.030000000000000027,0.0,-0.31999969482421875
2016-10-25,13.374699592590332,142.7520294189453,53.286258697509766,2143.159912109375,1.77,0.86,13.460000038146973,-0.0010165446781018913,-0.002986397407721481,0.0024526072691600886,-0.0038049574647063588,0.0,0.020000000000000018,0.4399995803833008
2016-10-26,13.494691848754885,143.98806762695312,53.54181671142578,2139.429931640625,1.79,0.86,14.239999771118164,0.004784481990178465,0.008931579571133092,0.008621367410771841,-0.001741927921187231,0.020000000000000018,0.0,0.7799997329711914
2016-10-27,13.526690483093262,144.54098510742188,53.61928176879883,2133.0400390625,1.85,0.87,15.359999656677246,0.0014457685104966192,0.0023683946959395484,0.0038326688564762814,-0.0029911959060088668,0.06000000000000005,0.010000000000000009,1.119999885559082
2016-10-28,13.342707633972168,144.04498291015625,53.52635192871094,2126.409912109375,1.86,0.86,16.190000534057617,-0.0017346458307834344,-0.013694815475807412,-0.0034374691817322407,-0.00311314013962507,0.010000000000000009,-0.010000000000000009,0.8300008773803711
2016-10-31,13.198721885681152,144.93946838378906,53.64250946044922,2126.14990234375,1.84,0.86,17.059999465942383,0.0021677486486139782,-0.010849992892052948,0.006190563722343257,-0.0001222838841985538,-0.020000000000000018,0.0,0.8699989318847656
2016-11-01,13.28671169281006,144.7930450439453,53.41789627075195,2111.719970703125,1.83,0.83,18.559999465942383,-0.0041960147211882555,0.006644416870460299,-0.001010748504385106,-0.006810019108735079,-0.010000000000000009,-0.030000000000000027,1.5
2016-11-02,13.18272304534912,143.58958435058594,53.19330978393555,2097.93994140625,1.81,0.81,19.31999969482422,-0.004213193478378816,-0.007857302846582766,-0.008346325727613714,-0.006546884453454001,-0.020000000000000018,-0.019999999999999907,0.7600002288818359
2016-11-03,13.18272304534912,143.2886962890625,52.9609489440918,2088.659912109375,1.82,0.81,22.07999992370605,-0.004377802901749588,0.0,-0.0020976713272528374,-0.004433213022609399,0.010000000000000009,0.0,2.7600002288818324
2016-11-04,13.238713264465332,143.05294799804688,52.48076629638672,2085.179931640625,1.79,0.8,22.51000022888184,-0.009108083383418382,0.0042382482368610195,-0.0016466228296567389,-0.0016675202716929607,-0.030000000000000027,-0.010000000000000009,0.43000030517578836
2016-11-07,13.606679916381836,147.57411193847656,54.12272262573242,2131.52001953125,1.83,0.82,18.709999084472656,0.030807363025058564,0.027415482156835428,0.03111567596332214,0.021980199729464904,0.040000000000000036,0.019999999999999907,-3.8000011444091832
2016-11-08,13.598678588867188,147.93190002441406,54.2389030456543,2139.56005859375,1.88,0.87,18.739999771118164,0.002144310104599072,-0.000588217041419135,0.0024215294869581166,0.0037648783971575305,0.04999999999999982,0.050000000000000044,0.030000686645507812
2016-11-09,14.374606132507324,156.6409912109375,56.73280715942383,2163.260009765625,2.07,0.9,14.380000114440918,0.04495423357432632,0.055490561392168604,0.05720447381824283,0.011016119879656035,0.18999999999999995,0.030000000000000027,-4.359999656677246
2016-11-10,15.00654411315918,163.34146118164062,59.36613464355469,2167.47998046875,2.15,0.92,14.739999771118164,0.04537128702290888,0.04302319334260888,0.041886356817431795,0.001948845716095396,0.08000000000000007,0.020000000000000018,0.3599996566772461
2016-11-14,16.06243896484375,170.0989532470703,61.58123397827149,2164.199951171875,2.23,1.0,14.479999542236328,0.03663324097610545,0.06799718262123451,0.040537482097526265,-0.0015144378049808257,0.08000000000000007,0.07999999999999996,-0.26000022888183594
2016-11-15,16.126434326171875,171.73341369628906,61.46504592895508,2180.389892578125,2.23,1.02,13.369999885559082,-0.0018885265598665203,0.003976246392116411,0.00956300844135816,0.007452955022089459,0.0,0.020000000000000018,-1.109999656677246
2016-11-16,15.798468589782717,167.72450256347656,59.94704818725586,2176.93994140625,2.22,1.0,13.720000267028809,-0.025007012005923732,-0.020546798548127174,-0.023620586415761598,-0.0015835165223759536,-0.009999999999999787,-0.020000000000000018,0.35000038146972656
2016-11-17,16.06243896484375,170.46484375,60.427223205566406,2187.1201171875,2.29,1.04,13.350000381469728,0.007978076372438171,0.01657055215601087,0.016206312789637155,0.004665469361197901,0.06999999999999984,0.040000000000000036,-0.36999988555908025
2016-11-18,15.998453140258787,171.0503692626953,60.1871223449707,2181.89990234375,2.34,1.07,12.850000381469728,-0.003981303826647148,-0.00399152396186811,0.003428989773228262,-0.00238965136554844,0.04999999999999982,0.030000000000000027,-0.5
2016-11-21,16.262426376342773,171.6439971923828,60.45048522949219,2198.179931640625,2.33,1.08,12.420000076293944,0.004366189088191436,0.016365277791976662,0.003464477864546956,0.007433702070873876,-0.009999999999999787,0.010000000000000009,-0.4300003051757848
2016-11-22,16.23842430114746,171.6683349609375,60.82222366333008,2202.93994140625,2.31,1.07,12.40999984741211,0.006130638979512102,-0.001477012389429195,0.0001417820818890422,0.002163091103593048,-0.020000000000000018,-0.010000000000000009,-0.010000228881834161
2016-11-23,16.446407318115234,172.64418029785156,61.07779312133789,2204.719970703125,2.36,1.12,12.43000030517578,0.004193105779696515,0.012726749009214559,0.005668385008038256,0.000807698156908801,0.04999999999999982,0.050000000000000044,0.0200004577636701
2016-11-25,16.686386108398438,171.88790893554688,61.05458831787109,2213.35009765625,2.36,1.12,12.34000015258789,-0.0003799942893535362,0.014486130630035999,-0.004390143040924338,0.003906745613423708,0.0,0.0,-0.09000015258788885
2016-11-28,16.23842430114746,171.0503692626953,60.6595573425293,2201.719970703125,2.32,1.11,13.149999618530272,-0.006491149574286552,-0.027212879639250634,-0.004884501913549929,-0.0052683892547352165,-0.040000000000000036,-0.010000000000000009,0.809999465942381
2016-11-29,16.230430603027344,172.72250366210938,61.12427520751953,2204.659912109375,2.3,1.09,12.899999618530272,0.007631885298854716,-0.0004923917585153674,0.009728211376704151,0.001334402353261901,-0.020000000000000018,-0.020000000000000018,-0.25
2016-11-30,16.957042694091797,178.87281799316406,62.092411041259766,2198.81005859375,2.37,1.11,13.329999923706056,0.01571468583794171,0.04379533323120453,0.034988757703656496,-0.0026569305551563936,0.07000000000000028,0.020000000000000018,0.4300003051757848
2016-12-01,17.262144088745117,184.8600311279297,63.34713745117188,2191.080078125,2.45,1.14,14.06999969482422,0.020005943480961578,0.01783265521913513,0.032923910921741587,-0.003521722966763813,0.08000000000000007,0.029999999999999805,0.7399997711181641
2016-12-02,17.045358657836914,182.1926727294922,63.1999626159668,2191.949951171875,2.4,1.11,14.119999885559082,-0.0023260098648213386,-0.012637953737265915,-0.014534181741101883,0.0003969277200846238,-0.050000000000000266,-0.029999999999999805,0.050000190734861505
2016-12-05,17.535125732421875,186.4261932373047,64.48566436767578,2204.7099609375,2.39,1.13,12.140000343322754,0.020139231600171215,0.028328106746146362,0.022970645556584558,0.005804426926743671,-0.009999999999999787,0.019999999999999796,-1.9799995422363281
2016-12-06,17.792049407958984,188.7345428466797,64.81869506835938,2212.22998046875,2.39,1.12,11.789999961853027,0.005151124656965165,0.014545641104910379,0.012306078534155834,0.0034050844688746093,0.0,-0.009999999999999787,-0.35000038146972656
2016-12-07,18.121227264404297,192.14414978027344,65.1130142211914,2241.35009765625,2.34,1.1,12.220000267028809,0.004530374576494411,0.018332333104480944,0.01790437786621075,0.013077358744723351,-0.050000000000000266,-0.020000000000000018,0.43000030517578125
2016-12-08,18.426328659057617,196.94854736328125,65.92625427246094,2246.18994140625,2.4,1.12,12.640000343322754,0.012412317339972884,0.016696519084030092,0.024696643288294795,0.0021570150168711013,0.06000000000000005,0.020000000000000018,0.4200000762939453
2016-12-09,18.538738250732425,197.2748107910156,66.21282196044922,2259.530029296875,2.47,1.15,11.75,0.004337371584837865,0.0060819550768379275,0.0016552215665359526,0.005921418532969715,0.07000000000000028,0.029999999999999805,-0.8900003433227539
2016-12-12,18.15335273742676,193.4573974609375,65.62418365478516,2256.9599609375,2.49,1.15,12.640000343322754,-0.008929848103280506,-0.021007234829096246,-0.01954041522506509,-0.001138082290599516,0.020000000000000018,0.0,0.8900003433227539
2016-12-13,18.15335273742676,194.58302307128903,65.64741516113281,2271.719970703125,2.48,1.17,12.720000267028809,0.00035394566379533775,0.0,0.005801605750540861,0.00651848320123699,-0.010000000000000231,0.020000000000000018,0.07999992370605469
2016-12-14,18.20152282714844,195.7086639404297,65.62418365478516,2253.280029296875,2.54,1.27,13.1899995803833,-0.00035394566379532983,0.00264999492712032,0.005768219143058879,-0.008150295461858616,0.06000000000000005,0.10000000000000009,0.4699993133544922
2016-12-15,18.594942092895508,198.2128753662109,66.6078109741211,2262.030029296875,2.6,1.29,12.789999961853027,0.01487757127478479,0.021384350846066102,0.012714436308057075,0.0038757076875535726,0.06000000000000005,0.020000000000000018,-0.39999961853027344
2016-12-16,18.1934871673584,194.86851501464844,65.7868423461914,2258.070068359375,2.6,1.28,12.199999809265137,-0.012401998570929112,-0.02182593115731373,-0.01701653211314329,-0.0017521567509802415,0.0,-0.010000000000000009,-0.5900001525878906
2016-12-19,18.048967361450195,195.0072021484375,66.16635131835938,2262.530029296875,2.54,1.24,11.710000038146973,0.005752191486257439,-0.007975208842167694,0.0007114428189984755,0.0019731727152112587,-0.06000000000000005,-0.040000000000000036,-0.48999977111816406
2016-12-20,18.233640670776367,198.2862548828125,67.0182876586914,2270.760009765625,2.57,1.25,11.449999809265137,0.01279348679818055,0.010179803168645942,0.0166752263857105,0.0036309124011527547,0.029999999999999805,0.010000000000000009,-0.26000022888183594
2016-12-21,18.16940689086914,196.94036865234372,67.18870544433594,2265.179931640625,2.55,1.21,11.270000457763672,0.0025396273815493256,-0.0035290367633607446,-0.006810732642241341,-0.0024603857246776667,-0.020000000000000018,-0.040000000000000036,-0.17999935150146484
2016-12-22,18.097145080566406,195.86370849609372,67.297119140625,2260.9599609375,2.55,1.22,11.43000030517578,0.0016122698449145452,-0.00398504418007882,-0.00548193318330063,-0.0018647112223965044,0.0,0.010000000000000009,0.1599998474121076
2016-12-23,18.14532470703125,196.55697631835935,67.42102813720703,2263.7900390625,2.55,1.22,11.4399995803833,0.0018395299226834038,0.0026587401536712894,0.0035332925624545386,0.0012509325350792359,0.0,0.0,0.009999275207521308
2016-12-27,18.15335273742676,197.0382843017578,67.4830093383789,2268.8798828125,2.57,1.28,11.989999771118164,0.0009188932620985818,0.00044233184741726095,0.0024457013153578564,0.0022458489045486347,0.020000000000000018,0.06000000000000005,0.5500001907348633
2016-12-28,17.928539276123047,196.29600524902344,66.99504089355469,2249.919921875,2.51,1.26,12.949999809265137,-0.007257252550325318,-0.012461451325418262,-0.0037742955731014266,-0.008391640709771516,-0.06000000000000005,-0.020000000000000018,0.9600000381469727
2016-12-29,17.663583755493164,194.2812347412109,66.52261352539062,2249.260009765625,2.49,1.22,13.369999885559082,-0.007076657267220134,-0.014888710900962995,-0.010316977911212543,-0.00029334773186837293,-0.019999999999999574,-0.040000000000000036,0.4200000762939453
2016-12-30,17.743879318237305,195.31710815429688,66.8324203491211,2238.830078125,2.45,1.2,14.039999961853027,0.004646354503273205,0.004535524063015382,0.005317660472474265,-0.004647834696854234,-0.040000000000000036,-0.020000000000000018,0.6700000762939453
2017-01-03,18.08911895751953,197.04641723632807,67.5604476928711,2257.830078125,2.45,1.22,12.850000381469728,0.010834421140761755,0.019269965619814883,0.008814888070423053,0.008450766753157112,0.0,0.020000000000000018,-1.189999580383299
2017-01-04,18.426328659057617,198.3189392089844,67.68506622314453,2270.75,2.46,1.24,11.850000381469728,0.001842849525032694,0.01846995229580934,0.006437217354096095,0.005705963770549438,0.009999999999999787,0.020000000000000018,-1.0
2017-01-05,18.209550857543945,196.842529296875,67.06202697753906,2269.0,2.37,1.17,11.670000076293944,-0.009247601130318693,-0.011834318398544246,-0.007472473405109485,-0.0007709676024811847,-0.08999999999999986,-0.07000000000000006,-0.1800003051757848
2017-01-06,18.209550857543945,199.7626800537109,67.06982421875,2276.97998046875,2.42,1.22,11.31999969482422,0.00011626233665126385,0.0,0.014725996827913312,0.0035107891805790594,0.04999999999999982,0.050000000000000044,-0.350000381469723
2017-01-09,18.105173110961918,198.1231689453125,67.11653900146484,2268.89990234375,2.38,1.21,11.5600004196167,0.0006962672432728773,-0.0057485241582571865,-0.008241159577280993,-0.003554905471559629,-0.040000000000000036,-0.010000000000000009,0.2400007247924787
2017-01-10,18.41829872131348,197.8621368408203,67.31122589111328,2268.89990234375,2.38,1.19,11.489999771118164,0.002896529982786306,0.017146961483103757,-0.0013183930741248611,0.0,0.0,-0.020000000000000018,-0.07000064849853516
2017-01-11,18.52267837524414,200.4641876220703,67.81745147705078,2275.320068359375,2.38,1.2,11.260000228881836,0.007492531770514784,0.005651173299755484,0.013065105843422312,0.0028256423891019514,0.0,0.010000000000000009,-0.22999954223632812
2017-01-12,18.402244567871094,198.8980255126953,67.16326904296875,2270.43994140625,2.36,1.18,11.539999961853027,-0.009693051771295615,-0.00652319489561445,-0.007843356666295995,-0.002147112393729617,-0.020000000000000018,-0.020000000000000018,0.2799997329711914
2017-01-13,18.47450828552246,199.2732696533203,67.52151489257812,2274.639892578125,2.4,1.21,11.229999542236328,0.005319779770300349,0.003919206793357773,0.0018848382908167396,0.0018481313951466559,0.040000000000000036,0.030000000000000027,-0.3100004196166992
2017-01-17,17.7037296295166,192.2909393310547,65.06832122802734,2267.889892578125,2.33,1.17,11.869999885559082,-0.03700847254424362,-0.042616520437923744,-0.035667562944786714,-0.0029719144562184454,-0.06999999999999984,-0.040000000000000036,0.6400003433227539
2017-01-18,18.16940689086914,191.10821533203125,65.37205505371094,2271.889892578125,2.42,1.23,12.479999542236328,0.004657060693861308,0.025963908740854313,-0.006169694097379144,0.0017622004698093201,0.08999999999999986,0.06000000000000005,0.6099996566772461
2017-01-19,18.08911895751953,188.75897216796875,64.87361145019531,2263.68994140625,2.47,1.25,12.779999732971191,-0.0076539365990785715,-0.004428644722541179,-0.012368918359954215,-0.003615837624319374,0.050000000000000266,0.020000000000000018,0.3000001907348633
2017-01-20,18.17743492126465,189.40338134765625,65.16178894042969,2271.31005859375,2.48,1.2,11.539999961853027,0.004432300145128817,0.004870390421798847,0.0034081118728140165,0.0033605840612999428,0.009999999999999787,-0.050000000000000044,-1.239999771118164
2017-01-23,18.11320304870605,189.7868194580078,65.19291687011719,2265.199951171875,2.41,1.16,11.770000457763672,0.0004775881328658434,-0.003539862797886216,0.002022405854525505,-0.002693749646069815,-0.06999999999999984,-0.040000000000000036,0.23000049591064453
2017-01-24,18.426328659057617,190.61058044433597,65.97949981689453,2280.070068359375,2.47,1.21,11.06999969482422,0.011993258872786508,0.01713942467189663,0.004331061538387937,0.006543140528962317,0.06000000000000005,0.050000000000000044,-0.7000007629394513
2017-01-25,18.763547897338867,193.5225830078125,66.99972534179688,2298.3701171875,2.53,1.23,10.8100004196167,0.015344435063818785,0.01813549879537647,0.015161712780832021,0.007994052795968681,0.05999999999999961,0.020000000000000018,-0.2599992752075213
2017-01-26,18.81974601745605,195.42315673828125,67.56046295166016,2296.679931640625,2.51,1.21,10.630000114440918,0.008334424361768717,0.0029905926888288306,0.009773028284090143,-0.0007356549352631034,-0.020000000000000018,-0.020000000000000018,-0.18000030517578125
2017-01-27,18.75551986694336,193.2779083251953,67.70065307617188,2294.68994140625,2.49,1.22,10.579999923706056,0.0020728821235033263,-0.0034185367181668014,-0.011038149299878482,-0.0008668394897415927,-0.019999999999999574,0.010000000000000009,-0.050000190734861505
2017-01-30,18.426328659057617,190.79005432128903,66.99972534179688,2280.89990234375,2.49,1.22,11.880000114440918,-0.010407306485272045,-0.017707554766038535,-0.012955461238030255,-0.006027673496096654,0.0,0.0,1.3000001907348615
2017-01-31,18.17743492126465,187.05421447753903,65.90940856933594,2278.8701171875,2.45,1.19,11.989999771118164,-0.01640731828902472,-0.013599561874010423,-0.019775139627910148,-0.0008903016080325452,-0.040000000000000036,-0.030000000000000027,0.1099996566772461
2017-02-01,18.378158569335938,188.15542602539065,66.15863037109375,2279.550048828125,2.48,1.22,11.8100004196167,0.0037741470167554723,0.010981939901578008,0.005869863622133175,0.00029831898811628964,0.029999999999999805,0.030000000000000027,-0.17999935150146484
2017-02-02,18.24166488647461,187.943359375,65.8782730102539,2280.85009765625,2.48,1.21,11.93000030517578,-0.004246657941724024,-0.007454668105026091,-0.0011277179352733105,0.0005701468386910137,0.0,-0.010000000000000009,0.11999988555908025
2017-02-03,18.699312210083008,196.5406646728516,67.89532470703125,2297.419921875,2.49,1.21,10.970000267028809,0.030158485835042964,0.024778485823186997,0.0447287172833585,0.007238496854553608,0.010000000000000231,0.0,-0.9600000381469709
2017-02-06,18.562824249267575,195.74948120117188,67.57601928710938,2292.56005859375,2.42,1.16,11.369999885559082,-0.0047140007886931085,-0.0073258585903017825,-0.004033670245079777,-0.002117597513709103,-0.07000000000000028,-0.050000000000000044,0.39999961853027344
2017-02-07,18.386186599731445,195.45579528808597,67.53709411621094,2293.080078125,2.4,1.16,11.289999961853027,-0.0005761864410472842,-0.009561229982477158,-0.0015014417540249252,0.00022680346384577153,-0.020000000000000018,0.0,-0.07999992370605469
2017-02-08,18.20152282714844,193.9141845703125,66.9452133178711,2294.669921875,2.34,1.15,11.449999809265137,-0.008802416188863764,-0.010094391998087756,-0.007918529177007898,0.0006930821486096318,-0.06000000000000005,-0.010000000000000009,0.15999984741210938
2017-02-09,18.562824249267575,197.03012084960935,67.91090393066406,2307.8701171875,2.4,1.2,10.880000114440918,0.014322036543394123,0.019655621980564798,0.015940901141008032,0.00573606373596025,0.06000000000000005,0.050000000000000044,-0.5699996948242188
2017-02-10,18.530704498291016,197.9844970703125,67.7551498413086,2316.10009765625,2.41,1.2,10.850000381469728,-0.0022961404633852506,-0.0017318254740873546,0.00483211524035438,0.0035597068220090916,0.010000000000000231,0.0,-0.02999973297118963
2017-02-13,18.78763008117676,200.88018798828125,68.6507568359375,2328.25,2.43,1.2,11.06999969482422,0.013131687422806886,0.013769619959975235,0.014519920668241437,0.005232133584011204,0.020000000000000018,0.0,0.2199993133544922
2017-02-14,19.317533493041992,203.48220825195312,69.74886322021484,2337.580078125,2.47,1.25,10.739999771118164,0.01586896593893699,0.027814475772506553,0.012869921650530504,0.003999327195672579,0.040000000000000036,0.050000000000000044,-0.32999992370605646
2017-02-15,19.73504066467285,204.3631896972656,70.551025390625,2349.25,2.51,1.27,11.970000267028809,0.01143508978250709,0.021382615005668393,0.004320180244566197,0.00497988866573445,0.03999999999999959,0.020000000000000018,1.2300004959106445
2017-02-16,19.73504066467285,203.4659423828125,70.50430297851562,2347.219970703125,2.45,1.22,11.760000228881836,-0.0006624693211991161,0.0,-0.004400120989469024,-0.0008644916015501692,-0.05999999999999961,-0.050000000000000044,-0.21000003814697266
2017-02-17,19.686872482299805,204.232666015625,70.27066040039062,2351.159912109375,2.42,1.21,11.489999771118164,-0.003319379910253322,-0.0024437274854913825,0.003761232051877404,0.001677149327237158,-0.03000000000000025,-0.010000000000000009,-0.2700004577636719
2017-02-21,19.89561462402344,205.35829162597656,70.87812805175781,2365.3798828125,2.43,1.22,11.56999969482422,0.008607532641425279,0.010547294630241011,0.005496353975122722,0.0060298500200691545,0.010000000000000231,0.010000000000000009,0.07999992370605646
2017-02-22,19.90365028381348,205.33384704589844,70.91702270507812,2362.820068359375,2.42,1.22,11.739999771118164,0.0005486034478358824,0.0004038094632068024,-0.00011904089611284688,-0.001082786146804093,-0.010000000000000231,0.0,0.17000007629394354
2017-02-23,19.73504066467285,204.89337158203125,70.97157287597656,2363.81005859375,2.38,1.18,11.710000038146973,0.0007689155476194012,-0.00850737660795647,-0.002147471514037438,0.00041889897125923353,-0.040000000000000036,-0.040000000000000036,-0.029999732971191406
2017-02-24,19.454030990600582,201.76119995117188,70.34854125976562,2367.340087890625,2.31,1.12,11.470000267028809,-0.008817366961976797,-0.014341472182988532,-0.01540488557765152,0.0014922502320316529,-0.06999999999999984,-0.05999999999999983,-0.23999977111816406
2017-02-27,19.72700309753418,203.37619018554688,70.42639923095703,2369.75,2.36,1.2,12.09000015258789,0.0011061340727047157,0.013934115316311793,0.007972598076904723,0.0010174652677336642,0.04999999999999982,0.07999999999999985,0.619999885559082
2017-02-28,19.81532859802246,202.8691253662109,70.57440185546875,2363.639892578125,2.36,1.22,12.920000076293944,0.0020993168510662933,0.00446739701976195,-0.0024963491922251496,-0.0025817061151949088,0.0,0.020000000000000018,0.8299999237060529
2017-03-01,20.536104202270508,206.67202758789065,72.89521026611328,2395.9599609375,2.46,1.29,12.539999961853027,0.032355435258963734,0.035728707881376054,0.01857206047382012,0.013581211083725323,0.10000000000000009,0.07000000000000006,-0.3800001144409162
2017-03-02,20.31866836547852,205.32260131835935,71.75816345214844,2381.919921875,2.49,1.32,11.8100004196167,-0.015721309555031582,-0.010644430314957017,-0.006550721783211875,-0.0058771169721052695,0.03000000000000025,0.030000000000000027,-0.7299995422363281
2017-03-03,20.48778915405273,206.81922912597656,72.27217102050781,2383.1201171875,2.49,1.32,10.960000038146973,0.007137520750494962,0.008288970284064612,0.0072627152868919125,0.0005037503685347897,0.0,0.0,-0.8500003814697266
2017-03-06,20.334774017333984,206.0995178222656,71.58683776855469,2375.31005859375,2.49,1.31,11.239999771118164,-0.009527918235085872,-0.007496631345265697,-0.003485974118920828,-0.0032826227635658124,0.0,-0.010000000000000009,0.2799997329711914
2017-03-07,20.302562713623047,205.19174194335935,71.18965911865234,2368.389892578125,2.52,1.32,11.449999809265137,-0.005563656247244613,-0.0015853061764507057,-0.00441427981469722,-0.0029176259020898777,0.029999999999999805,0.010000000000000009,0.21000003814697266
2017-03-08,20.34282112121582,204.65200805664065,71.03385925292969,2362.97998046875,2.57,1.36,11.859999656677246,-0.002190916521092396,0.0019809590639628606,-0.00263385350508871,-0.002286827964063899,0.04999999999999982,0.040000000000000036,0.4099998474121094
2017-03-09,20.415313720703125,204.60292053222656,71.31425476074219,2364.8701171875,2.6,1.37,12.300000190734863,0.003939579704400841,0.0035572126256738787,-0.00023988727426563683,0.0007995756127663866,0.03000000000000025,0.010000000000000009,0.4400005340576172
2017-03-10,20.38309669494629,203.1308441162109,71.08839416503906,2372.60009765625,2.58,1.36,11.65999984741211,-0.0031721430296450456,-0.001579327827977863,-0.0072208040629295756,0.0032633397058585423,-0.020000000000000018,-0.010000000000000009,-0.6400003433227539
2017-03-13,20.375045776367188,202.95089721679688,71.15069580078125,2373.469970703125,2.62,1.4,11.350000381469728,0.0008760129123624753,-0.0003950581746691138,-0.0008862595525802318,0.0003665656191696328,0.040000000000000036,0.039999999999999813,-0.30999946594238104
2017-03-14,20.39114570617676,202.591064453125,71.26750946044922,2365.449951171875,2.6,1.4,12.300000190734863,0.0016404319328323755,0.0007898668019315604,-0.0017745776867087372,-0.003384748980891005,-0.020000000000000018,0.0,0.9499998092651349
2017-03-15,20.278400421142575,201.82232666015625,71.43885040283203,2385.260009765625,2.51,1.33,11.630000114440918,0.0024013088818234047,-0.00554447170410396,-0.003801747102146791,0.008339879124686365,-0.0900000000000003,-0.06999999999999984,-0.6700000762939453
2017-03-16,20.31061553955078,202.9999847412109,71.36876678466797,2381.3798828125,2.53,1.35,11.210000038146973,-0.0009815110029933439,0.0015873814336364311,0.005818164512994118,-0.0016280347991836145,0.020000000000000018,0.020000000000000018,-0.4200000762939453
2017-03-17,20.020694732666016,199.49969482421875,70.62109375,2378.25,2.5,1.33,11.279999732971191,-0.010531455447658296,-0.014377207132388813,-0.017393197249751774,-0.0013151792642314352,-0.029999999999999805,-0.020000000000000018,0.06999969482421875
2017-03-20,19.682453155517575,198.02761840820312,70.11489868164062,2373.469970703125,2.47,1.3,11.34000015258789,-0.007193572056036107,-0.017038939149420968,-0.00740619874832641,-0.0020119160803802947,-0.029999999999999805,-0.030000000000000027,0.06000041961669922
2017-03-21,18.538875579833984,190.5527191162109,68.05891418457031,2344.02001953125,2.43,1.27,12.470000267028809,-0.02976159099800558,-0.05985762610529463,-0.03847761082865345,-0.012485594590102116,-0.040000000000000036,-0.030000000000000027,1.130000114440918
2017-03-22,18.474441528320312,188.97430419921875,68.16792297363281,2348.449951171875,2.4,1.27,12.8100004196167,0.0016004014275510991,-0.003481672091951591,-0.008317847849790675,0.0018881028474626675,-0.03000000000000025,0.0,0.3400001525878906
2017-03-23,18.579137802124023,189.6531219482422,68.05891418457031,2345.9599609375,2.41,1.26,13.119999885559082,-0.001600401427551107,0.005651089817328226,0.0035856804311975837,-0.001060832144830083,0.010000000000000231,-0.010000000000000009,0.3099994659423828
2017-03-24,18.619403839111328,186.79893493652344,67.98100280761719,2343.97998046875,2.4,1.26,12.960000038146973,-0.001145419479722567,0.00216492641580316,-0.015163905476129924,-0.0008443522139384829,-0.010000000000000231,0.0,-0.15999984741210938
2017-03-27,18.54692268371582,184.40264892578125,67.94205474853516,2341.590087890625,2.38,1.27,12.5,-0.000573089817846725,-0.003900371872283556,-0.012911148027291213,-0.0010201075858456302,-0.020000000000000018,0.010000000000000009,-0.46000003814697266
2017-03-28,18.90932846069336,187.55126953125,69.001220703125,2358.570068359375,2.42,1.3,11.529999732971191,0.015468989939565924,0.01935148741863896,0.01693056940665582,0.007225308829623951,0.040000000000000036,0.030000000000000027,-0.9700002670288086
2017-03-29,18.804636001586918,186.83164978027344,68.74422454833984,2361.1298828125,2.39,1.26,11.420000076293944,-0.0037314693420781113,-0.005551934383924429,-0.003844302718463738,0.0010847362038301697,-0.029999999999999805,-0.040000000000000036,-0.10999965667724787
2017-03-30,19.223407745361328,189.09703063964844,69.33611297607422,2368.06005859375,2.42,1.28,11.539999961853027,0.008573154782327038,0.02202525460869084,0.012052330133262122,0.0029308109117050134,0.029999999999999805,0.020000000000000018,0.11999988555908381
2017-03-31,18.997913360595703,187.87026977539065,68.40934753417969,2362.719970703125,2.4,1.27,12.369999885559082,-0.01345640608283064,-0.011799539865034488,-0.0065086027014283725,-0.0022575939382668176,-0.020000000000000018,-0.010000000000000009,0.8299999237060547
2017-04-03,18.997913360595703,187.24871826171875,68.16012573242188,2358.840087890625,2.35,1.24,12.380000114440918,-0.003649747962652676,0.0,-0.0033138929369666893,-0.0016434753080133316,-0.04999999999999982,-0.030000000000000027,0.010000228881835938
2017-04-04,18.877117156982425,187.49411010742188,68.38728332519531,2360.159912109375,2.36,1.25,11.789999961853027,0.0033271638604405653,-0.006378693906738419,0.0013096548470088907,0.0005593660746613713,0.009999999999999787,0.010000000000000009,-0.5900001525878906
2017-04-05,18.65967559814453,186.185546875,67.5100326538086,2352.949951171875,2.34,1.24,12.890000343322754,-0.012910672303481346,-0.011585645713794314,-0.007003691835526215,-0.003059536811522123,-0.020000000000000018,-0.010000000000000009,1.1000003814697266
2017-04-06,18.73215103149414,186.9870147705078,67.73717498779297,2357.489990234375,2.34,1.24,12.390000343322754,0.0033589240251808102,0.0038765436536908043,0.004295434392500801,0.001927650293734993,0.0,0.0,-0.5
2017-04-07,18.6516170501709,186.36546325683597,67.5021743774414,2355.5400390625,2.38,1.29,12.869999885559082,-0.003475332408524167,-0.004308506607903912,-0.00332957258603757,-0.0008274724629448716,0.040000000000000036,0.050000000000000044,0.4799995422363281
2017-04-10,18.538875579833984,187.1914520263672,67.26719665527344,2357.159912109375,2.37,1.29,14.050000190734863,-0.0034871122195961274,-0.006062937472521297,0.004422298621032705,0.000687450135783276,-0.009999999999999787,0.0,1.1800003051757812
2017-04-11,18.458332061767575,186.2509613037109,67.14972686767578,2353.780029296875,2.32,1.24,15.06999969482422,-0.0017478426737389263,-0.0043540391528811015,-0.005036882140071961,-0.0014349082919582845,-0.050000000000000266,-0.050000000000000044,1.0199995040893572
2017-04-12,18.24089813232422,184.62347412109372,66.89124298095703,2344.929931640625,2.28,1.24,15.770000457763672,-0.0038567940446846143,-0.011849647664041082,-0.00877654253811808,-0.0037670374189869064,-0.040000000000000036,0.0,0.7000007629394513
2017-04-13,17.991239547729492,182.63619995117188,66.10798645019531,2328.949951171875,2.24,1.21,15.960000038146973,-0.011778498106884468,-0.013781275514241458,-0.010822280289769889,-0.006838020289804216,-0.03999999999999959,-0.030000000000000027,0.18999958038330078
2017-04-17,18.3697509765625,185.04058837890625,67.25154113769531,2349.010009765625,2.26,1.21,14.65999984741211,0.017150371451139155,0.020820395520062658,0.013079001876470292,0.008576465691107291,0.019999999999999574,0.0,-1.3000001907348633
2017-04-18,18.28921890258789,176.3144073486328,66.70325469970703,2342.18994140625,2.18,1.18,14.420000076293944,-0.008186186936379843,-0.004393587915139277,-0.04830639095339232,-0.0029076028458332546,-0.07999999999999963,-0.030000000000000027,-0.23999977111816584
2017-04-19,18.313379287719727,175.0876922607422,66.15498352050781,2338.169921875,2.21,1.19,14.93000030517578,-0.00825352343855861,0.0013201461008358996,-0.006981859655412368,-0.0017178253968685745,0.029999999999999805,0.010000000000000009,0.5100002288818359
2017-04-20,18.579137802124023,178.33445739746094,67.00869750976562,2355.840087890625,2.24,1.21,14.149999618530272,0.01282220015441866,0.014407426350780714,0.018373814323031645,0.0075288503629738525,0.03000000000000025,0.020000000000000018,-0.7800006866455078
2017-04-21,18.28921890258789,177.35305786132812,66.20193481445312,2348.68994140625,2.24,1.2,14.630000114440918,-0.012112735224208285,-0.015727572451616715,-0.005518338341941206,-0.0030396881071153782,0.0,-0.010000000000000009,0.4800004959106463
2017-04-24,19.03013038635254,182.5544586181641,68.53609466552734,2374.14990234375,2.28,1.25,10.84000015258789,0.03465084659308085,0.03971177767045364,0.028906108866887947,0.010781736588111827,0.03999999999999959,0.050000000000000044,-3.7899999618530273
2017-04-25,19.31199836730957,185.34320068359372,69.13137817382812,2388.610107421875,2.35,1.29,10.760000228881836,0.008648189818289992,0.014703046906534647,0.01516071336743202,0.006072214211751177,0.07000000000000028,0.040000000000000036,-0.07999992370605469
2017-04-26,19.2395133972168,184.9915313720703,69.26453399658203,2387.449951171875,2.32,1.28,10.850000381469728,0.0019242745216023224,-0.0037604260995939675,-0.0018991976003754848,-0.0004858214756873499,-0.03000000000000025,-0.010000000000000009,0.0900001525878924
2017-04-27,19.04623413085937,184.6725616455078,68.62224578857422,2388.77001953125,2.3,1.25,10.359999656677246,-0.00931623545740035,-0.010096755101472716,-0.0017257278256052329,0.0005527670002992063,-0.020000000000000018,-0.030000000000000027,-0.49000072479248225
2017-04-28,18.796581268310547,183.0287628173828,68.14445495605469,2384.199951171875,2.29,1.28,10.81999969482422,-0.006986975245323443,-0.013194392741947027,-0.008941005481379266,-0.0019149794714900413,-0.009999999999999787,0.030000000000000027,0.46000003814697443
2017-05-01,19.01402282714844,183.887451171875,68.19145202636719,2388.330078125,2.33,1.28,10.109999656677246,0.0006894305867652248,0.011501744611007073,0.004680577687317466,0.0017307918268938255,0.040000000000000036,0.0,-0.7100000381469744
2017-05-02,18.9495906829834,184.10829162597656,67.7528076171875,2391.169921875,2.29,1.27,10.59000015258789,-0.006453320392051964,-0.003394419027781082,0.0012002338882168163,0.0011883435858115294,-0.040000000000000036,-0.010000000000000009,0.48000049591064453
2017-05-03,19.142881393432617,185.08148193359372,68.14445495605469,2388.1298828125,2.33,1.3,10.68000030517578,0.005763889805286753,0.010148586263311903,0.005272045064202032,-0.0012721693958273864,0.040000000000000036,0.030000000000000027,0.09000015258788885
2017-05-04,19.207300186157227,185.3104705810547,68.22278594970703,2389.52001953125,2.36,1.32,10.460000038146973,0.0011488243326938086,0.003359507082297663,0.0012364668026961828,0.0005819332878695465,0.029999999999999805,0.020000000000000018,-0.22000026702880682
2017-05-05,19.11871337890625,185.53944396972656,68.14445495605469,2399.2900390625,2.36,1.32,10.56999969482422,-0.0011488243326938372,-0.0046228113373550615,0.0012348576002532126,0.00408035940747836,0.0,0.0,0.10999965667724787
2017-05-08,19.29588508605957,184.0346221923828,68.22278594970703,2399.3798828125,2.39,1.33,9.770000457763672,0.0011488243326938086,0.009224251741754952,-0.008143591401687755,3.7445271907879016e-05,0.03000000000000025,0.010000000000000009,-0.7999992370605487
2017-05-09,19.31199836730957,182.99606323242188,67.94865417480469,2396.919921875,2.42,1.37,9.960000038146973,-0.004026279592535792,0.0008347146097783361,-0.005659263778491945,-0.0010257745567932176,0.029999999999999805,0.040000000000000036,0.18999958038330078
2017-05-10,19.44890022277832,183.9120330810547,68.48126983642578,2399.6298828125,2.41,1.35,10.210000038146973,0.00780794054296679,0.007063944837390315,0.004992921991675409,0.0011299627174494742,-0.009999999999999787,-0.020000000000000018,0.25
2017-05-11,19.38447380065918,183.8138732910156,68.26980590820312,2394.43994140625,2.39,1.35,10.600000381469728,-0.003092686410259299,-0.003318098560804717,-0.0005338747728654323,-0.0021651513741066187,-0.020000000000000018,0.0,0.3900003433227557
2017-05-12,19.328102111816406,182.227294921875,68.081787109375,2390.89990234375,2.33,1.29,10.399999618530272,-0.0027578543651148126,-0.0029123212474311657,-0.008668906357244242,-0.0014795353407942593,-0.06000000000000005,-0.06000000000000005,-0.20000076293945668
2017-05-15,19.37641906738281,184.10829162597656,68.41075897216797,2402.320068359375,2.34,1.31,10.420000076293944,0.004820373115397563,0.002496709903299722,0.010269344851462544,0.0047651423030152336,0.009999999999999787,0.020000000000000018,0.020000457763671875
2017-05-16,19.32004737854004,184.50082397460935,68.62224578857422,2400.669921875,2.33,1.29,10.649999618530272,0.003086657622175114,-0.002913533658082377,0.002129803525734803,-0.0006871330369860457,-0.009999999999999787,-0.020000000000000018,0.22999954223632812
2017-05-17,18.17646598815918,174.78506469726562,66.0061264038086,2357.030029296875,2.22,1.26,15.59000015258789,-0.038869202777221355,-0.061015601323873896,-0.05409691212193512,-0.018345468171115042,-0.10999999999999988,-0.030000000000000027,4.940000534057619
2017-05-18,18.313379287719727,175.9627685546875,65.7633285522461,2365.719970703125,2.23,1.27,14.65999984741211,-0.0036851958812939723,0.007504221573349968,0.006715413021293941,0.003680038627215951,0.009999999999999787,0.010000000000000009,-0.9300003051757812
2017-05-19,18.563034057617188,176.15084838867188,66.40560913085938,2381.72998046875,2.23,1.28,12.039999961853027,0.009719161639574907,0.01354028559354528,0.0010682907040300033,0.0067447032082007,0.0,0.010000000000000009,-2.619999885559082
2017-05-22,18.55497932434082,176.66607666015625,66.34293365478516,2394.02001953125,2.25,1.29,10.93000030517578,-0.0009442737286011699,-0.0004340067082747455,0.0029206571519473992,0.00514686329600843,0.020000000000000018,0.010000000000000009,-1.1099996566772479
2017-05-23,18.836849212646484,179.62660217285156,67.1732177734375,2398.419921875,2.29,1.31,10.720000267028809,0.012437369002463257,0.015076835696861572,0.01661888568908887,0.0018361851723804105,0.040000000000000036,0.020000000000000018,-0.21000003814697088
2017-05-24,18.81268310546875,183.0532989501953,67.134033203125,2404.389892578125,2.26,1.29,10.020000457763672,-0.0005835064174030476,-0.0012837402755675757,0.018897097627940847,0.0024860338045762944,-0.03000000000000025,-0.020000000000000018,-0.6999998092651367
2017-05-25,18.724096298217773,181.9410858154297,66.85208129882812,2415.070068359375,2.25,1.3,9.989999771118164,-0.004208679705788357,-0.0047200091815663425,-0.0060944311675981445,0.004432112041978175,-0.009999999999999787,0.010000000000000009,-0.030000686645507812
2017-05-26,18.71604347229004,182.80792236328125,66.85990905761719,2415.820068359375,2.25,1.3,9.8100004196167,0.00011708387224122122,-0.0004301707259254319,0.00475306668614546,0.00031050178530242343,0.0,0.0,-0.17999935150146484
2017-05-30,18.45028686523437,179.23020935058594,65.71633911132812,2412.909912109375,2.21,1.28,10.380000114440918,-0.017251933513902924,-0.01430117711844995,-0.01976493175024911,-0.0012053507295338199,-0.040000000000000036,-0.020000000000000018,0.5699996948242188
2017-05-31,18.10689163208008,173.35487365722656,64.34562683105469,2411.800048828125,2.21,1.28,10.40999984741211,-0.021078614666495583,-0.018787299659560643,-0.03333027901258248,-0.0004600746199513276,0.0,0.0,0.029999732971191406
2017-06-01,18.284648895263672,176.43206787109375,65.0583724975586,2430.06005859375,2.21,1.28,9.890000343322754,0.011015932704920857,0.009769230669361834,0.0175951314174975,0.0075425955848472245,0.0,0.0,-0.5199995040893555
2017-06-02,18.13920783996582,175.0370635986328,64.72941589355469,2439.070068359375,2.15,1.28,9.75,-0.005069156543874272,-0.007986075134322899,-0.007938174212287673,0.00370087461804602,-0.06000000000000005,0.0,-0.1400003433227539
2017-06-05,18.10689163208008,175.59512329101562,64.84689331054688,2436.10009765625,2.18,1.32,10.06999969482422,0.0018132550603044925,-0.00178315553503884,0.0031831656331768655,-0.0012184071404286387,0.03000000000000025,0.040000000000000036,0.3199996948242205
2017-06-06,17.961456298828125,176.03817749023438,64.98002624511719,2429.330078125,2.14,1.3,10.449999809265137,0.0020509302953895005,-0.008064473689647463,0.0025199799489689562,-0.0027829086662040834,-0.040000000000000036,-0.020000000000000018,0.3800001144409162
2017-06-07,18.260412216186523,177.0639190673828,65.72415161132812,2433.139892578125,2.18,1.32,10.390000343322754,0.011386528238644911,0.016507304462913482,0.005809902985397271,0.0015670287963475379,0.040000000000000036,0.020000000000000018,-0.05999946594238281
2017-06-08,18.55936050415039,179.50921630859375,66.53876495361328,2433.7900390625,2.19,1.33,10.15999984741211,0.012318247081619257,0.01623882143854749,0.013715758889340884,0.00026716903566476714,0.009999999999999787,0.010000000000000009,-0.23000049591064453
2017-06-09,19.12495803833008,182.5289001464844,68.11314392089844,2431.77001953125,2.21,1.35,10.699999809265137,0.023385494192608672,0.030019914466846865,0.016681966504615224,-0.0008303338661872762,0.020000000000000018,0.020000000000000018,0.5399999618530273
2017-06-12,19.21382522583008,182.0940093994141,68.12881469726562,2429.389892578125,2.21,1.35,11.460000038146973,0.0002300433228535619,0.004635898121515405,-0.0023854285723975436,-0.0009792424797181137,0.0,0.0,0.7600002288818359
2017-06-13,19.205751419067383,183.97314453125,68.35596466064453,2440.35009765625,2.21,1.38,10.420000076293944,0.003328578822810323,-0.00042029650436685033,0.010266704442161037,0.00450135884323014,0.0,0.029999999999999805,-1.0399999618530291
2017-06-14,19.19766616821289,185.86871337890625,68.21495819091797,2437.919921875,2.15,1.35,10.640000343322754,-0.002064956681659996,-0.00042106934652759117,0.010250789118322704,-0.0009963269653176028,-0.06000000000000005,-0.029999999999999805,0.22000026702881037
2017-06-15,19.01991081237793,183.1772003173828,67.80766296386719,2432.4599609375,2.16,1.35,10.899999618530272,-0.00598865748744643,-0.009302349949744656,-0.01458659036137641,-0.002242109796840374,0.010000000000000231,0.0,0.25999927520751775
2017-06-16,18.9310359954834,182.0119781494141,67.5021743774414,2433.14990234375,2.16,1.32,10.380000114440918,-0.004515401266823526,-0.004683676526633737,-0.006381493160234413,0.00028359915005969524,0.0,-0.030000000000000027,-0.5199995040893537
2017-06-19,19.318866729736328,185.556884765625,68.98255157470703,2453.4599609375,2.19,1.36,10.369999885559082,0.021693786531128995,0.02027947775259769,0.01928899253756594,0.008312583206893995,0.029999999999999805,0.040000000000000036,-0.010000228881835938
2017-06-20,18.97951316833496,184.7116851806641,68.5517578125,2437.030029296875,2.16,1.36,10.859999656677246,-0.006264548431371082,-0.01772202604888328,-0.004565340520678505,-0.0067191604469316645,-0.029999999999999805,0.0,0.48999977111816406
2017-06-21,18.68863677978516,182.5699615478516,68.23846435546875,2435.610107421875,2.16,1.36,10.75,-0.004580649111732654,-0.015444462807839192,-0.011662700426328347,-0.0005828141932715965,0.0,0.0,-0.1099996566772461
2017-06-22,18.52704620361328,180.3379821777344,68.16010284423828,2434.5,2.15,1.34,10.479999542236328,-0.0011490079618935293,-0.008684058908367744,-0.012300681489254736,-0.0004558859724380852,-0.010000000000000231,-0.020000000000000018,-0.2700004577636719
2017-06-23,18.438159942626957,178.22088623046875,68.0348129272461,2438.300048828125,2.15,1.34,10.020000457763672,-0.0018398624005256763,-0.004809194459820702,-0.011809054171159503,0.0015596985554090976,0.0,0.0,-0.45999908447265625
2017-06-26,18.49472045898437,180.8878173828125,68.33243560791016,2439.070068359375,2.14,1.36,9.899999618530272,0.004365023954389776,0.0030628838021708057,0.014853330800268355,0.00031575193973236123,-0.009999999999999787,0.020000000000000018,-0.12000083923340021
2017-06-27,18.8017578125,180.7564697265625,68.96688079833984,2419.3798828125,2.21,1.38,11.0600004196167,0.009241847997296805,0.016465055369833708,-0.0007263914664614847,-0.008105586575672907,0.06999999999999984,0.019999999999999796,1.1600008010864276
2017-06-28,19.294626235961918,183.1690216064453,70.35328674316406,2440.68994140625,2.22,1.34,10.029999732971191,0.019903101407377992,0.025876257641341143,0.01325868772412641,0.008769501646551084,0.010000000000000231,-0.039999999999999813,-1.0300006866455078
2017-06-29,19.650135040283203,184.1454620361328,71.3950424194336,2419.699951171875,2.27,1.38,11.4399995803833,0.014698930689944363,0.018257586799476134,0.005316657922540683,-0.008637216844141348,0.04999999999999982,0.039999999999999813,1.4099998474121094
2017-06-30,19.601659774780277,182.08580017089844,71.5908432006836,2423.409912109375,2.31,1.38,11.18000030517578,0.0027387444961866746,-0.002469965532830138,-0.0112479943302904,0.0015320576108735333,0.040000000000000036,0.0,-0.2599992752075213
2017-07-03,19.941015243530277,186.50050354003903,73.0478515625,2429.010009765625,2.35,1.41,11.220000267028809,0.020147549728118403,0.01716443312097996,0.023955933527568633,0.0023081679791475806,0.040000000000000036,0.030000000000000027,0.03999996185302912
2017-07-05,20.13493156433105,187.12413024902344,73.78031158447266,2432.5400390625,2.33,1.41,11.06999969482422,0.009977188058214884,0.009677517297523124,0.0033382557343644846,0.0014522240362887008,-0.020000000000000018,0.0,-0.15000057220458807
2017-07-06,19.965251922607425,186.01632690429688,73.54402160644531,2409.75,2.37,1.4,12.539999961853027,-0.0032077549651447347,-0.008462836808554166,-0.005937745844975039,-0.009412987306866183,0.040000000000000036,-0.010000000000000009,1.4700002670288068
2017-07-07,20.062211990356445,184.859375,73.91419982910156,2425.179931640625,2.39,1.4,11.1899995803833,0.005020798388669335,0.004844686518510844,-0.0062390480222139656,0.006382712569615801,0.020000000000000018,0.0,-1.3500003814697266
2017-07-10,20.110689163208008,185.31887817382807,73.39439392089844,2427.429931640625,2.38,1.4,11.109999656677246,-0.0070574031353338295,0.002413427708215416,0.0024826061817208966,0.0009273361035125654,-0.010000000000000231,0.0,-0.07999992370605469
2017-07-11,19.876379013061523,186.22970581054688,73.1108627319336,2425.530029296875,2.37,1.37,10.890000343322754,-0.003870598904370373,-0.011719430436146224,0.004902882156133695,-0.0007829870660821734,-0.009999999999999787,-0.029999999999999805,-0.2199993133544922
2017-07-12,19.67438125610352,186.59075927734372,72.85883331298828,2443.25,2.33,1.35,10.300000190734863,-0.003453177970722573,-0.010214696857975158,0.0019368763975217082,0.007279050947821435,-0.040000000000000036,-0.020000000000000018,-0.5900001525878906
2017-07-13,19.89253234863281,189.06076049804688,73.3235092163086,2447.830078125,2.35,1.37,9.899999618530272,0.006357504748931622,0.011027056860124085,0.013150681881979443,0.001872829473473065,0.020000000000000018,0.020000000000000018,-0.4000005722045916
2017-07-14,19.561256408691406,187.58367919921875,72.6540756225586,2459.27001953125,2.33,1.35,9.510000228881836,-0.009171795619364553,-0.016793506323583354,-0.007843412595724885,0.004662616170009233,-0.020000000000000018,-0.020000000000000018,-0.3899993896484357
2017-07-17,19.407745361328125,188.1252899169922,71.9767837524414,2459.139892578125,2.31,1.36,9.81999969482422,-0.00936586872278796,-0.007878664295646608,0.0028831416733328015,-5.291423670686425e-05,-0.020000000000000018,0.010000000000000009,0.3099994659423846
2017-07-18,19.31078147888184,183.2427978515625,71.72473907470703,2460.610107421875,2.27,1.36,9.890000343322754,-0.0035078951319841446,-0.005008666035012487,-0.026296138905258972,0.0005976786981109875,-0.040000000000000036,0.0,0.07000064849853338
2017-07-19,19.440061569213867,182.88177490234372,71.82711791992188,2473.830078125,2.27,1.37,9.789999961853027,0.0014263676516057652,0.006672400381603846,-0.0019721324002590713,0.00535825821605345,0.0,0.010000000000000009,-0.10000038146972656
2017-07-20,19.343107223510746,182.4140472412109,71.82711791992188,2473.449951171875,2.27,1.37,9.579999923706056,0.0,-0.004999825991288558,-0.002560817224751916,-0.00015367108860704477,0.0,0.0,-0.21000003814697088
2017-07-21,19.22998809814453,180.6744537353516,71.58297729492188,2472.5400390625,2.24,1.36,9.359999656677246,-0.0034047932328139224,-0.005865199497364413,-0.009582274359816508,-0.0003679393292088825,-0.029999999999999805,-0.010000000000000009,-0.22000026702881037
2017-07-24,19.318866729736328,179.0332794189453,71.8901138305664,2469.909912109375,2.26,1.37,9.43000030517578,0.004281457971089483,0.004611228503533082,-0.009125106597229092,-0.0010643009954088047,0.019999999999999574,0.010000000000000009,0.07000064849853338
2017-07-25,19.7794132232666,181.8232879638672,73.08724975585938,2477.1298828125,2.33,1.4,9.43000030517578,0.01651517320429049,0.023559491418401104,0.015463563049000014,0.002918907519898033,0.07000000000000028,0.029999999999999805,0.0
2017-07-26,19.561256408691406,182.37307739257807,72.40204620361328,2477.830078125,2.29,1.36,9.600000381469728,-0.009419368124847555,-0.011090764484225888,0.003019194580968162,0.00028262400611947947,-0.040000000000000036,-0.039999999999999813,0.17000007629394887
2017-07-27,19.48045539855957,181.7411193847656,72.10276794433594,2475.419921875,2.32,1.36,10.109999656677246,-0.004142127567728067,-0.004139220426365593,-0.0034712112186796795,-0.0009731616373937137,0.029999999999999805,0.0,0.5099992752075178
2017-07-28,19.41581916809082,183.489013671875,71.8901138305664,2472.10009765625,2.3,1.34,10.289999961853027,-0.002953677511715095,-0.0033235208608221214,0.009571541191401476,-0.0013420156781160386,-0.020000000000000018,-0.020000000000000018,0.18000030517578125
2017-07-31,19.488540649414062,184.90045166015625,72.29969024658203,2470.300048828125,2.3,1.34,10.260000228881836,0.005681088482203932,0.0037384789962872935,0.007662786412409615,-0.0007284108345598019,0.0,0.0,-0.029999732971191406
2017-08-01,19.75517463684082,186.27072143554688,73.26837921142578,2476.35009765625,2.26,1.34,10.09000015258789,0.013309282284628951,0.013588830131895263,0.007383525984219133,0.0024461207749384662,-0.040000000000000036,0.0,-0.1700000762939453
2017-08-02,19.868295669555664,185.67173767089844,73.33140563964844,2477.570068359375,2.27,1.36,10.279999732971191,0.0008598434461524504,0.00570981487339722,-0.003220843804176422,0.0004925274073474498,0.010000000000000231,0.020000000000000018,0.18999958038330078
2017-08-03,19.690540313720703,183.8008575439453,72.85098266601562,2472.159912109375,2.24,1.34,10.4399995803833,-0.006572949161239192,-0.008986945534945535,-0.010127387749814734,-0.0021860418349456704,-0.029999999999999805,-0.020000000000000018,0.15999984741210938
2017-08-04,20.175329208374023,188.56016540527344,73.76456451416016,2476.830078125,2.27,1.36,10.029999732971191,0.012462439214666853,0.02432219836582764,0.02556426028286551,0.0018873214175395684,0.029999999999999805,0.020000000000000018,-0.4099998474121094
2017-08-07,20.16724395751953,191.1285858154297,74.04811096191406,2480.909912109375,2.26,1.36,9.93000030517578,0.0038365694232945736,-0.0004008297105638635,0.013529289867620602,0.0016458446442804673,-0.010000000000000231,0.0,-0.09999942779541193
2017-08-08,20.118764877319336,190.41470336914065,73.78031158447266,2474.919921875,2.29,1.36,10.960000038146973,-0.00362311476748168,-0.0024067464116343824,-0.0037420827443552457,-0.002417352230385335,0.03000000000000025,0.0,1.0299997329711932
2017-08-09,19.98948860168457,189.561279296875,73.66217041015625,2474.02001953125,2.24,1.33,11.109999656677246,-0.001602539485251258,-0.006446390062099221,-0.004491997106304341,-0.0003636747927123762,-0.04999999999999982,-0.030000000000000027,0.14999961853027344
2017-08-10,19.488540649414062,185.0399475097656,72.60681915283203,2438.2099609375,2.2,1.33,16.040000915527344,-0.014430530685895214,-0.025379931651877106,-0.024140611593312263,-0.01458021840074153,-0.040000000000000036,0.0,4.930001258850098
2017-08-11,19.278467178344727,183.93212890625,72.00037384033203,2441.320068359375,2.19,1.3,15.510000228881836,-0.008387533915367496,-0.010837851002098347,-0.006004909331736091,0.0012747571279871366,-0.010000000000000231,-0.030000000000000027,-0.5300006866455078
2017-08-14,19.73093605041504,186.5661773681641,72.84310913085938,2465.840087890625,2.22,1.33,12.329999923706056,0.011636627107559383,0.02319897908644436,0.014219189657052938,0.009993651246049404,0.03000000000000025,0.030000000000000027,-3.1800003051757795
2017-08-15,19.771339416503903,186.75489807128903,73.03211212158203,2464.610107421875,2.27,1.35,12.039999961853027,0.002591298163733496,0.0020456229268075695,0.0010110370488918702,-0.00049893232688349,0.04999999999999982,0.020000000000000018,-0.2899999618530291
2017-08-16,19.54510307312012,185.130126953125,72.52803802490234,2468.110107421875,2.23,1.33,11.739999771118164,-0.006926018023414722,-0.011508611975090644,-0.008738084875610503,0.0014190955233323716,-0.040000000000000036,-0.020000000000000018,-0.3000001907348633
2017-08-17,19.10071182250977,181.6919860839844,71.39395141601562,2430.010009765625,2.19,1.32,15.550000190734863,-0.015760066781593356,-0.022999170309755443,-0.01874609752908659,-0.015557342487191416,-0.040000000000000036,-0.010000000000000009,3.810000419616699
2017-08-18,19.084550857543945,182.2909393310547,71.46482849121094,2425.550048828125,2.19,1.33,14.260000228881836,0.000992267763406217,-0.0008464504259744432,0.0032911092574598975,-0.0018370536613519935,0.0,0.010000000000000009,-1.2899999618530273
2017-08-21,18.89063262939453,181.17498779296875,71.37820434570312,2428.3701171875,2.18,1.32,13.1899995803833,-0.0012128579799277745,-0.010212980999355643,-0.0061406308621273515,0.0011619757145661966,-0.009999999999999787,-0.010000000000000009,-1.0700006484985352
2017-08-22,19.254226684570312,183.46437072753903,72.11064910888672,2452.510009765625,2.22,1.33,11.350000381469728,0.010209171057666439,0.01906443353484694,0.012557136051302306,0.009891695260625078,0.040000000000000036,0.010000000000000009,-1.8399991989135724
2017-08-23,19.19766616821289,182.77513122558597,72.19725799560547,2444.0400390625,2.17,1.32,12.25,0.0012003347405613494,-0.002941886755318437,-0.003763877528059651,-0.0034595701326390073,-0.050000000000000266,-0.010000000000000009,0.8999996185302717
2017-08-24,19.26230239868164,182.9802398681641,72.07913970947266,2438.969970703125,2.19,1.33,12.229999542236328,-0.0016373892667362934,0.0033612243447576303,0.0011215620072252844,-0.0020766167471384417,0.020000000000000018,0.010000000000000009,-0.020000457763671875
2017-08-25,19.205751419067383,182.5536346435547,72.37054443359375,2443.050048828125,2.17,1.35,11.279999732971191,0.004034693757324873,-0.002940154998230026,-0.002334149845166029,0.0016714716689374216,-0.020000000000000018,0.020000000000000018,-0.9499998092651367
2017-08-28,19.16534996032715,180.8139495849609,72.14215087890625,2444.239990234375,2.16,1.33,11.31999969482422,-0.0031608813932022593,-0.002105828199760429,-0.009575418537751765,0.0004869534732960745,-0.009999999999999787,-0.020000000000000018,0.03999996185302912
2017-08-29,19.052230834960938,181.11036682128903,71.74835968017578,2446.300048828125,2.13,1.33,11.699999809265137,-0.005473497596724443,-0.00591976013936343,0.0016380071145648994,0.0008424667620097917,-0.03000000000000025,0.0,0.3800001144409162
2017-08-30,19.38520050048828,183.1359100341797,71.91373443603516,2457.590087890625,2.15,1.33,11.220000267028809,0.002302275070174017,0.01732571522936755,0.011121948094710116,0.004604531788061044,0.020000000000000018,0.0,-0.4799995422363281
2017-08-31,19.401445388793945,184.2227325439453,71.58297729492188,2471.64990234375,2.12,1.33,10.59000015258789,-0.004609969425628326,0.0008376537276208655,0.005916973522077647,0.0057046735847135445,-0.029999999999999805,0.0,-0.630000114440918
2017-09-01,19.56386375427246,185.9847412109375,72.22091674804688,2476.550048828125,2.16,1.35,10.130000114440918,0.008872411171212045,0.008336610678058826,0.009519105350460159,0.001980578042335197,0.040000000000000036,0.020000000000000018,-0.46000003814697266
2017-09-05,18.93041038513184,179.31544494628906,70.4961166381836,2457.85009765625,2.07,1.3,12.229999542236328,-0.024172084439061447,-0.032914534474988426,-0.03651811669944739,-0.007579458552144929,-0.0900000000000003,-0.050000000000000044,2.09999942779541
2017-09-06,19.011627197265625,180.1799774169922,70.96866607666016,2465.5400390625,2.1,1.3,11.630000114440918,0.006680831611019047,0.00428110567344234,0.004809708739227148,0.003123842493144133,0.03000000000000025,0.0,-0.5999994277954102
2017-09-07,18.65429306030273,177.7180633544922,69.72430419921875,2465.10009765625,2.05,1.27,11.550000190734863,-0.017689502517238408,-0.018974439246559668,-0.01375784505169683,-0.00017845204485370908,-0.050000000000000266,-0.030000000000000027,-0.07999992370605469
2017-09-08,18.589326858520508,178.84608459472656,69.63763427734375,2461.429931640625,2.06,1.27,12.119999885559082,-0.0012438106702030284,-0.0034887192929505405,0.00632719251179278,-0.001489960143457705,0.010000000000000231,0.0,0.5699996948242188
2017-09-11,18.971019744873047,182.0160675048828,70.71662902832031,2488.110107421875,2.14,1.32,10.729999542236328,0.015375607160223313,0.02032494695432492,0.017569392826379402,0.010780975197147024,0.08000000000000007,0.050000000000000044,-1.390000343322754
2017-09-12,19.45016098022461,186.04237365722656,71.58297729492188,2496.47998046875,2.17,1.33,10.579999923706056,0.012176547684048456,0.024942808486146852,0.02187949695471256,0.003358302594883113,0.029999999999999805,0.010000000000000009,-0.14999961853027166
2017-09-13,19.75876808166504,186.5446319580078,71.78773498535156,2498.3701171875,2.2,1.35,10.5,0.0028563411088057054,0.0157419996825233,0.002696060772082432,0.0007568342480825294,0.03000000000000025,0.020000000000000018,-0.07999992370605646
2017-09-14,19.685678482055664,186.78347778320312,71.64598083496094,2495.6201171875,2.2,1.37,10.4399995803833,-0.0019765812484352865,-0.0037059555718689267,0.0012795492841315129,-0.0011013238508279736,0.0,0.020000000000000018,-0.06000041961669922
2017-09-15,19.799375534057617,185.44129943847656,72.15789794921875,2500.22998046875,2.2,1.39,10.170000076293944,0.00711968663160786,0.005759007760085514,-0.00721168629228575,0.001845477546159349,0.0,0.019999999999999796,-0.26999950408935725
2017-09-18,20.05925750732422,187.3433380126953,73.18177032470703,2503.8701171875,2.23,1.4,10.149999618530272,0.014089605757289894,0.01304036973658335,0.010204578668679642,0.0014548619291293301,0.029999999999999805,0.010000000000000009,-0.020000457763671875
2017-09-19,20.189189910888672,188.4795684814453,73.98509216308594,2506.64990234375,2.24,1.4,10.18000030517578,0.010917264981459347,0.0064565399796612825,0.006046645433321964,0.0011095796167313857,0.010000000000000231,0.0,0.030000686645507812
2017-09-20,20.35161399841309,189.20420837402344,74.5048828125,2508.239990234375,2.28,1.45,9.779999732971191,0.0070010486918362464,0.008012912469487146,0.0038372883674883396,0.000634146702309437,0.03999999999999959,0.050000000000000044,-0.40000057220458807
2017-09-21,20.432825088500977,190.43917846679688,74.84354400634766,2500.60009765625,2.27,1.45,9.670000076293944,0.004535190380306553,0.003982459940110916,0.006505971085988386,-0.0030505659469148337,-0.009999999999999787,0.0,-0.10999965667724787
2017-09-22,20.31912612915039,190.22512817382807,74.68604278564453,2502.219970703125,2.26,1.46,9.59000015258789,-0.0021066236098093724,-0.005580064314696008,-0.0011246145845295995,0.0006475839951670207,-0.010000000000000231,0.010000000000000009,-0.07999992370605291
2017-09-25,20.10798072814941,189.5911865234375,74.1268539428711,2496.659912109375,2.22,1.44,10.210000038146973,-0.007515363076876212,-0.010445828917530495,-0.0033381517040781427,-0.0022245226998538568,-0.03999999999999959,-0.020000000000000018,0.619999885559082
2017-09-26,20.148584365844727,189.32766723632807,73.79605102539062,2496.840087890625,2.24,1.45,10.170000076293944,-0.004472647005079696,0.002017243715128145,-0.0013909011229107815,7.216412589487934e-05,0.020000000000000018,0.010000000000000009,-0.03999996185302912
2017-09-27,20.63585662841797,193.29638671875,74.9616928100586,2507.0400390625,2.31,1.47,9.869999885559082,0.015671999486430107,0.023896144586326325,0.020745490394393554,0.004076822401987925,0.06999999999999984,0.020000000000000018,-0.3000001907348615
2017-09-28,20.6683406829834,193.8809356689453,75.11919403076172,2510.06005859375,2.31,1.45,9.550000190734863,0.0020988852323405817,0.0015729181718674985,0.0030195435555613838,0.0012038906289380277,0.0,-0.020000000000000018,-0.31999969482421875
2017-09-29,20.579010009765625,195.2971649169922,75.22159576416016,2519.360107421875,2.33,1.47,9.510000228881836,0.0013622616905787778,-0.004331469119016547,0.007278084236709313,0.0036982630684988258,0.020000000000000018,0.020000000000000018,-0.039999961853027344
2017-10-02,20.806400299072266,198.14602661132807,76.26905822753906,2529.1201171875,2.34,1.49,9.449999809265137,0.013828960781394015,0.01098902129434811,0.01448194578386226,0.0038665188297123134,0.009999999999999787,0.020000000000000018,-0.06000041961669922
2017-10-03,21.00130271911621,198.9447479248047,76.67072296142578,2534.580078125,2.33,1.47,9.510000228881836,0.005252598823550119,0.009323823981561986,0.004022870546836758,0.002156511184660919,-0.009999999999999787,-0.020000000000000018,0.06000041961669922
2017-10-04,20.879487991333008,197.8661193847656,75.89102172851562,2537.739990234375,2.33,1.47,9.630000114440918,-0.01022154044022631,-0.00581722881710937,-0.005436500285243569,0.0012459436611136387,0.0,0.0,0.11999988555908203
2017-10-05,21.220577239990234,202.60052490234372,76.91293334960938,2552.070068359375,2.35,1.49,9.1899995803833,0.013375659762596174,0.016204094228512992,0.023645545373480462,0.00563090403129274,0.020000000000000018,0.020000000000000018,-0.4400005340576172
2017-10-06,21.285539627075195,202.56761169433597,76.77828216552734,2549.330078125,2.37,1.54,9.649999618530272,-0.00175223051080011,0.0030566159626491205,-0.000162466912411264,-0.001074211165239725,0.020000000000000018,0.050000000000000044,0.4600000381469709
2017-10-10,21.05815696716309,199.75164794921875,76.94461822509766,2550.639892578125,2.35,1.51,10.079999923706056,0.0021641033842717625,-0.010739961970807566,-0.0139988810587126,0.0005136557624644225,-0.020000000000000018,-0.030000000000000027,0.4300003051757848
2017-10-11,20.97694206237793,199.5869598388672,76.71488952636719,2555.239990234375,2.35,1.51,9.850000381469728,-0.002990102900285094,-0.0038641519928021327,-0.0008248043964505494,0.001801882929663564,0.0,0.0,-0.22999954223632812
2017-10-12,20.6683406829834,197.4462127685547,76.04153442382812,2550.929931640625,2.33,1.51,9.90999984741211,-0.008816119760333474,-0.014820743567336623,-0.010783823437158375,-0.0016881771203513885,-0.020000000000000018,0.0,0.059999465942381036
2017-10-13,20.97694206237793,196.40049743652344,75.9385757446289,2553.169921875,2.28,1.51,9.609999656677246,-0.001354896964288196,0.014820743567336599,-0.005310278147730001,0.0008777220048463043,-0.050000000000000266,0.0,-0.3000001907348633
2017-10-16,21.309907913208008,199.59518432617188,77.50707244873047,2557.639892578125,2.3,1.54,9.90999984741211,0.020444389979629815,0.015748287352947327,0.016135308274246026,0.0017492225323057532,0.020000000000000018,0.030000000000000027,0.3000001907348633
2017-10-17,21.27742958068848,194.39146423339844,77.33280944824219,2559.360107421875,2.3,1.54,10.3100004196167,-0.0022508809994962,-0.0015252580098805296,-0.02641725416599522,0.0006723529054339931,0.0,0.0,0.40000057220458984
2017-10-18,21.50482177734375,199.28228759765625,77.62589263916016,2561.260009765625,2.34,1.59,10.06999969482422,0.0037827309657144964,0.010630311906293797,0.024848367403917788,0.0007420595113295467,0.040000000000000036,0.050000000000000044,-0.2400007247924787
2017-10-19,21.586027145385746,197.6026306152344,77.72095489501953,2562.10009765625,2.33,1.58,10.050000190734863,0.001223871217654247,0.0037690352454502088,-0.008464252146562995,0.00032794411501048555,-0.009999999999999787,-0.010000000000000009,-0.019999504089357245
2017-10-20,22.06517791748047,201.5054473876953,78.83001708984375,2575.2099609375,2.39,1.6,9.970000267028809,0.014168941083003117,0.021954492075454746,0.019558317148145387,0.005103796185030386,0.06000000000000005,0.020000000000000018,-0.07999992370605469
2017-10-23,22.057064056396484,199.3646545410156,78.6953353881836,2564.97998046875,2.38,1.58,11.06999969482422,-0.0017099689968485333,-0.0003677900674336559,-0.010680832460078045,-0.003980395312997195,-0.010000000000000231,-0.020000000000000018,1.099999427795412
2017-10-24,22.479360580444336,201.59597778320312,79.9469985961914,2569.1298828125,2.42,1.6,11.15999984741211,0.01578001469594371,0.018964664734259416,0.011130001782620101,0.0016166008745580412,0.040000000000000036,0.020000000000000018,0.09000015258788885
2017-10-25,22.43875312805176,199.01885986328125,80.02620697021484,2557.14990234375,2.44,1.61,11.229999542236328,0.000990270592076686,-0.001808066283397393,-0.012865991109857599,-0.004673955687259985,0.020000000000000018,0.010000000000000009,0.06999969482421875
2017-10-26,22.5280876159668,199.02708435058597,80.59657287597656,2560.39990234375,2.46,1.63,11.300000190734863,0.007101960302781967,0.003973354763996281,4.132431155475972e-05,0.0012701392506023993,0.020000000000000018,0.019999999999999796,0.07000064849853516
2017-10-27,22.576812744140625,199.01885986328125,80.6203384399414,2581.070068359375,2.42,1.59,9.800000190734863,0.0002948271858456161,0.002160525651907536,-4.1324311554725255e-05,0.008040609979727099,-0.040000000000000036,-0.039999999999999813,-1.5
2017-10-30,22.41438865661621,198.3436584472656,80.3351821899414,2572.830078125,2.37,1.58,10.5,-0.003543296274989654,-0.007220291439191597,-0.003398418495661528,-0.0031975773767407194,-0.04999999999999982,-0.010000000000000009,0.6999998092651367
2017-10-31,22.24384307861328,199.65283203125,79.701416015625,2575.260009765625,2.38,1.6,10.18000030517578,-0.00792030691102508,-0.007637848632367046,0.006578843468135008,0.0009440129366793155,0.009999999999999787,0.020000000000000018,-0.3199996948242205
2017-11-01,22.357540130615234,201.11849975585935,79.9469985961914,2579.360107421875,2.37,1.61,10.199999809265137,0.0030765451053106968,0.0050983754360202195,0.007314266977730426,0.0015908441079038695,-0.009999999999999787,0.010000000000000009,0.019999504089357245
2017-11-02,22.6336612701416,203.27569580078125,80.47774505615234,2579.85009765625,2.35,1.61,9.93000030517578,0.006616789708375885,0.01227460471194099,0.010668879674773105,0.00018994776966671517,-0.020000000000000018,0.0,-0.26999950408935725
2017-11-03,22.593055725097656,201.23374938964844,80.3351821899414,2587.840087890625,2.34,1.63,9.140000343322754,-0.0017730279026613306,-0.0017956446389299214,-0.010096000377163461,0.003092289326314394,-0.010000000000000231,0.019999999999999796,-0.7899999618530256
2017-11-06,22.53619956970215,200.48448181152344,79.83609008789062,2591.1298828125,2.32,1.61,9.399999618530272,-0.00623200041126597,-0.002519704130073144,-0.0037303183614036508,0.00127044388477643,-0.020000000000000018,-0.019999999999999796,0.25999927520751775
2017-11-07,22.07329750061035,197.4544219970703,78.22795867919922,2590.639892578125,2.32,1.63,9.890000343322754,-0.020348547438586273,-0.02075426602974733,-0.015229063292305667,-0.00018912080508191734,0.0,0.019999999999999796,0.49000072479248225
2017-11-08,21.756572723388672,198.64002990722656,77.34861755371094,2594.3798828125,2.32,1.65,9.779999732971191,-0.011304407269825909,-0.014452714038681948,0.005986508749620027,0.0014426139320604147,0.0,0.020000000000000018,-0.1100006103515625
2017-11-09,21.512941360473636,198.2613525390625,77.34071350097656,2584.6201171875,2.33,1.63,10.5,-0.00010219260355404096,-0.011261228268875908,-0.0019081691312364483,-0.0037689813393701364,0.010000000000000231,-0.020000000000000018,0.7200002670288086
2017-11-10,21.529184341430664,197.734375,77.24564361572266,2582.300048828125,2.4,1.67,11.289999961853027,-0.0012299907833120453,0.0007547481200432766,-0.002661533009051269,-0.0008980469760537102,0.06999999999999984,0.040000000000000036,0.7899999618530273
2017-11-13,21.439849853515625,197.8331756591797,77.5229263305664,2584.840087890625,2.4,1.7,11.5,0.0035831953686202627,-0.004158092836056908,0.0004995387567538398,0.000983150911293032,0.0,0.030000000000000027,0.21000003814697266
2017-11-14,21.309907913208008,195.3383331298828,77.05553436279297,2578.8701171875,2.38,1.68,11.59000015258789,-0.006047328845951175,-0.0060792082707309646,-0.01269103156691239,-0.0023122805602819227,-0.020000000000000018,-0.020000000000000018,0.09000015258789062
2017-11-15,21.756572723388672,195.64300537109372,77.78433990478516,2564.6201171875,2.33,1.68,13.130000114440918,0.009413736966218328,0.020743781255620552,0.0015585004852038506,-0.005540998742123611,-0.04999999999999982,0.0,1.5399999618530273
2017-11-16,21.73221778869629,197.09210205078125,78.00614929199219,2585.639892578125,2.37,1.72,11.760000228881836,0.0028475363063353567,-0.0011200558558542,0.007379545288929749,0.008162652782972403,0.040000000000000036,0.040000000000000036,-1.369999885559082
2017-11-17,21.618513107299805,195.9805450439453,77.74473571777344,2578.85009765625,2.35,1.73,11.43000030517578,-0.0033568197018572976,-0.005245814305568334,-0.005655748259479146,-0.002629416978897395,-0.020000000000000018,0.010000000000000009,-0.32999992370605646
2017-11-20,21.715970993041992,196.07113647460935,78.43391418457031,2582.139892578125,2.37,1.77,10.649999618530272,0.008825571748836775,0.004497944400419362,0.0004621402562307737,0.0012748698887901106,0.020000000000000018,0.040000000000000036,-0.7800006866455078
2017-11-21,21.707843780517575,195.9805450439453,78.37053680419922,2599.030029296875,2.36,1.77,9.729999542236328,-0.0008083620512378237,-0.0003743205271897519,-0.0004621402562308814,0.006519838879752696,-0.010000000000000231,0.0,-0.9200000762939435
2017-11-22,21.650999069213867,194.67138671875,78.14080810546875,2597.080078125,2.32,1.74,9.880000114440918,-0.002935619316847167,-0.002622060006026122,-0.006702453614987352,-0.0007505427033295442,-0.040000000000000036,-0.030000000000000027,0.15000057220458984
2017-11-24,21.594152450561523,194.2761993408203,77.8873291015625,2602.419921875,2.34,1.75,9.670000076293944,-0.0032491476401745106,-0.0026290416103332314,-0.002032086214613335,0.002053984278231966,0.020000000000000018,0.010000000000000009,-0.21000003814697443
2017-11-27,21.594152450561523,193.5845642089844,77.578369140625,2601.419921875,2.32,1.74,9.869999885559082,-0.003974643553801851,0.0,-0.0035664131560964054,-0.00038433158680325395,-0.020000000000000018,-0.010000000000000009,0.1999998092651385
2017-11-28,22.44687271118164,197.1250915527344,80.29557037353516,2627.0400390625,2.34,1.75,10.029999732971191,0.034425815819496094,0.038728746157544375,0.018124068384740077,0.009800332196793644,0.020000000000000018,0.010000000000000009,0.15999984741210938
2017-11-29,22.96662712097168,199.35520935058597,82.17301940917969,2626.070068359375,2.37,1.78,10.699999809265137,0.023112561187311816,0.022890863161498225,0.011249695443738729,-0.0003692938827907781,0.03000000000000025,0.030000000000000027,0.6700000762939453
2017-11-30,22.974781036376957,204.5422821044922,82.7988510131836,2647.580078125,2.42,1.78,11.279999732971191,0.00758716749189879,0.0003549702030451289,0.02568650740161657,0.008157586662811174,0.04999999999999982,0.0,0.5799999237060547
2017-12-01,22.91769218444824,205.62423706054688,83.01273345947266,2642.219970703125,2.37,1.78,11.43000030517578,0.0025798265615025033,-0.002487940935396269,0.0052756986004611865,-0.0020265829358053324,-0.04999999999999982,0.0,0.15000057220458807
2017-12-04,23.70064163208008,207.0283660888672,84.72383880615234,2639.43994140625,2.37,1.8,11.68000030517578,0.02040300074989519,0.03359292411400623,0.006805406953861737,-0.0010527105492864532,0.0,0.020000000000000018,0.25
2017-12-05,23.59461784362793,205.11212158203125,83.74945831298828,2629.570068359375,2.36,1.83,11.329999923706056,-0.011567309174316791,-0.004483492309052447,-0.009299053952052867,-0.003746390525955308,-0.010000000000000231,0.030000000000000027,-0.350000381469723
2017-12-06,23.35810852050781,203.1464080810547,83.12364959716797,2629.27001953125,2.33,1.78,11.020000457763672,-0.007500449383185214,-0.010074444736075576,-0.009629823010425604,-0.00011411217053034995,-0.029999999999999805,-0.050000000000000044,-0.3099994659423846
2017-12-07,23.47227668762207,205.30213928222656,82.87808227539062,2636.97998046875,2.37,1.8,10.15999984741211,-0.002958613722112613,0.004875825504737586,0.01055580308418105,0.002928067010109385,0.040000000000000036,0.020000000000000018,-0.8600006103515625
2017-12-08,23.692487716674805,206.78065490722656,83.91583251953125,2651.5,2.38,1.8,9.579999923706056,0.012443663022479757,0.009338014596475663,0.0071758490781595775,0.005491202035518141,0.009999999999999787,0.0,-0.5799999237060529
2017-12-11,23.60277938842773,206.5988922119141,83.67024230957031,2659.989990234375,2.39,1.82,9.34000015258789,-0.0029309163785661225,-0.0037935481210185193,-0.0008793986460767536,0.0031968421216958323,0.010000000000000231,0.020000000000000018,-0.23999977111816584
2017-12-12,23.91269874572754,212.83493041992188,84.64463806152344,2664.110107421875,2.4,1.83,9.920000076293944,0.011578377803676357,0.013045170312465916,0.029737696030496242,0.001547723722089516,0.009999999999999787,0.010000000000000009,0.5799999237060529
2017-12-13,23.521215438842773,211.0839080810547,83.58309936523438,2662.85009765625,2.36,1.79,10.18000030517578,-0.01262042517144504,-0.01650684758892495,-0.008261167649607588,-0.000473068970150185,-0.040000000000000036,-0.040000000000000036,0.26000022888183594
2017-12-14,23.431507110595703,211.01779174804688,82.90975189208984,2652.010009765625,2.35,1.82,10.489999771118164,-0.008088649323644309,-0.003821224096678467,-0.0003132720554089406,-0.004079167730762682,-0.009999999999999787,0.030000000000000027,0.3099994659423846
2017-12-15,23.6843318939209,212.4137420654297,84.08216094970703,2675.81005859375,2.35,1.84,9.420000076293944,0.014041737726082045,0.01073215357469546,0.006593535262641519,0.008934313410142761,0.0,0.020000000000000018,-1.0699996948242205
2017-12-18,24.043184280395508,214.7677001953125,84.73177337646484,2690.159912109375,2.39,1.84,9.529999732971191,0.007696232373638584,0.015037830487654124,0.011020993532898607,0.005348478579597589,0.040000000000000036,0.0,0.10999965667724787
2017-12-19,24.018722534179688,211.8437957763672,84.37527465820312,2681.469970703125,2.46,1.87,10.029999732971191,-0.004216255330835707,-0.0010179266678875477,-0.01370778908083782,-0.0032354980431185012,0.06999999999999984,0.030000000000000027,0.5
2017-12-20,24.043184280395508,210.7700042724609,84.08216094970703,2679.25,2.49,1.87,9.720000267028809,-0.0034799770428028762,0.0010179266678876269,-0.0050816788970557076,-0.0008282360735725663,0.03000000000000025,0.0,-0.3099994659423828
2017-12-21,24.32048225402832,215.58538818359372,85.42095184326172,2684.570068359375,2.48,1.89,9.619999885559082,0.01579698109432675,0.011467327943111838,0.022589552115111645,0.0019836870126583982,-0.010000000000000231,0.019999999999999796,-0.10000038146972656
2017-12-22,24.369421005249023,213.90040588378903,85.11991119384766,2683.340087890625,2.48,1.91,9.899999618530272,-0.003530426159824107,0.0020102224249739084,-0.007846550308312909,-0.00045827163811375547,0.0,0.020000000000000018,0.27999973297118963
2017-12-26,24.287864685058597,212.86795043945312,84.7792739868164,2680.5,2.47,1.92,10.25,-0.00400987989551875,-0.0033522789201788296,-0.00483849115461306,-0.0010589757000585695,-0.009999999999999787,0.010000000000000009,0.35000038146972834
2017-12-27,24.247085571289062,211.40603637695312,84.93773651123047,2682.6201171875,2.42,1.89,10.470000267028809,0.0018673740480903245,-0.0016804023966231919,-0.00689139515317312,0.0007906283102422613,-0.050000000000000266,-0.030000000000000027,0.2200002670288086
2017-12-28,24.304174423217773,211.8603057861328,85.3892822265625,2687.5400390625,2.43,1.91,10.18000030517578,0.00530211561870793,0.0023516950227799524,0.002146495189182516,0.0018323190029195554,0.010000000000000231,0.020000000000000018,-0.2899999618530291
2017-12-29,24.07581329345703,210.42312622070312,84.7159194946289,2673.610107421875,2.4,1.89,11.039999961853027,-0.007917056530928149,-0.009440383783214693,-0.006806732186949218,-0.005196632292748298,-0.03000000000000025,-0.020000000000000018,0.8599996566772479
2018-01-02,24.385726928710938,211.17474365234372,85.5160140991211,2695.81005859375,2.46,1.92,9.770000457763672,0.0094001222815158,0.012790260430803687,0.0035655693808920594,0.008269078218398127,0.06000000000000005,0.030000000000000027,-1.2699995040893555
2018-01-03,24.304174423217773,209.2088928222656,85.60317993164062,2713.06005859375,2.44,1.94,9.149999618530272,0.0010187733825226726,-0.003349876647588882,-0.009352719703882711,0.006378433243936035,-0.020000000000000018,0.020000000000000018,-0.6200008392334002
2018-01-04,24.62224769592285,212.13287353515625,86.82948303222656,2723.989990234375,2.46,1.96,9.220000267028809,0.014223799070849018,0.01300228956157211,0.013879600299115568,0.004020542855326989,0.020000000000000018,0.020000000000000018,0.07000064849853693
2018-01-05,24.73642921447754,211.0508270263672,86.27205657958984,2743.14990234375,2.47,1.96,9.220000267028809,-0.006440478585134733,0.004626611950652182,-0.0051138494485645615,0.007009145888585348,0.010000000000000231,0.0,0.0
2018-01-08,24.565155029296875,207.9864959716797,86.39947509765625,2747.7099609375,2.49,1.96,9.520000457763672,0.001475848855414326,-0.00694804748505438,-0.014625836467851231,0.001660963767296979,0.020000000000000018,0.0,0.3000001907348633
2018-01-09,24.68749618530273,209.7458038330078,86.83745574951172,2751.2900390625,2.55,1.98,10.079999923706056,0.005056445907821994,0.004967911558269411,0.008423185202835894,0.0013020835172984225,0.05999999999999961,0.020000000000000018,0.5599994659423846
2018-01-10,24.915849685668945,210.06797790527344,87.79301452636719,2748.22998046875,2.55,1.98,9.81999969482422,0.010943889832034084,0.009207246388159096,0.0015348430638852698,-0.0011128458115206878,0.0,0.0,-0.26000022888183594
2018-01-11,25.00556755065918,210.728759765625,88.26284790039062,2767.56005859375,2.54,1.98,9.880000114440918,0.00533733421764355,0.003594367570047932,0.003140625125306267,0.007009025768882019,-0.009999999999999787,0.0,0.06000041961669744
2018-01-12,25.43782615661621,212.2980499267578,89.7200927734375,2786.239990234375,2.55,1.99,10.15999984741211,0.01637547319398981,0.017138782902179624,0.007419375433963259,0.006726926399094035,0.009999999999999787,0.010000000000000009,0.2799997329711914
2018-01-16,25.478605270385746,213.4791717529297,89.40155792236328,2776.419921875,2.54,2.03,11.65999984741211,-0.003556635232161383,0.0016018059925189607,0.005548088510770439,-0.0035307132616026696,-0.009999999999999787,0.039999999999999813,1.5
2018-01-17,25.429668426513672,209.5063018798828,89.97491455078125,2802.56005859375,2.57,2.05,11.90999984741211,0.0063927958127988965,-0.0019225503200835114,-0.018785452235383533,0.009371006206502086,0.029999999999999805,0.020000000000000018,0.25
2018-01-18,25.674341201782227,207.2927398681641,90.1899185180664,2798.030029296875,2.62,2.05,12.220000267028809,0.002386748464594941,0.009575555678509533,-0.010621822997213605,-0.0016176974974736241,0.050000000000000266,0.0,0.3100004196166992
2018-01-19,25.87007713317871,211.54644775390625,89.9908447265625,2810.300048828125,2.64,2.06,11.270000457763672,-0.002209712834185954,0.007594881408777643,0.02031258902011836,0.004375647986990156,0.020000000000000018,0.010000000000000231,-0.9499998092651367
2018-01-22,26.04950714111328,216.00662231445312,91.0419692993164,2832.969970703125,2.66,2.08,11.029999732971191,0.011612661392221486,0.006911870531402915,0.020864480572481702,0.00803436438221324,0.020000000000000018,0.020000000000000018,-0.24000072479248047
2018-01-23,26.03318977355957,214.82550048828125,90.9464111328125,2839.1298828125,2.63,2.06,11.100000381469728,-0.0010501568842915829,-0.0006265945910720724,-0.005482993132049601,0.002172004968222319,-0.03000000000000025,-0.020000000000000018,0.07000064849853693
2018-01-24,26.17184066772461,219.44265747070312,92.10900115966795,2837.5400390625,2.65,2.08,11.470000267028809,0.012702226543449288,0.0053117953958750986,0.02126488384901678,-0.0005601325472320471,0.020000000000000018,0.020000000000000018,0.36999988555908025
2018-01-25,26.17184066772461,222.20962524414065,92.13290405273438,2839.25,2.63,2.08,11.579999923706056,0.00025947292688888955,0.0,0.012530237403393462,0.0006024393988328895,-0.020000000000000018,0.0,0.10999965667724787
2018-01-26,26.26155662536621,221.47457885742188,92.6266098022461,2872.8701171875,2.66,2.13,11.079999923706056,0.005344319372807291,0.0034220954516231486,-0.0033133794369877975,0.011771638106084168,0.03000000000000025,0.04999999999999982,-0.5
2018-01-29,26.32680320739746,225.0592498779297,92.53105926513672,2853.530029296875,2.7,2.11,13.84000015258789,-0.0010320992489545673,0.0024814090311163126,0.016055885568451635,-0.006754736284863033,0.040000000000000036,-0.020000000000000018,2.760000228881834
2018-01-30,26.000568389892575,222.13531494140625,91.66307067871094,2822.429931640625,2.73,2.13,14.789999961853027,-0.009424784728135394,-0.012469154648755863,-0.013076977379841955,-0.010958642805337085,0.029999999999999805,0.020000000000000018,0.9499998092651367
2018-01-31,26.09844017028809,221.26809692382807,92.10900115966795,2823.81005859375,2.72,2.14,13.539999961853027,0.00485309167739342,0.003757150019993551,-0.003911648400288881,0.0004888658586947881,-0.009999999999999787,0.010000000000000231,-1.25
2018-02-01,26.50622940063477,224.85276794433597,93.06458282470705,2821.97998046875,2.78,2.16,13.470000267028809,0.010321020170564818,0.015504228136976583,0.016070748773466925,-0.0006482983520233253,0.05999999999999961,0.020000000000000018,-0.06999969482421875
2018-02-02,26.057661056518555,214.78424072265625,91.00215911865234,2762.1298828125,2.84,2.15,17.309999465942383,-0.02241045830345082,-0.01706796166459746,-0.04581183059231676,-0.021436680516698812,0.06000000000000005,-0.010000000000000231,3.839999198913574
2018-02-05,24.67933464050293,205.7564392089844,86.63837432861328,2648.93994140625,2.77,2.08,37.31999969482422,-0.04914039381743899,-0.05434557621182686,-0.04294085738582396,-0.041842540938381426,-0.06999999999999984,-0.06999999999999984,20.010000228881836
2018-02-06,25.445974349975582,213.67742919921875,89.274169921875,2695.139892578125,2.79,2.1,29.979999542236328,0.029969356449989156,0.03059131248927295,0.03777440230675104,0.017290573348937088,0.020000000000000018,0.020000000000000018,-7.340000152587891
2018-02-07,25.48675346374512,212.35589599609372,89.87935638427734,2681.659912109375,2.84,2.15,27.729999542236328,0.006756091011377419,0.001601293479991816,-0.006203915814223581,-0.005014138223752627,0.04999999999999982,0.04999999999999982,-2.25
2018-02-08,24.255237579345703,203.4767303466797,85.90574645996094,2581.0,2.85,2.13,33.459999084472656,-0.045217562616020494,-0.049526268466027826,-0.042711970683199645,-0.0382590522458017,0.010000000000000231,-0.020000000000000018,5.729999542236328
2018-02-09,24.73642921447754,205.91331481933597,87.62580108642578,2619.550048828125,2.83,2.05,29.059999465942383,0.01982476368421388,0.01964444735270273,0.011903627226006196,0.014825645199524345,-0.020000000000000018,-0.08000000000000007,-4.399999618530273
2018-02-12,25.380727767944336,209.1016082763672,88.9795150756836,2656.0,2.86,2.09,25.61000061035156,0.015330688024446315,0.025713112666297906,0.01536501944738391,0.013818665678186272,0.029999999999999805,0.040000000000000036,-3.449998855590824
2018-02-13,25.429668426513672,211.05909729003903,89.52898406982422,2662.93994140625,2.83,2.1,24.96999931335449,0.006156241659578933,0.0019264039397396027,0.009317878376616077,0.0026095219802775584,-0.029999999999999805,0.010000000000000231,-0.6400012969970703
2018-02-14,26.09844017028809,216.88211059570312,91.599365234375,2698.6298828125,2.91,2.17,19.26000022888184,0.022861924690219776,0.025959008277470344,0.027215760568329646,0.013313439808897013,0.08000000000000007,0.06999999999999984,-5.709999084472649
2018-02-15,26.269710540771484,221.09457397460935,91.9815902709961,2731.199951171875,2.9,2.19,19.1299991607666,0.004164109374828704,0.006541036061416698,0.01923660974363738,0.01199686177677526,-0.010000000000000231,0.020000000000000018,-0.13000106811523793
2018-02-16,26.073972702026367,221.0450439453125,91.3206787109375,2732.219970703125,2.87,2.21,19.459999084472656,-0.007211197414546946,-0.007478982715920261,-0.00022404700911923779,0.0003733996499216942,-0.029999999999999805,0.020000000000000018,0.3299999237060547
2018-02-20,26.04134750366211,218.79019165039065,91.34456634521484,2716.260009765625,2.88,2.25,20.600000381469727,0.00026154547797162367,-0.0012520388437578178,-0.010253257886837504,-0.005858517106837343,0.009999999999999787,0.040000000000000036,1.1400012969970703
2018-02-21,25.992416381835938,217.5594940185547,91.72679901123048,2701.330078125,2.94,2.26,20.020000457763672,0.004175783806414496,-0.0018807456003807378,-0.005640892777606488,-0.005511664483310908,0.06000000000000005,0.009999999999999787,-0.5799999237060547
2018-02-22,25.845611572265625,215.9322509765625,91.55956268310548,2703.9599609375,2.92,2.25,18.71999931335449,-0.0018248643596710948,-0.00566399640699067,-0.007507643243632193,0.0009730774855778604,-0.020000000000000018,-0.009999999999999787,-1.3000011444091832
2018-02-23,26.122901916503903,220.34292602539065,93.41494750976562,2747.300048828125,2.88,2.25,16.489999771118164,0.02006165122260114,0.010671576197276843,0.02022038181762571,0.015901278245121022,-0.040000000000000036,0.0,-2.2299995422363246
2018-02-26,26.44098281860352,224.05160522460935,94.57754516601562,2779.60009765625,2.86,2.22,15.800000190734863,0.012368711764327009,0.01210278830546799,0.016691318372389703,0.011688438620627399,-0.020000000000000018,-0.029999999999999805,-0.6899995803833008
2018-02-27,26.367582321166992,221.30105590820312,93.45476531982422,2744.280029296875,2.9,2.27,18.59000015258789,-0.011942555914261504,-0.002779872716112904,-0.012352387354745288,-0.012788311441467541,0.040000000000000036,0.04999999999999982,2.7899999618530273
2018-02-28,26.17999649047852,217.7809295654297,91.97364044189452,2713.830078125,2.87,2.25,19.850000381469727,-0.01597550679871394,-0.007139686805025346,-0.01603437115585791,-0.011157806083656078,-0.029999999999999805,-0.020000000000000018,1.260000228881836
2018-03-01,25.770679473876957,212.6869964599609,90.32527923583984,2677.669921875,2.81,2.22,22.46999931335449,-0.018084650573518067,-0.015758235255622095,-0.023668062530819534,-0.013413965854876449,-0.06000000000000005,-0.029999999999999805,2.619998931884762
2018-03-02,25.893478393554688,213.79681396484372,90.23767852783205,2691.25,2.86,2.25,19.59000015258789,-0.0009703066007084496,0.004753746349437869,0.005204511790994095,0.005058785485198549,0.04999999999999982,0.029999999999999805,-2.879999160766598
2018-03-05,26.30279541015625,217.93821716308597,91.62326049804688,2720.93994140625,2.88,2.24,18.729999542236328,0.015238113127037304,0.015684085372930066,0.01918551857469931,0.01097161761052657,0.020000000000000018,-0.009999999999999787,-0.8600006103515625
2018-03-06,26.28642463684082,221.09402465820312,91.70291137695312,2728.1201171875,2.88,2.25,18.36000061035156,0.0008689526771163081,-0.0006225904787939782,0.014376446868446673,0.0026353829319968104,0.0,0.009999999999999787,-0.3699989318847692
2018-03-07,26.343725204467773,219.7852935791016,91.36048126220705,2726.800048828125,2.89,2.25,17.760000228881836,-0.0037411140391868515,0.0021774815553541153,-0.005936930443540641,-0.000483991825716375,0.010000000000000231,0.0,-0.600000381469723
2018-03-08,26.36009788513184,220.60525512695312,91.36842346191406,2738.969970703125,2.86,2.25,16.540000915527344,8.692877269756117e-05,0.0006213090523971579,0.0037237969696280616,0.004453148208884627,-0.03000000000000025,0.0,-1.2199993133544922
2018-03-09,26.785789489746094,224.2746124267578,93.99626922607422,2786.570068359375,2.9,2.27,14.640000343322754,0.02835514997532479,0.016020080944482783,0.016496320820390983,0.017229546741207587,0.040000000000000036,0.020000000000000018,-1.9000005722045898
2018-03-12,26.8840274810791,226.4364776611328,93.69366455078124,2783.02001953125,2.87,2.27,15.779999732971191,-0.0032245196255193996,0.0036608323482578433,0.009593204434155659,-0.001274797337998416,-0.029999999999999805,0.0,1.1399993896484375
2018-03-13,26.491079330444336,222.41928100585935,92.57087707519533,2765.31005859375,2.84,2.26,16.350000381469727,-0.012055983014357893,-0.014724289036589967,-0.017900199973043377,-0.006383910414314703,-0.03000000000000025,-0.010000000000000231,0.5700006484985352
2018-03-14,26.31098175048828,219.02333068847656,91.53567504882812,2749.47998046875,2.81,2.26,17.229999542236328,-0.011245802220518722,-0.006821638196247145,-0.015385996822472733,-0.005740969825188786,-0.029999999999999805,0.0,0.8799991607666016
2018-03-15,26.27823257446289,220.82894897460935,91.7666015625,2747.330078125,2.82,2.29,16.59000015258789,0.002519626489218256,-0.0012454713643906671,0.008210158328921772,-0.0007822363990965508,0.009999999999999787,0.03000000000000025,-0.6399993896484375
2018-03-16,26.335542678833008,221.64894104003903,91.92585754394533,2752.010009765625,2.85,2.31,15.800000190734863,0.0017339418517340183,0.0021785217563327908,0.0037063682621499812,0.0017019979472317418,0.03000000000000025,0.020000000000000018,-0.7899999618530273
2018-03-19,26.17999649047852,217.4496154785156,91.20122528076172,2712.919921875,2.85,2.31,19.020000457763672,-0.007914023792503572,-0.005923833047548923,-0.019127612836745654,-0.014306040541373417,0.0,0.0,3.2200002670288086
2018-03-20,26.17999649047852,217.9962158203125,91.288818359375,2716.93994140625,2.89,2.34,18.200000762939453,0.0009599765948089908,0.0,0.0025105332953041445,0.0014807086617189258,0.040000000000000036,0.029999999999999805,-0.8199996948242188
2018-03-21,26.08994674682617,216.8863677978516,91.36842346191406,2711.929931640625,2.89,2.31,17.860000610351562,0.0008716337418137065,-0.003445568415189725,-0.005104138329602531,-0.0018456921256294063,0.0,-0.029999999999999805,-0.3400001525878906
2018-03-22,25.00934410095215,209.2246856689453,87.55411529541016,2643.68994140625,2.83,2.29,23.34000015258789,-0.042642879708078764,-0.04230053893911399,-0.03596484012756113,-0.025484886972854417,-0.06000000000000005,-0.020000000000000018,5.479999542236328
2018-03-23,23.87962913513184,203.1451110839844,85.21299743652344,2588.260009765625,2.82,2.28,24.8700008392334,-0.027103088442393692,-0.046223761024717584,-0.029488168962389004,-0.02118980731175066,-0.010000000000000231,-0.010000000000000231,1.5300006866455078
2018-03-26,24.91929817199707,211.1131896972656,87.8407974243164,2658.550048828125,2.85,2.33,21.030000686645508,0.0303720815934356,0.04261677223097663,0.038473877107803416,0.026795040706035392,0.03000000000000025,0.050000000000000266,-3.8400001525878906
2018-03-27,24.16615104675293,204.8016662597656,86.13670349121094,2612.6201171875,2.78,2.26,22.5,-0.019590446170864396,-0.030689593311694345,-0.03035240453799044,-0.0174272856453219,-0.07000000000000028,-0.07000000000000028,1.4699993133544922
2018-03-28,24.059728622436523,206.54934692382807,86.00131225585938,2605.0,2.77,2.28,22.8700008392334,-0.0015730547686725164,-0.0044135056860281135,0.008497322840610033,-0.0029209188994626773,-0.009999999999999787,0.020000000000000018,0.37000083923339844
2018-03-29,24.550912857055664,208.6117706298828,87.57006072998047,2640.8701171875,2.74,2.27,19.96999931335449,0.018076612109854406,0.02020960585358081,0.00993561576500025,0.013675777493843445,-0.029999999999999805,-0.009999999999999787,-2.90000152587891
2018-04-02,23.99424171447754,204.8762359619141,85.88188171386719,2581.8798828125,2.73,2.25,23.6200008392334,-0.019466283298224887,-0.02293516413897863,-0.018068897965060123,-0.022590682343495868,-0.010000000000000231,-0.020000000000000018,3.65000152587891
2018-04-03,24.22345542907715,207.5515899658203,87.0604019165039,2614.449951171875,2.79,2.28,21.100000381469727,0.013629268921814576,0.009507523369446958,0.012973865302831592,0.012535961315741067,0.06000000000000005,0.029999999999999805,-2.520000457763672
2018-04-04,24.46086311340332,209.2412109375,88.38227081298828,2644.68994140625,2.79,2.28,20.059999465942383,0.015069240455710717,0.009753019999459907,0.008107770689626094,0.01150010234644679,0.0,0.0,-1.0400009155273438
2018-04-05,24.82105827331543,211.8834991455078,89.54281616210938,2662.840087890625,2.83,2.3,18.940000534057617,0.013045510644840642,0.014618000427218555,0.012548885491995093,0.006839421401651201,0.040000000000000036,0.020000000000000018,-1.1199989318847656
2018-04-06,24.256202697753903,207.04632568359372,87.30982208251953,2604.469970703125,2.77,2.27,21.489999771118164,-0.02525393770701215,-0.023020050765476748,-0.02309402749147818,-0.022164067057064987,-0.06000000000000005,-0.029999999999999805,2.549999237060547
2018-04-09,24.45267105102539,208.8850860595703,88.35828399658203,2613.159912109375,2.78,2.29,21.770000457763672,0.011936991719226367,0.008067089367047833,0.00884170948829799,0.0033309949675928295,0.009999999999999787,0.020000000000000018,0.2800006866455078
2018-04-10,24.952043533325195,212.5129852294922,90.04700469970703,2656.8701171875,2.8,2.32,20.46999931335449,0.018931850661260984,0.02021626859203526,0.01721882017174335,0.01658859899631407,0.020000000000000018,0.029999999999999805,-1.3000011444091832
2018-04-11,24.47723388671875,209.5062713623047,88.53435516357422,2642.18994140625,2.79,2.32,20.239999771118164,-0.016941137808824308,-0.019212267550630116,-0.014249419642078825,-0.005540685772461173,-0.009999999999999787,0.0,-0.22999954223632457
2018-04-12,25.091211318969727,215.0144195556641,90.73528289794922,2663.989990234375,2.83,2.34,18.489999771118164,0.024555617445444818,0.024774181731343606,0.025951419761733794,0.008216898697657044,0.040000000000000036,0.020000000000000018,-1.75
2018-04-13,24.395368576049805,211.9745941162109,88.27823638916016,2656.300048828125,2.82,2.37,17.40999984741211,-0.02745268434886521,-0.028124336341975684,-0.014238665163228387,-0.0028907998267066345,-0.010000000000000231,0.03000000000000025,-1.0799999237060547
2018-04-16,24.50179481506348,213.5980682373047,88.20623016357422,2677.840087890625,2.83,2.39,16.559999465942383,-0.0008160064280780698,0.004353070799639311,0.00762963479604092,0.008076336801563068,0.010000000000000231,0.020000000000000018,-0.8500003814697266
2018-04-17,24.591840744018555,210.0778045654297,88.20623016357422,2706.389892578125,2.82,2.41,15.25,0.0,0.003668338223739012,-0.01661810318162504,0.01060507161386675,-0.010000000000000231,0.020000000000000018,-1.3099994659423828
2018-04-18,24.174339294433597,210.38427734375,87.493896484375,2708.639892578125,2.87,2.42,15.600000381469728,-0.0081085608269767,-0.017122999999511956,0.0014577905869839535,0.0008310204075532664,0.050000000000000266,0.009999999999999787,0.35000038146972834
2018-04-19,24.706451416015625,210.5251007080078,89.41475677490234,2693.1298828125,2.92,2.44,15.960000038146973,0.02171669668770281,0.02177268961194225,0.0006691386643084438,-0.00574258179583257,0.04999999999999982,0.020000000000000018,0.3599996566772443
2018-04-20,24.771942138671875,208.6945953369141,89.21465301513672,2670.139892578125,2.96,2.46,16.8799991607666,-0.0022404355890042653,0.002647246856548867,-0.008732972338577916,-0.008573177188352708,0.040000000000000036,0.020000000000000018,0.9199991226196289
2018-04-23,24.82105827331543,204.3129425048828,88.78245544433594,2670.2900390625,2.98,2.49,16.34000015258789,-0.00485624091222646,0.001980769475298634,-0.021219066637468878,5.623011118453955e-05,0.020000000000000018,0.03000000000000025,-0.5399990081787109
2018-04-24,24.71464157104492,200.85069274902344,88.36628723144531,2634.56005859375,3.0,2.48,18.020000457763672,-0.004698525907890441,-0.004296572625962125,-0.01709104042007886,-0.013470888006475166,0.020000000000000018,-0.010000000000000231,1.6800003051757812
2018-04-25,24.6737060546875,198.15054321289065,88.0301284790039,2639.39990234375,3.03,2.49,17.84000015258789,-0.0038114057820322236,-0.0016576997490077776,-0.013534748830543881,0.0018353742328236348,0.029999999999999805,0.010000000000000231,-0.18000030517578125
2018-04-26,24.61640167236328,198.86282348632807,88.11815643310547,2666.93994140625,3.0,2.49,16.239999771118164,0.0009994756573810776,-0.002325188999771577,0.0035881967581383903,0.010380144187376953,-0.029999999999999805,0.0,-1.6000003814697266
2018-04-27,24.6818904876709,198.6226348876953,87.55795288085938,2669.909912109375,2.96,2.49,15.40999984741211,-0.006377707854488039,0.002656840671791811,-0.0012085404525218968,0.001113005271363815,-0.040000000000000036,0.0,-0.8299999237060547
2018-04-30,24.49361038208008,197.4050445556641,87.06171417236328,2648.050048828125,2.95,2.49,15.93000030517578,-0.005683667283843553,-0.007657513285391957,-0.0061490356948249204,-0.008221192548921247,-0.009999999999999787,0.0,0.5200004577636701
2018-05-01,24.51816749572754,196.0301513671875,87.06171417236328,2654.800048828125,2.97,2.5,15.489999771118164,0.0,0.0010020903858526324,-0.006989200760674912,0.0025458021710273926,0.020000000000000018,0.009999999999999787,-0.4400005340576154
2018-05-02,24.21526908874512,193.8600616455078,86.37342071533203,2635.669921875,2.97,2.49,15.970000267028809,-0.007937227609501765,-0.012430984915503296,-0.011131913851177334,-0.007231951201402355,0.0,-0.009999999999999787,0.48000049591064453
2018-05-03,23.90419006347656,193.3299102783203,85.82916259765625,2629.72998046875,2.94,2.49,15.899999618530272,-0.00632115871259572,-0.012929628240396434,-0.0027384577955901113,-0.002256217585064076,-0.03000000000000025,0.0,-0.07000064849853693
2018-05-04,23.986053466796875,194.59719848632807,86.7815933227539,2663.419921875,2.95,2.51,14.770000457763672,0.011035701525275712,0.003418795855762742,0.006533664122044978,0.012729810028334959,0.010000000000000231,0.019999999999999574,-1.1299991607665998
2018-05-07,24.26439094543457,196.4691162109375,87.53392028808594,2672.6298828125,2.95,2.49,14.75,0.008631837992839389,0.011537326525288012,0.00957347616622959,0.003451980554989958,0.0,-0.019999999999999574,-0.020000457763671875
2018-05-08,24.50179481506348,196.3034210205078,88.8304672241211,2671.919921875,2.97,2.51,14.710000038146973,0.014703311845783981,0.009736490209321198,-0.0008437209048627251,-0.0002656766117338216,0.020000000000000018,0.019999999999999574,-0.039999961853027344
2018-05-09,25.148515701293945,200.2212677001953,90.76732635498048,2697.7900390625,3.0,2.54,13.420000076293944,0.021569688419384274,0.026052504337776,0.01976156486552028,0.009635647934868785,0.029999999999999805,0.03000000000000025,-1.2899999618530291
2018-05-10,25.28768539428711,201.63763427734372,91.4716339111328,2723.070068359375,2.97,2.54,13.229999542236328,0.007729533374552567,0.00551865696375473,0.0070491032304851285,0.009327011603848374,-0.029999999999999805,0.0,-0.1900005340576154
2018-05-11,25.312244415283203,201.2069091796875,91.1274871826172,2727.719970703125,2.97,2.54,12.649999618530272,-0.003769428176222401,0.0009707137150975169,-0.00213841924279883,0.001706139270961256,0.0,0.0,-0.5799999237060565
2018-05-14,25.47597312927246,202.02687072753903,91.15949249267578,2730.1298828125,3.0,2.55,12.93000030517578,0.0003511530054913826,0.006447530120055009,0.004066934462768444,0.0008830995101265589,0.029999999999999805,0.009999999999999787,0.2800006866455078
2018-05-15,25.55783462524414,200.08041381835935,90.46318817138672,2711.449951171875,3.08,2.58,14.630000114440918,-0.007667629727724054,0.003208130836563081,-0.00968135712631926,-0.006865655043990812,0.08000000000000007,0.03000000000000025,1.6999998092651385
2018-05-16,25.426851272583008,199.58349609375,90.71129608154295,2722.4599609375,3.09,2.58,13.420000076293944,0.0027388852936724353,-0.005138156233578083,-0.002486679273989041,0.004052339847514407,0.009999999999999787,0.0,-1.2100000381469744
2018-05-17,25.222190856933597,198.04286193847656,90.40717315673828,2720.1298828125,3.11,2.57,13.43000030517578,-0.003358279383759558,-0.008081555778112913,-0.007749193853651093,-0.0008562387886101002,0.020000000000000018,-0.010000000000000231,0.010000228881835938
2018-05-18,24.771942138671875,196.3034210205078,88.94254302978516,2712.969970703125,3.06,2.55,13.420000076293944,-0.016333036011021453,-0.018012549268837177,-0.008821953062015647,-0.0026356652545503154,-0.04999999999999982,-0.020000000000000018,-0.010000228881835938
2018-05-21,25.00934410095215,196.8832855224609,89.75885772705078,2733.010009765625,3.06,2.58,13.079999923706056,0.009136138518033436,0.009537871756034561,0.002949565245733006,0.007359604547933372,0.0,0.03000000000000025,-0.3400001525878871
2018-05-22,25.28768539428711,197.1317901611328,90.44719696044922,2724.43994140625,3.06,2.59,13.220000267028809,0.007639505590745371,0.011068014852778101,0.0012613967685924702,-0.0031406885928751895,0.0,0.009999999999999787,0.14000034332275213
2018-05-23,24.91929817199707,196.9743804931641,90.03101348876953,2733.2900390625,3.01,2.53,12.579999923706056,-0.004612016135939684,-0.01467500364651904,-0.0007988186334550183,0.0032431452068987514,-0.050000000000000266,-0.06000000000000005,-0.6400003433227521
2018-05-24,24.73101043701172,195.5580139160156,89.0225601196289,2727.760009765625,2.98,2.5,12.529999732971191,-0.011264383190353073,-0.007584590826516027,-0.007216590244525201,-0.0020252629577225518,-0.029999999999999805,-0.029999999999999805,-0.05000019073486506
2018-05-25,24.69007873535156,194.6551818847656,88.56636810302734,2721.330078125,2.93,2.48,13.220000267028809,-0.005137629069649545,-0.0016564471445173912,-0.004627386525989095,-0.002360003054185922,-0.04999999999999982,-0.020000000000000018,0.6900005340576172
2018-05-29,23.707714080810547,188.0455017089844,84.7807388305664,2689.860107421875,2.77,2.32,17.020000457763672,-0.04368381246446603,-0.0406010084861898,-0.03454573134015269,-0.011631572511792225,-0.16000000000000014,-0.16000000000000014,3.8000001907348633
2018-05-30,24.141590118408203,190.48092651367188,86.71754455566406,2724.010009765625,2.84,2.42,14.9399995803833,0.022587842098353034,0.018135600365057764,0.012868102354009682,0.012615875351923801,0.06999999999999984,0.10000000000000009,-2.080000877380371
2018-05-31,23.870344161987305,187.75454711914065,85.64511108398438,2705.27001953125,2.83,2.4,15.43000030517578,-0.012444079687468444,-0.011299225759917986,-0.014416556905234327,-0.006903333243434208,-0.009999999999999787,-0.020000000000000018,0.4900007247924787
2018-06-01,24.16625213623047,189.80763244628903,86.75758361816406,2734.6201171875,2.89,2.47,13.460000038146973,0.0129056912583314,0.0123202616337544,0.01087558910578452,0.01079079970923988,0.06000000000000005,0.07000000000000028,-1.9700002670288068
2018-06-04,24.16625213623047,191.0877227783203,86.79759216308594,2746.8701171875,2.94,2.52,12.739999771118164,0.00046104698924116197,0.0,0.0067215057041989405,0.004469594898352221,0.04999999999999982,0.04999999999999982,-0.7200002670288086
2018-06-05,23.936098098754883,189.79933166503903,86.30938720703125,2748.800048828125,2.92,2.49,12.399999618530272,-0.005640514925515341,-0.009569419901044271,-0.006765239260408985,0.0007023462695756739,-0.020000000000000018,-0.029999999999999805,-0.3400001525878924
2018-06-06,24.69231605529785,193.0327606201172,88.32626342773438,2772.35009765625,2.97,2.52,11.640000343322754,0.02309913114843664,0.031104404195702658,0.016892553735049807,0.008530900637311972,0.050000000000000266,0.029999999999999805,-0.7599992752075178
2018-06-07,24.733417510986328,194.0468292236328,88.67842102050781,2770.3701171875,2.93,2.5,12.130000114440918,0.003979081779856271,0.0016631605520873866,0.005239599039014168,-0.0007144436219845289,-0.040000000000000036,-0.020000000000000018,0.48999977111816406
2018-06-08,24.66766166687012,193.99691772460935,88.92652130126953,2779.030029296875,2.93,2.5,12.18000030517578,0.0027938461497615703,-0.002662123339987273,-0.00025724676504257913,0.0031210289077513477,0.0,0.0,0.050000190734861505
2018-06-11,24.708763122558597,194.57872009277344,88.70243072509766,2782.0,2.96,2.52,12.350000381469728,-0.002523132546797265,0.0016648214348012026,0.0029945408116531695,0.0010681370069403208,0.029999999999999805,0.020000000000000018,0.17000007629394887
2018-06-12,24.57724380493164,193.3652191162109,88.19020080566406,2786.85009765625,2.96,2.54,12.34000015258789,-0.00579143796680433,-0.005336996766575924,-0.006256083994646628,0.0017418672787038484,0.0,0.020000000000000018,-0.010000228881837714
2018-06-13,24.52792739868164,194.36268615722656,88.01412963867188,2775.6298828125,2.98,2.59,12.9399995803833,-0.0019984891988742855,-0.0020086040480770165,0.005145202230494408,-0.004034254541411457,0.020000000000000018,0.04999999999999982,0.5999994277954102
2018-06-14,24.24844741821289,194.2130889892578,86.46144104003906,2782.489990234375,2.94,2.59,12.119999885559082,-0.017798819434640817,-0.011459770846097379,-0.0007699768484190755,0.002468500522503687,-0.040000000000000036,0.0,-0.8199996948242188
2018-06-15,24.067615509033203,192.7750701904297,86.357421875,2779.659912109375,2.93,2.55,11.979999542236328,-0.0012037942600230964,-0.00748540930604791,-0.007431883294300421,-0.00101762031549408,-0.009999999999999787,-0.040000000000000036,-0.1400003433227539
2018-06-18,24.16625213623047,192.33450317382807,86.58151245117188,2773.75,2.92,2.56,12.3100004196167,0.0025915587194326123,0.004089938025238466,-0.002288009643332441,-0.002128391180886516,-0.010000000000000231,0.010000000000000231,0.3300008773803711
2018-06-19,24.051172256469727,189.78268432617188,86.07728576660156,2762.590087890625,2.89,2.54,13.350000381469728,-0.005840746295236917,-0.004773382225190353,-0.013356409325280766,-0.004031517951391294,-0.029999999999999805,-0.020000000000000018,1.0399999618530291
2018-06-20,24.03473472595215,189.36708068847656,86.06928253173828,2767.320068359375,2.93,2.56,12.789999961853027,-9.298163708003401e-05,-0.0006836735413492929,-0.002192293613230825,0.001710690224112545,0.040000000000000036,0.020000000000000018,-0.560000419616701
2018-06-21,24.07583999633789,188.66888427734372,86.0452651977539,2749.760009765625,2.9,2.56,14.640000343322754,-0.0002790854632232046,0.0017087835938396254,-0.003693813656381547,-0.006365728843220268,-0.03000000000000025,0.0,1.8500003814697266
2018-06-22,23.829242706298828,187.8708953857422,84.63665008544922,2754.8798828125,2.9,2.56,13.770000457763672,-0.016506108353000263,-0.010295336288955594,-0.004238543332593691,0.0018602032551338834,0.0,0.0,-0.869999885559082
2018-06-25,23.410030364990234,184.14703369140625,83.86833190917969,2717.070068359375,2.87,2.54,17.329999923706055,-0.009119297147342489,-0.01774893300336351,-0.020020465603004838,-0.013819722967770653,-0.029999999999999805,-0.020000000000000018,3.559999465942383
2018-06-26,23.4593505859375,184.1803436279297,83.92434692382812,2723.06005859375,2.88,2.53,15.920000076293944,0.0006676693776974953,0.0021045824865181576,0.00018087135882572034,0.0022021505056967236,0.009999999999999787,-0.010000000000000231,-1.4099998474121112
2018-06-27,23.21275520324707,183.01663208007807,82.62781524658203,2699.6298828125,2.83,2.52,17.90999984741211,-0.015569391004302305,-0.01056724024859745,-0.006338371614363675,-0.008641586313141117,-0.04999999999999982,-0.009999999999999787,1.9899997711181658
2018-06-28,23.56620216369629,185.7097320556641,83.98037719726562,2716.31005859375,2.84,2.52,16.850000381469727,0.016236796591734045,0.015111653036954964,0.014607839998377612,0.006159680019031288,0.009999999999999787,0.0,-1.0599994659423828
2018-06-29,23.171655654907227,183.3408050537109,83.39612579345703,2718.3701171875,2.85,2.52,16.09000015258789,-0.006981311789157172,-0.01688378114359015,-0.012838130827057564,0.0007581158875170001,0.010000000000000231,0.0,-0.7600002288818359
2018-07-02,23.245630264282227,185.5767517089844,84.10043334960938,2726.7099609375,2.87,2.57,15.600000381469728,0.008409864785425018,0.003187376018998658,0.012121808751351774,0.003063260834293461,0.020000000000000018,0.04999999999999982,-0.4899997711181623
2018-07-03,22.834646224975582,183.1829071044922,82.9239273071289,2713.219970703125,2.83,2.53,16.139999389648438,-0.014088070705205341,-0.017838214895992355,-0.012983406261957276,-0.004959629280533677,-0.040000000000000036,-0.040000000000000036,0.5399990081787092
2018-07-05,22.94972038269043,183.4820709228516,83.46305847167969,2736.610107421875,2.84,2.55,14.970000267028809,0.006480471400190269,0.00502679882045462,0.0016318105228020105,0.008583856745537827,0.009999999999999787,0.020000000000000018,-1.169999122619629
2018-07-06,23.040138244628903,184.35487365722656,83.73667907714844,2759.820068359375,2.82,2.53,13.369999885559082,0.003272981808959444,0.003932083339030732,0.004745604731934285,0.00844551760058016,-0.020000000000000018,-0.020000000000000018,-1.6000003814697266
2018-07-09,23.878557205200195,189.50840759277344,86.3277816772461,2784.169921875,2.86,2.57,12.6899995803833,0.03047436380779732,0.035743032145825616,0.02757082947196597,0.008784290785341506,0.040000000000000036,0.040000000000000036,-0.6800003051757812
2018-07-10,23.697725296020508,188.560791015625,85.79670715332031,2793.840087890625,2.87,2.59,12.640000343322754,-0.006170838475990163,-0.007601803692487204,-0.005012937129320366,0.003467249318821859,0.010000000000000231,0.020000000000000018,-0.049999237060546875
2018-07-11,23.57442855834961,187.5716552734375,85.61161041259766,2774.02001953125,2.85,2.58,13.630000114440918,-0.0021597179798265786,-0.0052164755446759145,-0.005259519789442618,-0.007119486371916502,-0.020000000000000018,-0.009999999999999787,0.9899997711181641
2018-07-12,23.64840507507324,188.86834716796875,85.98177337646484,2798.2900390625,2.85,2.6,12.579999923706056,0.004314426697419271,0.0031330850584712746,0.006889262643414694,0.0087109915801719,0.0,0.020000000000000018,-1.0500001907348615
2018-07-13,23.46756362915039,188.1950836181641,85.58747100830078,2801.31005859375,2.83,2.59,12.18000030517578,-0.004596430599034904,-0.007676477379204149,-0.003571092873658304,0.0010786555366086475,-0.020000000000000018,-0.010000000000000231,-0.399999618530277
2018-07-16,24.478605270385746,192.37612915039065,88.98328399658203,2798.429931640625,2.85,2.59,12.829999923706056,0.0389096261189984,0.04218028517355651,0.021973358036050217,-0.0010286646208985384,0.020000000000000018,0.0,0.649999618530277
2018-07-17,24.66766166687012,192.02700805664065,88.91893005371094,2809.550048828125,2.86,2.62,12.0600004196167,-0.0007234754892921053,0.007693659796514239,-0.0018164325727320944,0.003965824343443431,0.009999999999999787,0.03000000000000025,-0.7699995040893572
2018-07-18,24.766300201416016,192.20985412597656,89.74777221679688,2815.6201171875,2.88,2.6,12.100000381469728,0.00927814862405416,0.0039907246648566335,0.0009517362915110791,0.0021581820767374625,0.020000000000000018,-0.020000000000000018,0.03999996185302912
2018-07-19,24.3881893157959,190.8715362548828,88.42803192138672,2804.489990234375,2.84,2.6,12.869999885559082,-0.01481418240322695,-0.015384895556216619,-0.006987148681430175,-0.003960826849049506,-0.040000000000000036,0.0,0.7699995040893537
2018-07-20,24.766300201416016,192.5838928222656,89.54656219482422,2801.830078125,2.89,2.6,12.859999656677246,0.012569715425489323,0.01538489555621655,0.008931248953656039,-0.0009488977712743676,0.050000000000000266,0.0,-0.010000228881835938
2018-07-23,25.27593040466309,194.3044586181641,91.2122802734375,2806.97998046875,2.96,2.64,12.619999885559082,0.018430802150921168,0.0203687092581981,0.008894437542271653,0.0018363623432315187,0.06999999999999984,0.040000000000000036,-0.23999977111816406
2018-07-24,25.341684341430664,196.0666656494141,91.85604858398438,2820.39990234375,2.95,2.63,12.40999984741211,0.007033122203266431,0.0025980668620490706,0.009028429060694633,0.004769518886053562,-0.009999999999999787,-0.010000000000000231,-0.21000003814697266
2018-07-25,25.538965225219727,196.7399444580078,92.68486785888672,2846.070068359375,2.94,2.66,12.289999961853027,0.008982559139068265,0.00775469158102811,0.003428045509445937,0.009060435070372713,-0.010000000000000231,0.03000000000000025,-0.11999988555908203
2018-07-26,25.432104110717773,197.08905029296875,92.41934204101562,2837.43994140625,2.98,2.69,12.140000343322754,-0.0028689352893549107,-0.004193016644854327,0.001772880773399616,-0.00303690274886736,0.040000000000000036,0.029999999999999805,-0.14999961853027344
2018-07-27,25.530742645263672,197.5296173095703,93.36886596679688,2818.820068359375,2.96,2.67,13.029999732971191,0.010221662648300406,0.0038710026616155173,0.0022328756129250307,-0.006583834644845457,-0.020000000000000018,-0.020000000000000018,0.8899993896484375
2018-07-30,25.73624038696289,198.61851501464844,93.9321517944336,2802.60009765625,2.98,2.66,14.260000228881836,0.006014783395878718,0.008016810435974723,0.0054974407732977446,-0.0057707893155871425,0.020000000000000018,-0.009999999999999787,1.2300004959106445
2018-07-31,25.38277816772461,197.3550262451172,92.49978637695312,2816.2900390625,2.96,2.67,12.829999923706056,-0.015366397156318632,-0.013829211218536239,-0.006381704462348155,0.004872837219303094,-0.020000000000000018,0.009999999999999787,-1.4300003051757795
2018-08-01,25.686922073364254,196.19967651367188,93.0711441040039,2813.360107421875,3.0,2.67,13.149999618530272,0.0061578559855325595,0.011911074473917397,-0.005871372098345658,-0.0010408930675711336,0.040000000000000036,0.0,0.3199996948242152
2018-08-02,25.711578369140625,194.4956817626953,93.4654312133789,2827.219970703125,2.98,2.66,12.1899995803833,0.0042274572255763445,0.0009594170045975495,-0.008722937294035584,0.0049143495822087,-0.020000000000000018,-0.009999999999999787,-0.9600000381469709
2018-08-03,25.900632858276367,194.57872009277344,94.22184753417967,2840.35009765625,2.95,2.63,11.640000343322754,0.008060433517338757,0.007325992442011977,0.00042685065346325393,0.004633432065347987,-0.029999999999999805,-0.03000000000000025,-0.5499992370605469
2018-08-06,25.90885353088379,196.10824584960935,94.24597930908205,2850.39990234375,2.94,2.64,11.270000457763672,0.00025608376175861414,0.0003173423729647747,0.007829969794564427,0.003531982650801626,-0.010000000000000231,0.010000000000000231,-0.36999988555908203
2018-08-07,25.900632858276367,197.68751525878903,94.59198760986328,2858.449951171875,2.98,2.68,10.93000030517578,0.003664609333060907,-0.0003173423729647945,0.008020796726425476,0.0028202017464857678,0.040000000000000036,0.040000000000000036,-0.3400001525878924
2018-08-08,26.139005661010746,196.4739532470703,94.78514862060548,2857.699951171875,2.96,2.68,10.850000381469728,0.00203996196766706,0.009161265401128773,-0.006157709178970545,-0.00026241439329510795,-0.020000000000000018,0.0,-0.07999992370605113
2018-08-09,25.974609375,194.32110595703125,94.05288696289062,2853.580078125,2.93,2.64,11.270000457763672,-0.007755485548882731,-0.00630917011692872,-0.011017892974058531,-0.0014427146770399496,-0.029999999999999805,-0.040000000000000036,0.42000007629394354
2018-08-10,25.63759994506836,190.8549652099609,93.12747192382812,2833.280029296875,2.87,2.61,13.15999984741211,-0.009888030823495743,-0.013059476589059987,-0.017998180951112615,-0.007139312263244473,-0.06000000000000005,-0.03000000000000025,1.8899993896484375
2018-08-13,25.053991317749023,188.56912231445312,91.64681243896484,2821.929931640625,2.88,2.61,14.779999732971191,-0.016027026531733844,-0.023026872904164695,-0.012049158848449017,-0.004014037665980266,0.009999999999999787,0.0,1.619999885559082
2018-08-14,25.30880355834961,190.8134307861328,92.2584228515625,2839.9599609375,2.89,2.63,13.3100004196167,0.006651389412416872,0.010119153059846672,0.011831512197965185,0.006368930016417421,0.010000000000000231,0.020000000000000018,-1.4699993133544922
2018-08-15,24.955358505249023,190.55567932128903,91.49392700195312,2818.3701171875,2.86,2.61,14.640000343322754,-0.00832098486117469,-0.014063733053010893,-0.0013517167345661414,-0.007631208581378815,-0.03000000000000025,-0.020000000000000018,1.3299999237060547
2018-08-16,25.25126838684082,193.6727600097656,92.35496520996094,2840.68994140625,2.87,2.63,13.449999809265137,0.009366871816748574,0.011787818714670993,0.016225498971025664,0.00788821455263811,0.010000000000000231,0.020000000000000018,-1.1900005340576172
2018-08-17,25.26770782470703,193.98863220214844,92.35496520996094,2850.1298828125,2.87,2.61,12.640000343322754,0.0,0.0006508223119028827,0.0016296297162092827,0.003317606375263089,0.0,-0.020000000000000018,-0.8099994659423828
2018-08-20,25.37456321716309,195.9835357666016,92.2342529296875,2857.050048828125,2.82,2.6,12.489999771118164,-0.0013079019316255577,0.004220014183238073,0.010231094061090587,0.002425074902128281,-0.050000000000000266,-0.009999999999999787,-0.15000057220458984
2018-08-21,25.497859954833984,198.36911010742188,92.79753112792967,2862.9599609375,2.85,2.61,12.859999656677246,0.006088466812805418,0.004847301205697644,0.012098833194557408,0.002066399954627058,0.03000000000000025,0.009999999999999787,0.36999988555908203
2018-08-22,25.46497917175293,198.94268798828125,92.51588439941406,2861.820068359375,2.82,2.6,12.25,-0.003039682200819454,-0.0012903828831762121,0.0028872954796539674,-0.0003982310542435054,-0.03000000000000025,-0.009999999999999787,-0.6099996566772461
2018-08-23,25.34990501403809,196.4490966796875,92.32276916503906,2856.97998046875,2.82,2.61,12.40999984741211,-0.0020895554140498295,-0.004529159370173761,-0.012613435411692873,-0.0016926939235351061,0.0,0.009999999999999787,0.15999984741210938
2018-08-24,25.391000747680664,195.4266357421875,92.28254699707033,2874.68994140625,2.82,2.63,11.989999771118164,-0.0004357639253454004,0.0016198269231251148,-0.005218303523788614,0.006179705928285333,0.0,0.020000000000000018,-0.4200000762939453
2018-08-27,25.73624038696289,201.65245056152344,93.91605377197266,2896.739990234375,2.85,2.67,12.15999984741211,0.017546304615607668,0.013505320414913473,0.0313606295444814,0.007641141407110444,0.03000000000000025,0.040000000000000036,0.1700000762939453
2018-08-28,25.703353881835938,201.4612579345703,93.4573974609375,2897.52001953125,2.88,2.67,12.5,-0.004895647959540326,-0.0012786457620840627,-0.0009485792085945791,0.00026924207759835515,0.029999999999999805,0.0,0.3400001525878906
2018-08-29,25.59650421142578,201.3194580078125,93.15162658691406,2914.0400390625,2.89,2.67,12.25,-0.0032771314167472864,-0.004165696705423511,-0.0007041048739600379,0.005685242468911669,0.010000000000000231,0.0,-0.25
2018-08-30,25.489643096923828,199.65147399902344,92.69294738769533,2901.1298828125,2.86,2.64,13.529999732971191,-0.004936169195019934,-0.004183571319882014,-0.008319773314872473,-0.004440172044458075,-0.03000000000000025,-0.029999999999999805,1.2799997329711914
2018-08-31,25.42388153076172,198.32550048828125,92.20207214355467,2901.52001953125,2.86,2.62,12.859999656677246,-0.0053097849654194645,-0.0025832665569067376,-0.006663593635954918,0.00013446846730492032,0.0,-0.020000000000000018,-0.6700000762939453
2018-09-04,25.59650421142578,198.200439453125,92.66072082519533,2896.719970703125,2.9,2.66,13.15999984741211,0.004962054455034097,0.006766837876788689,-0.0006307836472005997,-0.0016556920488793076,0.040000000000000036,0.040000000000000036,0.3000001907348633
2018-09-05,25.629379272460938,198.1170654296875,92.21009063720705,2888.60009765625,2.9,2.66,13.90999984741211,-0.004875091713135692,0.0012835333746407396,-0.0004207435888662122,-0.002807062801265972,0.0,0.0,0.75
2018-09-06,25.480712890625,195.58175659179688,91.8158187866211,2878.050048828125,2.88,2.64,14.649999618530272,-0.004284966775461432,-0.005817512543052732,-0.012879611232370409,-0.0036589910366181576,-0.020000000000000018,-0.020000000000000018,0.7399997711181623
2018-09-07,25.48896598815918,195.07310485839844,91.99285125732422,2871.679931640625,2.94,2.71,14.880000114440918,0.001926269586749303,0.00032384342173067185,-0.002604099275533946,-0.002215797895014484,0.06000000000000005,0.06999999999999984,0.2300004959106463
2018-09-10,25.4559268951416,193.4051513671875,91.50199127197266,2877.1298828125,2.94,2.73,14.15999984741211,-0.005350135725317405,-0.0012970523944446587,-0.0085871665348735,0.0018960282146933797,0.0,0.020000000000000018,-0.7200002670288086
2018-09-11,25.480712890625,191.9874420166016,92.08135986328124,2887.889892578125,2.98,2.76,13.220000267028809,0.006311798005320763,0.0009732089727140949,-0.0073572547572242795,0.003732865689715426,0.040000000000000036,0.029999999999999805,-0.9399995803833008
2018-09-12,25.13380622863769,190.26937866210935,90.99503326416016,2888.919921875,2.97,2.74,13.140000343322754,-0.011867607072605618,-0.013708007119714833,-0.00898911323708787,0.0003566083498935524,-0.009999999999999787,-0.019999999999999574,-0.07999992370605469
2018-09-13,24.89427757263184,190.4195251464844,91.34910583496094,2904.179931640625,2.97,2.76,12.369999885559082,0.0038835689215279538,-0.009575840933161715,0.0007888146497487662,0.005268352159391334,0.0,0.019999999999999574,-0.7700004577636719
2018-09-14,25.084253311157227,191.17845153808597,91.33299255371094,2904.97998046875,2.99,2.78,12.06999969482422,-0.00017640788488758902,0.0076023304463939,0.003977627967576878,0.00027544390076635555,0.020000000000000018,0.020000000000000018,-0.3000001907348615
2018-09-17,25.009910583496094,190.05262756347656,91.60659790039062,2888.800048828125,2.99,2.78,13.68000030517578,0.002991212017082373,-0.0029681214919901997,-0.005906272122596781,-0.005585290991549207,0.0,0.0,1.610000610351559
2018-09-18,24.95209312438965,190.88658142089844,91.97675323486328,2904.31005859375,3.05,2.81,12.789999961853027,0.004032564323426924,-0.0023144582132373264,0.004378416135859717,0.0053546528676252396,0.05999999999999961,0.03000000000000025,-0.8900003433227521
2018-09-19,25.60460090637207,196.4658203125,94.64836120605467,2907.949951171875,3.08,2.81,11.75,0.028632700363746936,0.025814346802614286,0.02880903663087897,0.0012524880331719868,0.03000000000000025,0.0,-1.0399999618530273
2018-09-20,25.761531829833984,197.98362731933597,95.46109771728516,2930.75,3.07,2.81,11.800000190734863,0.008550247496396822,0.006110306669570167,0.0076958632195677735,0.00781001418532906,-0.010000000000000231,0.0,0.05000019073486328
2018-09-21,25.629383087158203,196.26564025878903,94.83341979980467,2929.669921875,3.07,2.81,11.68000030517578,-0.006596934079059209,-0.005142894776634458,-0.008715287895939953,-0.00036860093700704873,0.0,0.0,-0.11999988555908381
2018-09-24,25.38985061645508,194.2307586669922,93.9241180419922,2919.3701171875,3.08,2.83,12.199999809265137,-0.009634675278936777,-0.00938995799439345,-0.010422119213020432,-0.003521882314013849,0.010000000000000231,0.020000000000000018,0.5199995040893572
2018-09-25,25.3320369720459,193.8971710205078,93.65856170654295,2915.56005859375,3.1,2.83,12.420000076293944,-0.0028313542935776586,-0.002279633988192423,-0.0017189576070641738,-0.001305948493117946,0.020000000000000018,0.0,0.22000026702880682
2018-09-26,24.88601875305176,190.87823486328125,92.55613708496094,2905.969970703125,3.06,2.83,12.890000343322754,-0.011840499256654494,-0.017763728241347178,-0.01569226130960911,-0.003294699681159941,-0.040000000000000036,0.0,0.47000026702881037
2018-09-27,24.729093551635746,189.92745971679688,92.15380096435548,2914.0,3.06,2.83,12.40999984741211,-0.004356416998037041,-0.006325722845456022,-0.004993502647952582,0.0027594762285113967,0.0,0.0,-0.48000049591064453
2018-09-28,24.33262825012207,187.0086212158203,90.80189514160156,2913.97998046875,3.05,2.81,12.119999885559082,-0.014778773850658409,-0.01616225102790811,-0.015487489745248622,-6.870144138179519e-06,-0.010000000000000231,-0.020000000000000018,-0.28999996185302734
2018-10-01,24.489559173583984,187.9176483154297,91.33299255371094,2924.590087890625,3.09,2.82,12.0,0.0058319295562706385,0.006428694501996877,0.0048491074363602536,0.0036344923421985013,0.040000000000000036,0.009999999999999787,-0.11999988555908203
2018-10-02,24.43174362182617,188.5347900390625,91.71121215820312,2923.429931640625,3.05,2.82,12.050000190734863,0.004132555230112226,-0.002363615659051885,0.003278726413295909,-0.0003967689102790794,-0.040000000000000036,0.0,0.05000019073486328
2018-10-03,24.778644561767575,189.9608612060547,92.5722427368164,2925.510009765625,3.15,2.85,11.609999656677246,0.009344700475396222,0.014098920944489404,0.007535504888595378,0.0007112667367183715,0.10000000000000009,0.03000000000000025,-0.4400005340576172
2018-10-04,25.13380622863769,189.710693359375,93.40687561035156,2901.610107421875,3.19,2.87,14.220000267028809,0.00897561494246901,0.014231625806308263,-0.0013178120924549558,-0.008203035421009815,0.040000000000000036,0.020000000000000018,2.6100006103515625
2018-10-05,24.96861457824707,188.23452758789065,92.88014221191406,2885.570068359375,3.23,2.88,14.81999969482422,-0.005655088672738714,-0.006594182329669389,-0.007811572662101369,-0.0055433145846221455,0.040000000000000036,0.009999999999999787,0.5999994277954119
2018-10-09,24.76212882995605,185.8994140625,92.79912567138672,2880.340087890625,3.21,2.88,15.949999809265137,-0.000872650421258309,-0.008304196588980475,-0.012482929707729183,-0.0018141045425039415,-0.020000000000000018,0.0,1.1300001144409162
2018-10-10,24.15092086791992,179.21099853515625,90.3276138305664,2785.679931640625,3.22,2.88,22.959999084472656,-0.0269940034249379,-0.024992912164765204,-0.036641868414614705,-0.03341638904260208,0.010000000000000231,0.0,7.0099992752075195
2018-10-11,23.4240837097168,177.60983276367188,87.62108612060547,2728.3701171875,3.14,2.85,24.979999542236328,-0.030421536562412494,-0.030557799102880374,-0.008974680725817663,-0.02078757997254153,-0.08000000000000007,-0.029999999999999805,2.020000457763672
2018-10-12,23.506675720214844,178.36036682128906,86.6648941040039,2767.1298828125,3.15,2.85,21.309999465942383,-0.010972788623729787,0.003519742564058409,0.004216842705616654,0.014106235408376288,0.009999999999999787,0.0,-3.6700000762939453
2018-10-15,23.060659408569336,179.48623657226562,86.1706314086914,2750.7900390625,3.16,2.85,21.299999237060547,-0.005719472790340924,-0.019156344236264174,0.0062924921194784985,-0.005922482291300048,0.010000000000000231,0.0,-0.010000228881835938
2018-10-16,23.56448745727539,184.89035034179688,88.0181655883789,2809.919921875,3.16,2.87,17.6200008392334,0.02121380361391523,0.021612700197161147,0.029664419995672573,0.02126782803490127,0.0,0.020000000000000018,-3.6799983978271484
2018-10-17,23.87009620666504,190.3778381347656,88.99867248535156,2809.2099609375,3.19,2.89,17.399999618530273,0.011078233410245145,0.012885660814733857,0.02924777072507702,-0.0002526942626648821,0.029999999999999805,0.020000000000000018,-0.220001220703125
2018-10-18,23.33322525024414,187.60073852539065,87.58869171142578,2768.780029296875,3.17,2.87,20.059999465942383,-0.015969554168679755,-0.02274814954709696,-0.01469474596477867,-0.014496490575341185,-0.020000000000000018,-0.020000000000000018,2.6599998474121094
2018-10-19,23.39103507995605,189.27700805664065,87.44281768798828,2767.780029296875,3.2,2.92,19.88999938964844,-0.0016668319631347596,0.002474511476557427,0.008895619867850101,-0.00036123513527937907,0.03000000000000025,0.04999999999999982,-0.17000007629394176
2018-10-22,22.61464500427246,184.8069610595703,86.18682098388672,2755.8798828125,3.2,2.92,19.63999938964844,-0.014467790431214808,-0.033755127265037904,-0.023899766565306665,-0.004308797096477868,0.0,0.0,-0.25
2018-10-23,22.31729888916016,182.27166748046875,85.287353515625,2740.68994140625,3.17,2.89,20.709999084472656,-0.01049109255914852,-0.013235592770491694,-0.013813573965649832,-0.005527076180694164,-0.03000000000000025,-0.029999999999999805,1.0699996948242152
2018-10-24,21.63175392150879,174.44908142089844,83.69908142089844,2656.10009765625,3.1,2.84,25.229999542236328,-0.01879818182929669,-0.031199788553201713,-0.04386535055723728,-0.03135077386114084,-0.06999999999999984,-0.050000000000000266,4.520000457763672
2018-10-25,21.96213722229004,178.47714233398438,84.9713134765625,2705.570068359375,3.14,2.86,24.21999931335449,0.015085708242727043,0.015157611199160663,0.022827636822172117,0.018453717978714167,0.040000000000000036,0.020000000000000018,-1.0100002288818395
2018-10-26,21.79694938659668,177.10107421875,83.80442810058594,2658.68994140625,3.08,2.81,24.15999984741211,-0.01382786362946299,-0.00754991171672901,-0.007739928492730728,-0.017479138010003174,-0.06000000000000005,-0.04999999999999982,-0.05999946594237926
2018-10-29,21.97865295410156,178.87741088867188,84.96321868896484,2641.25,3.08,2.81,24.700000762939453,0.013732594145378484,0.008301638416361088,0.009980105473658357,-0.00658120829519397,0.0,0.0,0.5400009155273438
2018-10-30,22.119068145751957,182.8721618652344,86.46233367919922,2682.6298828125,3.12,2.84,23.350000381469727,0.017490428773952064,0.006368386515608101,0.02208662383629859,0.015545322971877482,0.040000000000000036,0.029999999999999805,-1.3500003814697266
2018-10-31,22.71375846862793,187.95101928710935,88.34231567382812,2711.739990234375,3.15,2.87,21.229999542236328,0.02151034871478825,0.026530792282175433,0.027394053491821356,0.010792878754571094,0.029999999999999805,0.03000000000000025,-2.1200008392333984
2018-11-01,22.96979713439941,189.2853240966797,88.30989837646484,2740.3701171875,3.14,2.84,19.34000015258789,-0.000367018300919132,0.011209344076281954,0.007074134809092155,0.010502498868529206,-0.009999999999999787,-0.03000000000000025,-1.8899993896484375
2018-11-02,23.03587913513184,191.5537109375,87.8237075805664,2723.06005859375,3.22,2.91,19.51000022888184,-0.0055207185262931,0.0028727779499363552,0.01191271617757652,-0.006336721055879746,0.08000000000000007,0.07000000000000028,0.17000007629394887
2018-11-05,23.17629051208496,190.7447967529297,88.39903259277344,2738.31005859375,3.2,2.91,19.959999084472656,0.006529543868387957,0.006076832579648659,-0.004231852207140821,0.0055846936971941175,-0.020000000000000018,0.0,0.44999885559081676
2018-11-06,23.300182342529297,190.3111267089844,88.81228637695312,2755.449951171875,3.22,2.93,19.90999984741211,0.004663974465017504,0.005331390972262792,-0.0022761500581715602,0.0062397877444086355,0.020000000000000018,0.020000000000000018,-0.049999237060546875
2018-11-07,23.57275009155273,192.87973022460935,90.33570861816406,2813.889892578125,3.22,2.96,16.360000610351562,0.017007826003843353,0.011630201363169002,0.013406593303229913,0.020987078560774024,0.0,0.029999999999999805,-3.549999237060547
2018-11-08,23.845319747924805,193.18829345703125,91.06501007080078,2806.830078125,3.24,2.98,16.719999313354492,0.008040821307733875,0.011496573329240613,0.0015984918677394728,-0.002512068988491457,0.020000000000000018,0.020000000000000018,0.3599987030029297
2018-11-09,23.556232452392575,185.68258666992188,90.18174743652344,2781.010009765625,3.19,2.94,17.360000610351562,-0.009746597827489014,-0.012197527983675021,-0.039626634406442124,-0.00924158591537243,-0.050000000000000266,-0.040000000000000036,0.6400012969970703
2018-11-13,22.928504943847656,171.00479125976562,88.80418395996094,2722.179931640625,3.14,2.89,20.020000457763672,-0.015393284457764177,-0.027009539244114332,-0.08234711749055411,-0.021381169807641445,-0.04999999999999982,-0.04999999999999982,2.6599998474121094
2018-11-14,22.47422790527344,168.86985778808594,86.97285461425781,2701.580078125,3.12,2.86,21.25,-0.020837711514980633,-0.020011667589417158,-0.012563229167814311,-0.007596188818450545,-0.020000000000000018,-0.03000000000000025,1.2299995422363281
2018-11-15,23.044139862060547,169.9122772216797,89.1931381225586,2730.199951171875,3.11,2.86,19.979999542236328,0.025208055710378593,0.025042274924082904,0.006153941519674091,0.01053803274264194,-0.010000000000000231,0.0,-1.2700004577636719
2018-11-16,22.920249938964844,168.56124877929688,89.1282958984375,2736.27001953125,3.08,2.81,18.13999938964844,-0.0007272510714706777,-0.005390704571465856,-0.00798310954140891,0.002220837537483983,-0.029999999999999805,-0.04999999999999982,-1.840000152587887
2018-11-19,22.920249938964844,165.30882263183594,89.80899810791016,2690.72998046875,3.06,2.79,20.100000381469727,0.007608313257087453,0.0,-0.01948380112754161,-0.016783161235721437,-0.020000000000000018,-0.020000000000000018,1.9600009918212855
2018-11-20,22.61464500427246,159.5711669921875,87.88040161132812,2641.889892578125,3.06,2.79,22.479999542236328,-0.02170835443253724,-0.013423091178832947,-0.03532536610459033,-0.018317995556585972,0.0,0.0,2.3799991607666016
2018-11-21,22.52378845214844,160.62193298339844,87.2240219116211,2649.929931640625,3.06,2.81,20.799999237060547,-0.007497043887906465,-0.004025690209867584,0.006563350448997281,0.0030386693107672014,0.0,0.020000000000000018,-1.6800003051757812
2018-11-23,22.2760009765625,157.70303344726562,86.42182922363281,2632.56005859375,3.05,2.81,21.520000457763672,-0.009239476665058545,-0.011062105673136266,-0.018339631859879153,-0.006576419711855615,-0.010000000000000231,0.0,0.720001220703125
2018-11-26,22.7633113861084,162.07301330566406,88.53677368164062,2673.449951171875,3.07,2.84,18.899999618530277,0.024177690585136163,0.02164018058966524,0.02733320377506045,0.015412975845366429,0.020000000000000018,0.029999999999999805,-2.620000839233395
2018-11-27,22.911985397338867,161.49757385253906,88.9095230102539,2682.169921875,3.06,2.83,19.020000457763672,0.004201269723123104,0.0065100632849077675,-0.003556813150613818,0.003256384364612641,-0.009999999999999787,-0.009999999999999787,0.12000083923339488
2018-11-28,23.48189163208008,165.41722106933594,89.89813995361328,2743.7900390625,3.06,2.81,18.489999771118164,0.011057993834208841,0.024569401820463552,0.02398077491536101,0.022714051303113776,0.0,-0.020000000000000018,-0.5300006866455078
2018-11-29,23.15976905822754,163.15640258789062,89.18505096435547,2737.800048828125,3.03,2.81,18.790000915527344,-0.00796381563690128,-0.013812874185723132,-0.01376162904441461,-0.002185494545393453,-0.03000000000000025,0.0,0.3000011444091797
2018-11-30,23.45712280273437,159.67303466796875,90.10071563720705,2760.169921875,3.01,2.8,18.06999969482422,0.010214671826575325,0.012757511948450467,-0.021581074790498707,0.008137547716617559,-0.020000000000000018,-0.010000000000000231,-0.720001220703125
2018-12-03,23.57275009155273,160.4601593017578,90.95156860351562,2790.3701171875,2.98,2.83,16.440000534057617,0.009399044410932086,0.004917194739421634,0.004917492061334718,0.010882001794362436,-0.029999999999999805,0.03000000000000025,-1.6299991607666016
2018-12-04,22.29252052307129,154.33079528808594,86.89177703857422,2700.06005859375,2.91,2.8,20.739999771118164,-0.045663749461929665,-0.055840168110628696,-0.03894736304144141,-0.03290022883855611,-0.06999999999999984,-0.03000000000000025,4.299999237060547
2018-12-06,21.82740020751953,154.1466064453125,85.23872375488281,2695.949951171875,2.87,2.75,21.190000534057617,-0.019207567486224195,-0.021085148830277258,-0.0011941806020619187,-0.0015233879141442856,-0.040000000000000036,-0.04999999999999982,0.4500007629394531
2018-12-07,21.121416091918945,150.44552612304688,83.69908142089844,2633.080078125,2.85,2.72,23.229999542236328,-0.01822783197033269,-0.0328785644258313,-0.02430307346578586,-0.02359633545632224,-0.020000000000000018,-0.029999999999999805,2.039999008178711
2018-12-10,20.56493377685547,149.7421417236328,82.13516998291016,2637.719970703125,2.85,2.72,22.63999938964844,-0.018861698228349762,-0.02670012490683396,-0.004686306347882985,0.0017606032229163218,0.0,0.0,-0.5900001525878871
2018-12-11,20.415430068969727,148.04234313964844,81.33293914794922,2636.780029296875,2.89,2.78,21.76000022888184,-0.009815214474406484,-0.007296390618311393,-0.011416424510003907,-0.00035640967530566644,0.040000000000000036,0.05999999999999961,-0.8799991607666016
2018-12-12,20.36559295654297,147.9585723876953,81.8596420288086,2651.070068359375,2.91,2.77,21.459999084472656,0.006455008014578084,-0.002444133743544388,-0.0005660168587004808,0.005404871010351243,0.020000000000000018,-0.009999999999999787,-0.30000114440918324
2018-12-13,20.265928268432617,147.3054962158203,81.94068145751953,2650.5400390625,2.91,2.75,20.649999618530277,0.0009894905406556825,-0.004905791611519261,-0.004423682434273753,-0.00019995031241503897,0.0,-0.020000000000000018,-0.8099994659423793
2018-12-14,20.332374572753903,144.66790771484375,81.26810455322266,2599.949951171875,2.89,2.73,21.6299991607666,-0.008241966968557056,0.003273356716977173,-0.018067811777072024,-0.019271212268699812,-0.020000000000000018,-0.020000000000000018,0.9799995422363246
2018-12-17,20.32406997680664,140.68209838867188,80.23088073730469,2545.93994140625,2.86,2.7,24.520000457763672,-0.012845134297556732,-0.0004085254455852201,-0.027938100533824506,-0.020992284828576645,-0.03000000000000025,-0.029999999999999805,2.8900012969970703
2018-12-18,20.32406997680664,143.60438537597656,79.85003662109375,2546.159912109375,2.82,2.65,25.57999992370605,-0.004758154076352089,0.0,0.02055947144203429,8.639685378910398e-05,-0.040000000000000036,-0.050000000000000266,1.0599994659423793
2018-12-19,20.08319854736328,141.7204132080078,78.83711242675781,2506.9599609375,2.77,2.63,25.57999992370605,-0.012766477409465696,-0.011922324442749007,-0.013205999319976834,-0.015515459175936802,-0.04999999999999982,-0.020000000000000018,0.0
2018-12-20,20.02506256103516,141.01702880859375,78.15641784667969,2467.419921875,2.79,2.67,28.3799991607666,-0.008671680220986628,-0.0028989552494076577,-0.004975540879757939,-0.015897809484103957,0.020000000000000018,0.040000000000000036,2.7999992370605504
2018-12-21,19.41044044494629,134.01683044433594,76.30888366699219,2416.6201171875,2.79,2.63,30.11000061035156,-0.023922813381123707,-0.03117352852163078,-0.050915262383293414,-0.02080312049854063,0.0,-0.040000000000000036,1.7300014495849574
2018-12-24,18.87887191772461,130.9186248779297,74.66392517089844,2351.10009765625,2.74,2.55,36.06999969482422,-0.021792316221248526,-0.027767679762760338,-0.023389446346307782,-0.02748657287831441,-0.04999999999999982,-0.08000000000000007,5.95999908447266
2018-12-26,20.02506256103516,136.42835998535156,77.75936126708984,2467.699951171875,2.81,2.61,30.40999984741211,0.040621899908969174,0.05894120828439099,0.0412236955302177,0.048403177670805035,0.06999999999999984,0.06000000000000005,-5.659999847412109
2018-12-27,20.241016387939453,138.50502014160156,78.63453674316406,2488.830078125,2.77,2.56,29.959999084472656,0.011192055735129965,0.010726442857753737,0.015106929901637615,0.008526228968816992,-0.040000000000000036,-0.04999999999999982,-0.4500007629394531
2018-12-28,20.25761985778809,136.51211547851562,78.46436309814453,2485.739990234375,2.72,2.52,28.34000015258789,-0.002166453256526524,0.0008199520931091119,-0.014493202709650651,-0.0012423539102312722,-0.04999999999999982,-0.040000000000000036,-1.6199989318847656
2018-12-31,20.465267181396484,139.8782196044922,79.10453033447266,2506.85009765625,2.69,2.48,25.420000076293945,0.008125598202159958,0.010198153340943221,0.024358815323058943,0.008456625862206874,-0.03000000000000025,-0.040000000000000036,-2.9200000762939453
2019-01-02,20.731046676635746,144.04823303222656,80.4739761352539,2510.030029296875,2.66,2.5,23.21999931335449,0.017163707694629767,0.012903250698587693,0.029376011011245647,0.0012676930626261643,-0.029999999999999805,0.020000000000000018,-2.2000007629394567
2019-01-03,20.39881706237793,141.9381103515625,79.33029174804688,2447.889892578125,2.56,2.39,25.450000762939453,-0.014313809377983554,-0.016155504055996577,-0.01475707510527646,-0.02506833181891511,-0.10000000000000009,-0.10999999999999988,2.2300014495849645
2019-01-04,21.246000289916992,146.57701110839844,82.2548599243164,2531.93994140625,2.67,2.5,21.3799991607666,0.036202430167570014,0.040691743973027994,0.03215984343465123,0.03375939906034647,0.10999999999999988,0.10999999999999988,-4.070001602172852
2019-01-07,21.22939109802246,147.38922119140625,82.3120346069336,2549.68994140625,2.7,2.53,21.399999618530277,0.0006948503838568918,-0.0007820619044744304,0.005525887401542631,0.006985975995229761,0.03000000000000025,0.029999999999999805,0.020000457763675428
2019-01-08,21.187862396240234,146.8449249267578,82.1568374633789,2574.409912109375,2.73,2.58,20.46999931335449,-0.0018872530426602401,-0.0019581048573485333,-0.0036997533610408995,0.009648587336497393,0.029999999999999805,0.050000000000000266,-0.9300003051757884
2019-01-09,21.3955020904541,147.76597595214844,82.0179443359375,2584.9599609375,2.74,2.56,19.979999542236328,-0.0016920157780117128,0.009752228005548334,0.0062526812377062535,0.004089671332822161,0.010000000000000231,-0.020000000000000018,-0.4899997711181605
2019-01-10,21.370588302612305,147.3724365234375,82.00977325439453,2596.639892578125,2.74,2.56,19.5,-9.96304974521266e-05,-0.0011651189262890218,-0.0026668142492487982,0.004508241374462229,0.0,0.0,-0.4799995422363281
2019-01-11,21.6197566986084,148.15121459960938,81.61766815185547,2596.260009765625,2.71,2.55,18.190000534057617,-0.004792666189876107,0.011591960293385054,0.005270507967599066,-0.0001463085444824661,-0.03000000000000025,-0.010000000000000231,-1.3099994659423828
2019-01-14,21.90214729309082,149.65005493164062,82.45907592773438,2582.610107421875,2.71,2.53,19.06999969482422,0.010256360905165629,0.012977123314335252,0.010066128935218892,-0.00527139458724949,0.0,-0.020000000000000018,0.8799991607666016
2019-01-15,22.05165100097656,150.64651489257812,83.0635986328125,2610.300048828125,2.72,2.53,18.600000381469727,0.007304442059475303,0.006802792488873101,0.00663653013965142,0.010664618879761001,0.010000000000000231,0.0,-0.4699993133544922
2019-01-16,23.62974166870117,165.023681640625,83.73345947265625,2616.10009765625,2.73,2.55,19.040000915527344,0.008032089399628526,0.06911868437705744,0.09115285719081649,0.0022195205290883643,0.009999999999999787,0.020000000000000018,0.4400005340576172
2019-01-17,24.0782470703125,166.7066650390625,84.07656860351562,2635.9599609375,2.75,2.56,18.059999465942383,0.004089262279700801,0.01880266291285887,0.01014678249887086,0.007562730706235749,0.020000000000000018,0.010000000000000231,-0.9800014495849609
2019-01-18,24.33572006225586,169.59559631347656,85.4407958984375,2670.7099609375,2.79,2.62,17.799999237060547,0.016095775813740415,0.010636410713038795,0.01718098669249226,0.01309691283985578,0.040000000000000036,0.06000000000000005,-0.26000022888183594
2019-01-22,24.161304473876957,165.5260772705078,84.09288787841797,2632.89990234375,2.74,2.58,20.799999237060547,-0.01590169449487354,-0.007192867687443477,-0.02428800889392206,-0.014258476827972471,-0.04999999999999982,-0.040000000000000036,3.0
2019-01-23,24.020109176635746,164.87290954589844,83.88050842285156,2638.699951171875,2.76,2.58,19.520000457763672,-0.0025287286369637214,-0.005861002852785887,-0.003953817060996978,0.002200489919450871,0.019999999999999574,0.0,-1.279998779296875
2019-01-24,24.152999877929688,165.6265869140625,83.92950439453125,2642.330078125,2.72,2.56,18.88999938964844,0.0005839457640144617,0.0055172290516115755,0.0045608461295296825,0.001374780110977555,-0.03999999999999959,-0.020000000000000018,-0.6300010681152308
2019-01-25,24.568279266357425,168.08836364746094,84.46050262451172,2664.760009765625,2.76,2.6,17.420000076293945,0.006306787432846344,0.01704755921940105,0.01475403715688974,0.008452867700518018,0.03999999999999959,0.040000000000000036,-1.4699993133544957
2019-01-28,24.60981750488281,167.23422241210938,84.8608169555664,2643.85009765625,2.75,2.6,18.8700008392334,0.004728466301971282,0.0016892987378851832,-0.0050944560145274155,-0.007877775848708898,-0.009999999999999787,0.0,1.4500007629394531
2019-01-29,24.410478591918945,167.8873748779297,85.09770202636719,2640.0,2.72,2.56,19.1299991607666,0.002787565173114818,-0.008132958289027263,0.0038980077567485963,-0.0014573079351148383,-0.029999999999999805,-0.040000000000000036,0.2599983215332031
2019-01-30,24.14469337463379,169.5453338623047,85.29376983642578,2681.050048828125,2.7,2.52,17.65999984741211,0.002301381570945858,-0.01094787068709667,0.009826980513570041,0.015429609891560045,-0.020000000000000018,-0.040000000000000036,-1.4699993133544922
2019-01-31,23.64634323120117,165.80238342285156,84.55036926269531,2704.10009765625,2.63,2.45,16.56999969482422,-0.008753970846729861,-0.02085613717526632,-0.022323729588709724,0.008560648809767757,-0.07000000000000028,-0.06999999999999984,-1.0900001525878906
2019-02-01,23.57159805297852,164.5714569091797,84.8608169555664,2706.530029296875,2.7,2.52,16.139999389648438,0.0036650241026691677,-0.003165967792025894,-0.007451753494776806,0.0008982065848071141,0.07000000000000028,0.06999999999999984,-0.43000030517578125
2019-02-04,23.98688125610352,165.55958557128906,85.16304016113281,2724.8701171875,2.73,2.53,15.729999542236328,0.0035550719645635115,0.017464551625070542,0.005986299292223886,0.006753381117479676,0.029999999999999805,0.009999999999999787,-0.4099998474121094
2019-02-05,23.90382575988769,165.80238342285156,84.78728485107422,2737.699951171875,2.71,2.53,15.56999969482422,-0.004421950029380309,-0.0034685468083345164,0.0014654542025527848,0.0046973704373502,-0.020000000000000018,0.0,-0.1599998474121076
2019-02-06,23.8622989654541,164.63848876953125,84.74642944335938,2731.610107421875,2.7,2.52,15.380000114440918,-0.000481973850166149,-0.0017387554520949765,-0.007044524842314783,-0.0022269157175087858,-0.009999999999999787,-0.009999999999999787,-0.18999958038330256
2019-02-07,23.455322265625,161.66590881347656,83.63543701171875,2706.050048828125,2.65,2.48,16.3700008392334,-0.013196296935580587,-0.017202332883395583,-0.01822017853747185,-0.009401193202230233,-0.050000000000000266,-0.040000000000000036,0.9900007247924805
2019-02-08,23.496845245361328,160.49363708496094,82.80218505859375,2707.8798828125,2.63,2.45,15.720000267028809,-0.01001286733607237,0.0017687358331964242,-0.007277617052942701,0.0006759725660127,-0.020000000000000018,-0.029999999999999805,-0.6500005722045898
2019-02-11,23.596513748168945,160.2089385986328,82.4100570678711,2709.800048828125,2.65,2.48,15.970000267028809,-0.004746969377293715,0.004232811324080013,-0.0017754678802242654,0.0007088518038183947,0.020000000000000018,0.029999999999999805,0.25
2019-02-12,23.829078674316406,162.85494995117188,83.8151626586914,2744.72998046875,2.68,2.5,15.43000030517578,0.01690644850621956,0.009807649349915933,0.016381097456940892,0.012807852902838604,0.03000000000000025,0.020000000000000018,-0.5399999618530291
2019-02-13,23.83738136291504,163.0224151611328,84.21541595458984,2753.030029296875,2.71,2.53,15.649999618530272,0.004764062068027604,0.0003483660702352347,0.00102778064775871,0.0030194315937109753,0.029999999999999805,0.029999999999999805,0.2199993133544922
2019-02-14,23.57990455627441,161.21376037597656,83.66810607910156,2745.72998046875,2.66,2.5,16.219999313354492,-0.006520137388138146,-0.010860146559297514,-0.011156519114989424,-0.0026551633836986214,-0.04999999999999982,-0.029999999999999805,0.5699996948242205
2019-02-15,24.17791748046875,166.21270751953125,86.22502899169922,2775.60009765625,2.66,2.52,14.90999984741211,0.030102640607577235,0.025044868328106627,0.03053715013820972,0.010820004664957538,0.0,0.020000000000000018,-1.3099994659423828
2019-02-19,24.19452667236328,166.3550567626953,85.92276763916016,2779.760009765625,2.65,2.5,14.880000114440918,-0.0035116529990061288,0.0006867212454585689,0.0008560616340226744,0.0014976213265920058,-0.010000000000000231,-0.020000000000000018,-0.029999732971191406
2019-02-20,24.42708778381348,166.2964324951172,86.33940887451172,2784.699951171875,2.65,2.5,14.020000457763672,0.00483730156225864,0.009566234588302481,-0.0003524665908806678,0.00177553356074094,0.0,0.0,-0.8599996566772461
2019-02-21,24.32742500305176,164.4207763671875,86.1596908569336,2774.8798828125,2.69,2.53,14.460000038146973,-0.0020836987889548543,-0.004088356703162844,-0.01134308217803712,-0.0035326693258413886,0.040000000000000036,0.029999999999999805,0.4399995803833008
2019-02-22,24.152999877929688,164.11935424804688,85.7757339477539,2792.669921875,2.65,2.48,13.510000228881836,-0.004466299459516157,-0.00719572397195056,-0.0018349186332174805,0.006390638694710404,-0.040000000000000036,-0.04999999999999982,-0.9499998092651367
2019-02-25,24.31080818176269,166.33828735351562,86.67434692382812,2796.110107421875,2.67,2.51,14.850000381469728,0.010421811402175407,0.006512441671278849,0.013429657395019483,0.0012311044497517107,0.020000000000000018,0.029999999999999805,1.3400001525878924
2019-02-26,24.32742500305176,166.54763793945312,86.01264190673828,2793.89990234375,2.64,2.48,15.170000076293944,-0.0076636724071195575,0.0006832823006718031,0.0012577919198797497,-0.0007907696728402984,-0.029999999999999805,-0.029999999999999805,0.3199996948242152
2019-02-27,24.52676010131836,166.54766845703125,85.90644073486328,2792.3798828125,2.69,2.5,14.699999809265137,-0.0012354787351355602,0.008160455610246071,1.8323631420948622e-07,-0.0005441974362980739,0.04999999999999982,0.020000000000000018,-0.4700002670288068
2019-02-28,24.27631378173828,165.37063598632812,85.2529296875,2784.489990234375,2.73,2.52,14.779999732971191,-0.0076363242217401366,-0.010263637029277357,-0.007092331991245691,-0.002829507598950442,0.040000000000000036,0.020000000000000018,0.07999992370605469
2019-03-01,24.46831512451172,166.63165283203125,85.31009674072266,2803.68994140625,2.76,2.55,13.56999969482422,0.0006703335014679614,0.007877886859134974,0.007596471182440467,0.006871656588713028,0.029999999999999805,0.029999999999999805,-1.2100000381469709
2019-03-04,24.23457145690918,164.7653045654297,85.1140365600586,2792.81005859375,2.72,2.55,14.630000114440918,-0.002300850981144362,-0.00959883402082711,-0.011263639914616192,-0.003888107395255168,-0.03999999999999959,0.0,1.0600004196166974
2019-03-05,24.27631378173828,164.78211975097656,85.04869842529297,2789.64990234375,2.72,2.55,14.739999771118164,-0.0007679488459364823,0.001720947161692104,0.00010205017136050283,-0.001132173489706859,0.0,0.0,0.1099996566772461
2019-03-06,24.075958251953125,163.72279357910156,84.73008728027344,2771.449951171875,2.69,2.52,15.739999771118164,-0.0037532547746315886,-0.00828737381172691,-0.006449400302738122,-0.00654547360412503,-0.03000000000000025,-0.029999999999999805,1.0
2019-03-07,23.833864212036133,162.06655883789062,84.11741638183594,2748.929931640625,2.64,2.47,16.59000015258789,-0.007257123428528836,-0.01010632425843932,-0.010167606751985424,-0.008158911138331157,-0.04999999999999982,-0.04999999999999982,0.8500003814697266
2019-03-08,23.91733932495117,164.14312744140625,84.15009307861328,2743.070068359375,2.62,2.45,16.049999237060547,0.00038838985960960756,0.0034962552465212524,0.012731667641775657,-0.0021339641314536495,-0.020000000000000018,-0.020000000000000018,-0.5400009155273438
2019-03-11,24.15944099426269,164.75689697265625,85.2447280883789,2783.300048828125,2.64,2.47,14.329999923706056,0.01292424690614319,0.010071544483060373,0.0037322602503022597,0.014559535563489445,0.020000000000000018,0.020000000000000018,-1.7199993133544904
2019-03-12,24.15944099426269,165.311767578125,84.99151611328125,2791.52001953125,2.61,2.45,13.770000457763672,-0.0029748325689525103,0.0,0.0033621557436612,0.002948965727805163,-0.03000000000000025,-0.020000000000000018,-0.5599994659423846
2019-03-13,24.45162582397461,165.83302307128906,85.27741241455078,2810.919921875,2.61,2.45,13.40999984741211,0.003358176649383691,0.012021474433966462,0.003148205488384295,0.0069255467570192835,0.0,0.0,-0.3600006103515625
2019-03-14,24.59354019165039,166.01795959472656,86.05347442626953,2808.47998046875,2.63,2.46,13.5,0.009059280946662125,0.005787105040958061,0.0011145758321821652,-0.0008683993315961826,0.020000000000000018,0.009999999999999787,0.09000015258789062
2019-03-15,24.45996856689453,166.68215942382812,87.04195404052734,2822.47998046875,2.59,2.43,12.880000114440918,0.01142133409679949,-0.005445969442958211,0.003992789142789372,0.0049725194084307206,-0.040000000000000036,-0.029999999999999805,-0.619999885559082
2019-03-18,24.89407157897949,170.2216339111328,87.56478118896484,2832.93994140625,2.6,2.45,13.100000381469728,0.005988643110459152,0.017591840749107645,0.021012554845842888,0.0036990967989080333,0.010000000000000231,0.020000000000000018,0.22000026702881037
2019-03-19,24.75215721130371,169.0865936279297,87.24618530273438,2832.570068359375,2.61,2.46,13.5600004196167,-0.003645037212149146,-0.005717040656160592,-0.006690344794760658,-0.00013057007992675946,0.009999999999999787,0.009999999999999787,0.4600000381469709
2019-03-20,23.908994674682617,163.3697052001953,85.38362121582031,2824.22998046875,2.54,2.4,13.90999984741211,-0.021579545309356622,-0.034657910911138755,-0.03439520948282572,-0.002948696740769673,-0.06999999999999984,-0.06000000000000005,0.34999942779541016
2019-03-21,23.524974822998047,163.58831787109375,84.03571319580078,2854.8798828125,2.54,2.41,13.630000114440918,-0.015912427776225296,-0.01619211911039831,0.0013372524180482195,0.010794015494689354,0.0,0.010000000000000231,-0.2799997329711914
2019-03-22,22.54825210571289,158.86341857910156,81.49512481689453,2800.7099609375,2.44,2.31,16.479999542236328,-0.030698665322487856,-0.042405064244917884,-0.0293081845442843,-0.019156827134273257,-0.10000000000000009,-0.10000000000000009,2.84999942779541
2019-03-25,22.406333923339844,158.48507690429688,80.81708526611328,2798.360107421875,2.43,2.26,16.329999923706055,-0.008354805772369347,-0.0063138676772224595,-0.0023843935574877732,-0.000839372833310059,-0.009999999999999787,-0.050000000000000266,-0.14999961853027344
2019-03-26,22.71521377563477,160.31785583496094,81.62581634521484,2818.4599609375,2.41,2.24,14.68000030517578,0.009957194225420143,0.013691227051584206,0.011498006662743336,0.007157052947934055,-0.020000000000000018,-0.019999999999999574,-1.6499996185302752
2019-03-27,22.5649471282959,159.76296997070312,81.34806060791016,2805.3701171875,2.39,2.22,15.149999618530272,-0.003408595431652826,-0.0066372201854497295,-0.003467164387173288,-0.00465514327659887,-0.020000000000000018,-0.020000000000000018,0.4699993133544922
2019-03-28,22.815393447875977,160.72982788085938,82.27119445800781,2815.43994140625,2.39,2.23,14.43000030517578,0.011284046549433449,0.011037769179356664,0.006033588584678943,0.0035830547152617266,0.0,0.009999999999999787,-0.7199993133544922
2019-03-29,23.032440185546875,161.41082763671875,82.69598388671875,2834.39990234375,2.41,2.27,13.710000038146973,0.005149998585724349,0.009468205667825396,0.004227971593420963,0.006711706043324668,0.020000000000000018,0.040000000000000036,-0.7200002670288068
2019-04-01,23.82551383972168,165.4042510986328,85.48165130615234,2867.18994140625,2.49,2.33,13.399999618530272,0.03313070988886563,0.03385335151849734,0.024439644870678106,0.011502195518044496,0.08000000000000007,0.06000000000000005,-0.310000419616701
2019-04-02,24.100997924804688,166.04319763183594,85.89010620117188,2867.239990234375,2.48,2.3,13.359999656677246,0.004766895950813424,0.011496230750285488,0.003855497015515873,1.7455554858152623e-05,-0.010000000000000231,-0.03000000000000025,-0.03999996185302557
2019-04-03,24.075958251953125,168.86805725097656,86.06165313720703,2873.39990234375,2.52,2.33,13.739999771118164,0.001995292093650449,-0.0010394876344773317,0.016869702470718305,0.002146072420089187,0.040000000000000036,0.03000000000000025,0.38000011444091797
2019-04-04,24.33474540710449,170.019775390625,86.89305114746094,2879.389892578125,2.51,2.33,13.579999923706056,0.009614128943506571,0.010691421552430457,0.006797072440169129,0.0020824652429942735,-0.010000000000000231,0.0,-0.1599998474121076
2019-04-05,24.27631378173828,170.14590454101562,86.687255859375,2892.739990234375,2.5,2.35,12.81999969482422,-0.0023711835525407586,-0.0024040477407035266,0.000741574847857636,0.004625717623099122,-0.009999999999999787,0.020000000000000018,-0.7600002288818359
2019-04-08,24.35144424438477,170.28045654296875,86.9671401977539,2895.77001953125,2.52,2.36,13.18000030517578,0.003223466691130336,0.00309002616927397,0.0007904911272511965,0.0010469117505236662,0.020000000000000018,0.009999999999999787,0.36000061035155895
2019-04-09,24.117698669433597,168.66627502441406,86.32508087158203,2878.199951171875,2.51,2.35,14.279999732971191,-0.007410168329489847,-0.009645204062130779,-0.009524763460231988,-0.0060859764356695385,-0.010000000000000231,-0.009999999999999787,1.099999427795412
2019-04-10,24.267961502075195,170.65037536621094,86.71195220947266,2888.2099609375,2.48,2.31,13.300000190734863,0.00447155126990837,0.006211068121038303,0.011694816349476275,0.003471837754499924,-0.029999999999999805,-0.040000000000000036,-0.9799995422363281
2019-04-11,24.267961502075195,170.5242919921875,87.444580078125,2888.320068359375,2.51,2.35,13.020000457763672,0.008413490791578262,0.0,-0.0007391133740349376,3.8122340342693696e-05,0.029999999999999805,0.040000000000000036,-0.2799997329711914
2019-04-12,25.186256408691406,174.73631286621094,91.54390716552734,2907.409912109375,2.56,2.4,12.010000228881836,0.045813494754149316,0.03714144142278468,0.02440029235933709,0.0065875783895457275,0.050000000000000266,0.04999999999999982,-1.010000228881836
2019-04-15,24.910768508911133,168.06936645507812,90.49849700927734,2905.580078125,2.55,2.4,12.31999969482422,-0.01148547398247422,-0.010998284916038725,-0.03890126421051593,-0.0006295672443571088,-0.010000000000000231,0.0,0.3099994659423846
2019-04-16,24.94416236877441,169.6919403076172,91.453369140625,2907.06005859375,2.6,2.41,12.18000030517578,0.01049597256346826,0.0013396414063581844,0.009607887593309144,0.0005092283251399622,0.050000000000000266,0.010000000000000231,-0.13999938964844105
2019-04-17,25.069385528564453,174.7866973876953,94.08747100830078,2900.449951171875,2.59,2.4,12.600000381469728,0.028395676725953115,0.0050075800149252695,0.029581681079890232,-0.0022764008207388597,-0.010000000000000231,-0.010000000000000231,0.42000007629394887
2019-04-18,25.069385528564453,173.11370849609375,93.39602661132812,2905.030029296875,2.57,2.38,12.09000015258789,-0.0073760895298256215,0.0,-0.009617705293118393,0.0015778468242496745,-0.020000000000000018,-0.020000000000000018,-0.5100002288818377
2019-04-22,25.086078643798828,172.01234436035156,93.5112762451172,2907.969970703125,2.59,2.38,12.420000076293944,0.001233227879641035,0.0006656549241930935,-0.006382409356292731,0.0010115058169329091,0.020000000000000018,0.0,0.3299999237060529
2019-04-23,25.1027774810791,171.62562561035156,93.62651824951172,2933.679931640625,2.57,2.36,12.279999732971191,0.0012316274141557597,0.0006654400672104353,-0.002250734476672983,0.008802351174995391,-0.020000000000000018,-0.020000000000000018,-0.14000034332275213
2019-04-24,25.06103134155273,168.59896850585938,93.47013092041016,2927.25,2.53,2.32,13.140000343322754,-0.0016717281278565853,-0.0016643931209883306,-0.017792581745446772,-0.0021941686030362366,-0.040000000000000036,-0.040000000000000036,0.8600006103515625
2019-04-25,25.111122131347656,169.32203674316406,93.51951599121094,2926.169921875,2.54,2.33,13.25,0.0005282118316673203,0.0019967572834923815,0.004279516985398053,-0.0003690417402728576,0.010000000000000231,0.010000000000000231,0.1099996566772461
2019-04-26,25.336523056030277,170.73443603515625,94.22742462158205,2939.8798828125,2.51,2.28,12.729999542236328,0.007541129382706869,0.008936093003719885,0.008306899158704235,0.004674350323304823,-0.03000000000000025,-0.050000000000000266,-0.5200004577636719
2019-04-29,25.687143325805664,173.96286010742188,95.58566284179688,2943.030029296875,2.54,2.3,13.109999656677246,0.014311567461010215,0.0137436532345998,0.018732485075787134,0.0010709485042338864,0.03000000000000025,0.020000000000000018,0.38000011444091797
2019-04-30,25.52852249145508,173.1221160888672,95.52801513671876,2945.830078125,2.51,2.27,13.119999885559082,-0.0006032818523119833,-0.0061942508797889345,-0.004844609940425344,0.0009509646987914453,-0.03000000000000025,-0.029999999999999805,0.010000228881835938
2019-05-01,25.26139259338379,172.12164306640625,94.79541015625,2923.72998046875,2.52,2.31,14.800000190734863,-0.007698564668718444,-0.010519110371351077,-0.0057957648559513,-0.00753044585029134,0.010000000000000231,0.040000000000000036,1.6800003051757812
2019-05-02,25.461746215820312,172.34022521972656,95.00120544433594,2917.52001953125,2.55,2.35,14.420000076293944,0.0021685883922162143,0.007899931633838468,0.0012691226680419717,-0.0021262446486827887,0.029999999999999805,0.040000000000000036,-0.38000011444091975
2019-05-03,25.63705062866211,174.46728515625,95.58566284179688,2945.639892578125,2.54,2.33,12.869999885559082,0.0061332581288139456,0.0068614179366550745,0.012266669807238227,0.00959212747891747,-0.009999999999999787,-0.020000000000000018,-1.5500001907348615
2019-05-06,25.43669891357422,173.5509033203125,94.7378158569336,2932.469970703125,2.51,2.31,15.4399995803833,-0.008909595381751406,-0.007845624986763864,-0.0052662992003494925,-0.004481013189072523,-0.03000000000000025,-0.020000000000000018,2.5699996948242188
2019-05-07,24.97755241394043,170.35609436035156,93.1902313232422,2884.050048828125,2.45,2.28,19.31999969482422,-0.016470341084988526,-0.01821545229680327,-0.018580028261297708,-0.016649488088905522,-0.05999999999999961,-0.03000000000000025,3.880000114440918
2019-05-08,24.87737846374512,168.94369506835938,92.69635009765624,2879.419921875,2.49,2.3,19.399999618530277,-0.005313803545513278,-0.004018622962406373,-0.008325424854884038,-0.0016067153894199682,0.040000000000000036,0.020000000000000018,0.07999992370605824
2019-05-09,24.802244186401367,169.515380859375,92.62226104736328,2870.719970703125,2.45,2.26,19.100000381469727,-0.0007995856841631583,-0.003024754642657476,0.003378171101623431,-0.0030259986619282898,-0.040000000000000036,-0.040000000000000036,-0.2999992370605504
2019-05-10,24.693714141845703,169.8684844970703,92.61402893066406,2881.39990234375,2.47,2.26,16.040000915527344,-8.888233191899281e-05,-0.004385417402055688,0.0020808518091122077,0.003713394069918638,0.020000000000000018,0.0,-3.059999465942383
2019-05-13,23.58341789245605,163.91619873046875,90.09515380859376,2811.8701171875,2.4,2.18,20.549999237060547,-0.027574254148593175,-0.04600488966728524,-0.03566920316903293,-0.024426469138497504,-0.07000000000000028,-0.07999999999999963,4.509998321533203
2019-05-14,23.892303466796875,165.01751708984375,90.81129455566406,2834.409912109375,2.42,2.2,18.059999465942383,0.007917290891420752,0.013012543001847668,0.006696318569518677,0.007983987523216093,0.020000000000000018,0.020000000000000018,-2.489999771118164
2019-05-15,23.616809844970703,165.11837768554688,90.46558380126952,2850.9599609375,2.37,2.16,16.440000534057617,-0.0038141783623299058,-0.011597636350498763,0.0006110247351914608,0.005821994327723055,-0.04999999999999982,-0.040000000000000036,-1.6199989318847656
2019-05-16,23.86725234985352,167.42201232910156,91.62623596191406,2876.320068359375,2.4,2.2,15.289999961853027,0.012748160579479102,0.010548584749728345,0.013854987623859878,0.008855957116499086,0.029999999999999805,0.040000000000000036,-1.1500005722045898
2019-05-17,23.708642959594727,165.98434448242188,91.18170928955078,2859.530029296875,2.39,2.2,15.960000038146973,-0.004863328537632316,-0.006667661295460461,-0.008624171243298562,-0.005854437174043804,-0.009999999999999787,0.0,0.6700000762939453
2019-05-20,23.708642959594727,165.82460021972656,91.6591567993164,2840.22998046875,2.41,2.21,16.309999465942383,0.005222558886111433,0.0,-0.0009628690099388675,-0.006772257975405369,0.020000000000000018,0.009999999999999787,0.34999942779541016
2019-05-21,23.95073699951172,167.3967742919922,91.97198486328124,2864.360107421875,2.43,2.26,14.949999809265137,0.00340713850338112,0.010159432305398449,0.009436283855056482,0.008459949093190606,0.020000000000000018,0.04999999999999982,-1.359999656677246
2019-05-22,23.78377342224121,164.3785858154297,91.22286987304688,2856.27001953125,2.39,2.23,14.75,-0.00817838652456037,-0.006995536633498576,-0.01819467086649504,-0.0028283923638994365,-0.040000000000000036,-0.029999999999999805,-0.19999980926513672
2019-05-23,23.17435836791992,161.3939971923828,89.42838287353516,2822.239990234375,2.31,2.12,16.920000076293945,-0.01986751819587455,-0.025957134493169446,-0.018323654513192025,-0.01198569224128196,-0.08000000000000007,-0.10999999999999988,2.1700000762939453
2019-05-24,23.524974822998047,162.25990295410156,90.30918884277344,2826.06005859375,2.32,2.16,15.850000381469728,0.009801100702357502,0.01501619056862458,0.005350825850262853,0.0013526437720373175,0.009999999999999787,0.040000000000000036,-1.069999694824217
2019-05-28,23.291236877441406,159.2669677734375,89.32962036132812,2802.389892578125,2.26,2.12,17.5,-0.010906086442507141,-0.00998542509981533,-0.018617552073580207,-0.008410950000260244,-0.06000000000000005,-0.040000000000000036,1.6499996185302717
2019-05-29,23.166013717651367,158.8109130859375,89.08267974853516,2783.02001953125,2.25,2.09,17.899999618530273,-0.0027682034291584426,-0.005390911491950296,-0.002867568148890243,-0.00693591016723137,-0.009999999999999787,-0.03000000000000025,0.39999961853027344
2019-05-30,22.673471450805664,158.23663330078125,88.12779235839844,2788.860107421875,2.22,2.06,17.299999237060547,-0.010776977463489386,-0.021490696137227108,-0.0036226769124158243,0.002096272674997037,-0.029999999999999805,-0.029999999999999805,-0.6000003814697266
2019-05-31,22.205978393554688,154.1154022216797,87.22232055664062,2752.06005859375,2.14,1.95,18.709999084472656,-0.010327679120338645,-0.020834032887356694,-0.02638990488734146,-0.013283205250452958,-0.08000000000000007,-0.1100000000000001,1.4099998474121094
2019-06-03,22.27276039123535,154.70655822753906,87.63390350341797,2744.449951171875,2.07,1.82,18.86000061035156,0.004707681515184649,0.003002875067403583,0.003828463021563907,-0.002769070654307939,-0.07000000000000028,-0.1299999999999999,0.1500015258789027
2019-06-04,23.307933807373047,160.3563690185547,90.33386993408205,2803.27001953125,2.12,1.88,16.969999313354492,0.03034452306192514,0.04542938466791994,0.0358684949527552,0.021205927081077776,0.050000000000000266,0.05999999999999983,-1.8900012969970668
2019-06-05,23.29958152770996,159.14027404785156,90.6549301147461,2826.14990234375,2.12,1.83,16.09000015258789,0.0035478495613990206,-0.00035840914034766667,-0.007612604826946927,0.008128726978813691,0.0,-0.04999999999999982,-0.8799991607666016
2019-06-06,23.400300979614254,160.29725646972656,90.85247039794922,2843.489990234375,2.12,1.88,15.93000030517578,0.0021766645397207473,0.004313484431366634,0.00724390449238642,0.006116840676004416,0.0,0.04999999999999982,-0.15999984741211115
2019-06-07,23.106542587280277,160.29725646972656,89.8564453125,2873.340087890625,2.09,1.85,16.299999237060547,-0.011023641727727086,-0.012633078345003027,0.0,0.010442979247260026,-0.03000000000000025,-0.029999999999999805,0.3699989318847674
2019-06-10,23.559776306152344,163.93711853027344,90.8277587890625,2886.72998046875,2.15,1.9,15.9399995803833,0.010751607625285807,0.01942505778021467,0.02245298620727184,0.004649220074765499,0.06000000000000005,0.04999999999999982,-0.3599996566772461
2019-06-11,23.70245933532715,164.4522705078125,91.10767364501952,2885.719970703125,2.15,1.93,15.989999771118164,0.003077081501661483,0.006037948087672581,0.0031374485127330888,-0.0003499414579512858,0.0,0.030000000000000027,0.05000019073486328
2019-06-12,23.45905494689941,160.6435546875,89.94699096679688,2879.840087890625,2.13,1.88,15.90999984741211,-0.012821526373837417,-0.01032225335994966,-0.023432414673138422,-0.002039657827237423,-0.020000000000000018,-0.050000000000000044,-0.07999992370605469
2019-06-13,23.45065689086914,161.68228149414062,90.16924285888672,2891.639892578125,2.1,1.83,15.81999969482422,0.002467873108041219,-0.0003580519167985617,0.006445219624608822,0.004089010502850191,-0.029999999999999805,-0.04999999999999982,-0.09000015258788885
2019-06-14,23.534591674804688,161.85964965820312,90.39972686767578,2886.97998046875,2.09,1.84,15.279999732971191,0.002552865360116144,0.0035728180986013196,0.0010964154241091054,-0.0016128117861529605,-0.010000000000000231,0.010000000000000009,-0.5399999618530291
2019-06-17,23.44226455688477,161.15863037109375,89.90583038330078,2889.669921875,2.09,1.86,15.350000381469728,-0.005478452546877108,-0.003930754171461316,-0.004340437870022252,0.0009313154323528439,0.0,0.020000000000000018,0.07000064849853693
2019-06-18,24.02140235900879,164.66339111328125,91.13235473632812,2917.75,2.06,1.86,15.149999618530272,0.013550104012870736,0.02440462708961724,0.021514174576382612,0.009670489592970687,-0.029999999999999805,0.0,-0.20000076293945668
2019-06-19,23.76959991455078,165.2207794189453,90.47382354736328,2926.4599609375,2.03,1.74,14.329999923706056,-0.007252331187683294,-0.010537748219261739,0.0033793002871114136,0.0029807167930238428,-0.03000000000000025,-0.1200000000000001,-0.8199996948242152
2019-06-20,23.727638244628903,165.27146911621094,90.70426940917967,2954.179931640625,2.01,1.72,14.75,0.00254386148267967,-0.0017669103495315459,0.0003067527174255061,0.00942760533587314,-0.020000000000000018,-0.020000000000000018,0.42000007629394354
2019-06-21,23.60173797607422,165.47413635253906,90.08692169189452,2950.4599609375,2.07,1.77,15.399999618530272,-0.006829426953862165,-0.005320186977673521,0.0012255174874130621,-0.0012600162797279978,0.06000000000000005,0.050000000000000044,0.6499996185302717
2019-06-24,23.48423194885254,166.7831268310547,89.44486236572266,2945.35009765625,2.02,1.72,15.260000228881836,-0.007152628342191776,-0.0049911373322487846,0.007879419931313764,-0.0017333884605870258,-0.04999999999999982,-0.050000000000000044,-0.13999938964843572
2019-06-25,23.29958152770996,165.57545471191406,88.7040023803711,2917.3798828125,2.0,1.71,16.280000686645508,-0.00831736152085985,-0.007893814815544306,-0.007267316093863698,-0.009541775640387554,-0.020000000000000018,-0.010000000000000009,1.0200004577636719
2019-06-26,23.425479888916016,166.37779235839844,89.29669952392578,2913.780029296875,2.05,1.77,16.209999084472656,0.006659516818538416,0.005388913874782634,0.004834049469231076,-0.0012346956788039985,0.04999999999999982,0.06000000000000005,-0.07000160217285156
2019-06-27,23.67727279663086,168.32859802246094,89.59303283691406,2924.919921875,2.01,1.74,15.81999969482422,0.003313030660037508,0.010691320221112905,0.01165694955595331,0.0038158857925908473,-0.040000000000000036,-0.030000000000000027,-0.3899993896484357
2019-06-28,24.34033966064453,172.78761291503906,92.02959442138672,2941.760009765625,2.0,1.75,15.079999923706056,0.026832645373989987,0.027619407973253282,0.0261451596291069,0.005740941840599626,-0.009999999999999787,0.010000000000000009,-0.7399997711181641
2019-07-01,24.692859649658203,174.69625854492188,93.57714080810548,2964.330078125,2.03,1.78,14.0600004196167,0.016675927705898597,0.014379076536198444,0.010985631172397564,0.007643018610953927,0.029999999999999805,0.030000000000000027,-1.0199995040893572
2019-07-02,24.46623992919922,173.95306396484375,93.67591857910156,2973.010009765625,1.98,1.77,12.93000030517578,0.0010550191327341467,-0.009219913617203347,-0.004263284955754765,0.002923847276988696,-0.04999999999999982,-0.010000000000000009,-1.1300001144409197
2019-07-03,24.382307052612305,174.0037384033203,93.52670288085938,2995.820068359375,1.96,1.77,12.56999969482422,-0.0015941628239959371,-0.0034364567370545832,0.00029126856259121,0.007643095660684157,-0.020000000000000018,0.0,-0.36000061035155895
2019-07-05,24.55856132507324,175.57447814941406,94.08213806152344,2990.409912109375,2.04,1.87,13.279999732971191,0.005921222056592288,0.007202775116518414,0.008986545742960253,-0.0018075342045486649,0.08000000000000007,0.10000000000000009,0.7100000381469709
2019-07-08,24.50821304321289,173.75881958007812,93.5681610107422,2975.949951171875,2.05,1.88,13.960000038146973,-0.005478044411850437,-0.0020522359653526528,-0.010395086473482796,-0.004847173010123794,0.009999999999999787,0.009999999999999787,0.6800003051757812
2019-07-09,24.63410377502441,175.4647674560547,93.966064453125,2979.6298828125,2.07,1.92,14.09000015258789,0.004243535157438741,0.005123527556448585,0.009770024185976025,0.0012357930584538906,0.020000000000000018,0.040000000000000036,0.13000011444091797
2019-07-10,24.357128143310547,173.94464111328125,93.69247436523438,2993.070068359375,2.07,1.82,13.029999732971191,-0.002915830885751331,-0.01130727160383214,-0.00870117344446526,0.004500546936082614,0.0,-0.09999999999999987,-1.0600004196166992
2019-07-11,24.642501831054688,178.4881134033203,94.5877914428711,2999.909912109375,2.13,1.85,12.93000030517578,0.009510543468470859,0.011648125281080914,0.025784913353068834,0.002282619578948549,0.06000000000000005,0.030000000000000027,-0.09999942779541193
2019-07-12,24.718036651611328,180.6754302978516,95.58261108398438,3013.77001953125,2.12,1.84,12.390000343322754,0.010462497871502814,0.0030605370945728998,0.012180211354442682,0.004609534302066538,-0.009999999999999787,-0.010000000000000009,-0.5399999618530256
2019-07-15,24.524991989135746,178.6823272705078,94.42201232910156,3014.300048828125,2.09,1.83,12.68000030517578,-0.012216683664747438,-0.00784052714614322,-0.011092697583917606,0.00017585372838413283,-0.03000000000000025,-0.010000000000000009,0.28999996185302557
2019-07-16,24.33194923400879,182.0097503662109,95.4333724975586,3004.0400390625,2.13,1.87,12.859999656677246,0.010654106397722721,-0.007902408742280773,0.018450737887645174,-0.003409584555010327,0.040000000000000036,0.040000000000000036,0.17999935150146662
2019-07-17,24.49980926513672,180.13491821289062,94.4966049194336,2984.419921875,2.06,1.83,13.970000267028809,-0.009864426743120944,0.006875062355568465,-0.010354143334161474,-0.006552665466093182,-0.06999999999999984,-0.040000000000000036,1.1100006103515625
2019-07-18,24.743213653564453,181.1651763916016,95.0603256225586,2995.110107421875,2.04,1.77,13.529999732971191,0.0059477895466047955,0.00988592317665909,0.005703076121653438,0.0035755977088190827,-0.020000000000000018,-0.06000000000000005,-0.4400005340576172
2019-07-19,24.676071166992188,180.32069396972656,94.12357330322266,2976.610107421875,2.05,1.8,14.449999809265137,-0.009903168086339098,-0.002717260200275521,-0.0046722930404295236,-0.006195889464844692,0.009999999999999787,0.030000000000000027,0.9200000762939453
2019-07-22,24.818761825561523,180.7260589599609,94.72872924804688,2985.030029296875,2.05,1.8,13.529999732971191,0.0064087967997076304,0.005765896973929286,0.002245499549711677,0.002824701686250326,0.0,0.0,-0.9200000762939453
2019-07-23,25.389497756958008,185.3118133544922,96.4613265991211,3005.469970703125,2.08,1.83,12.609999656677246,0.018124842052259702,0.022735722010749398,0.025057485467574317,0.00682414513927642,0.03000000000000025,0.030000000000000027,-0.9200000762939453
2019-07-24,25.74201202392578,187.50747680664065,96.85095977783205,3019.56005859375,2.05,1.83,12.06999969482422,0.004031132357311382,0.013788751935788249,0.011778837070652567,0.004677192813475714,-0.03000000000000025,0.0,-0.5399999618530256
2019-07-25,25.46503448486328,185.7762756347656,95.92249298095705,3003.669921875,2.08,1.86,12.739999771118164,-0.009632799153715184,-0.010818051778822254,-0.009275590339804336,-0.005276296483599537,0.03000000000000025,0.030000000000000027,0.6700000762939435
2019-07-26,25.8259391784668,187.60040283203125,96.34527587890624,3025.860107421875,2.08,1.86,12.15999984741211,0.004397862230192406,0.014073066829280884,0.009771053284390235,0.007360535770783042,0.0,0.0,-0.5799999237060547
2019-07-29,25.616111755371094,186.0634002685547,96.03853607177734,3020.969970703125,2.06,1.85,12.829999923706056,-0.003188834486088198,-0.008157862408898835,-0.008226706570136367,-0.0016174219290574364,-0.020000000000000018,-0.010000000000000009,0.6700000762939471
2019-07-30,25.926658630371094,186.97544860839844,95.82299041748048,3013.179931640625,2.06,1.85,13.9399995803833,-0.0022468886693751216,0.012050211134571685,0.004889840079047169,-0.0025819853720443708,0.0,0.0,1.1099996566772443
2019-07-31,25.750402450561523,185.9029541015625,96.16289520263672,2980.3798828125,2.02,1.89,16.1200008392334,0.0035409388477610562,-0.00682147396126727,-0.005752531959955171,-0.01094520695213996,-0.040000000000000036,0.039999999999999813,2.1800012588500977
2019-08-01,24.751611709594727,178.69921875,93.62615966796876,2953.56005859375,1.9,1.73,17.8700008392334,-0.0267337504467372,-0.039559649661535176,-0.03952073510749257,-0.009039527568806017,-0.1200000000000001,-0.15999999999999992,1.75
2019-08-02,24.65928649902344,176.8159637451172,93.61786651611328,2932.050048828125,1.86,1.72,17.610000610351562,-8.8581217034433e-05,-0.003737042691621309,-0.010594611500152501,-0.007309388539565105,-0.039999999999999813,-0.010000000000000009,-0.26000022888183594
2019-08-05,23.56816673278809,170.32162475585938,90.83248901367188,2844.739990234375,1.75,1.59,24.59000015258789,-0.030204216720722047,-0.04525662954597901,-0.03742087883285061,-0.030230182169694777,-0.1100000000000001,-0.1299999999999999,6.979999542236328
2019-08-06,23.853538513183597,173.97840881347656,91.54540252685548,2881.77001953125,1.73,1.6,20.170000076293945,0.00781802156336975,0.012035637425452089,0.021242644265639092,0.012933023911166613,-0.020000000000000018,0.010000000000000009,-4.420000076293945
2019-08-07,23.408693313598636,173.75039672851562,89.55585479736328,2883.97998046875,1.71,1.59,19.489999771118164,-0.021972545118439577,-0.018825109162574922,-0.0013114364643142865,0.0007665823338588767,-0.020000000000000018,-0.010000000000000009,-0.6800003051757812
2019-08-08,23.81995964050293,174.8144989013672,91.07288360595705,2938.090087890625,1.72,1.62,16.90999984741211,0.01679759812477364,0.01741640707298375,0.006105637669748304,0.018588462466865085,0.010000000000000009,0.030000000000000027,-2.5799999237060547
2019-08-09,23.777999877929688,174.7300262451172,90.97340393066406,2918.64990234375,1.74,1.63,17.969999313354492,-0.0010929053983027267,-0.0017630912697543728,-0.0004833298868523336,-0.006638593133657111,0.020000000000000018,0.009999999999999787,1.0599994659423828
2019-08-12,23.19886589050293,170.18650817871094,89.26568603515625,2882.699951171875,1.65,1.58,21.09000015258789,-0.018950040188910913,-0.024657384855247724,-0.026347132952920033,-0.012393809115915354,-0.09000000000000008,-0.04999999999999982,3.1200008392333984
2019-08-13,23.266008377075195,172.37379455566406,90.6418228149414,2926.320068359375,1.68,1.66,17.520000457763672,0.015298567896797474,0.0028900340036835644,0.012770400336549383,0.015018346267301863,0.030000000000000027,0.07999999999999985,-3.5699996948242188
2019-08-14,22.17489242553711,165.1532440185547,86.87818145751953,2840.60009765625,1.59,1.58,22.100000381469727,-0.04240880270077739,-0.04803275042670633,-0.04279154843315958,-0.02973035245453567,-0.08999999999999986,-0.07999999999999985,4.579999923706055
2019-08-15,22.032209396362305,165.6768035888672,87.20980072021484,2847.60009765625,1.52,1.48,21.18000030517578,0.003809793871523854,-0.006455230891008809,0.0031651297165166646,0.0024612366981802422,-0.07000000000000006,-0.10000000000000009,-0.9200000762939453
2019-08-16,22.686880111694336,168.41305541992188,89.29884338378906,2888.679931640625,1.55,1.48,18.46999931335449,0.023671817589643217,0.029281342617943733,0.016380700828025875,0.014323058172245003,0.030000000000000027,0.0,-2.7100009918212926
2019-08-19,22.88832092285156,170.76080322265625,90.10296630859376,2923.64990234375,1.6,1.53,16.8799991607666,0.008964550706950875,0.008839988344046246,0.013844140639264532,0.012033175564397505,0.050000000000000044,0.050000000000000044,-1.590000152587887
2019-08-20,22.426685333251957,168.885986328125,88.95895385742188,2900.510009765625,1.55,1.5,17.5,-0.012778015739408522,-0.020375217760255995,-0.011039915547684935,-0.007946215312115467,-0.050000000000000044,-0.030000000000000027,0.6200008392333984
2019-08-21,22.60294914245605,169.47714233398438,89.20767974853516,2924.429931640625,1.59,1.56,15.800000190734863,0.0027920609786463964,0.007828831458736918,0.0034942140987695358,0.008212979557352937,0.040000000000000036,0.06000000000000005,-1.6999998092651367
2019-08-22,22.8211669921875,170.94656372070312,90.12782287597656,2922.949951171875,1.62,1.61,16.68000030517578,0.010261785185218062,0.009608091341673605,0.008632950565068138,-0.00050620295927854,0.030000000000000027,0.050000000000000044,0.880000114440918
2019-08-23,22.216856002807617,165.69375610351562,87.88957214355469,2847.110107421875,1.52,1.51,19.8700008392334,-0.025147752426212422,-0.02683720195826712,-0.031209773016794996,-0.02628888112283785,-0.10000000000000009,-0.10000000000000009,3.190000534057617
2019-08-26,22.47704696655273,168.6072540283203,88.59420776367188,2878.3798828125,1.54,1.54,19.31999969482422,0.007985315871599985,0.011643373521622424,0.017430827932797172,0.01092311273079789,0.020000000000000018,0.030000000000000027,-0.5500011444091797
2019-08-27,22.216856002807617,167.27297973632812,87.65745544433594,2869.159912109375,1.49,1.53,20.309999465942383,-0.01062981333397503,-0.011643373521622447,-0.007944982624420607,-0.0032083218005562386,-0.050000000000000044,-0.010000000000000009,0.9899997711181641
2019-08-28,22.535802841186523,169.2575225830078,88.5361557006836,2887.93994140625,1.47,1.5,19.350000381469727,0.009974340563170918,0.014254001742454869,0.011794270283993925,0.006524151530562512,-0.020000000000000018,-0.030000000000000027,-0.9599990844726562
2019-08-29,22.93867301940918,172.88626098632812,90.5423355102539,2924.580078125,1.5,1.53,17.8799991607666,0.02240652944167196,0.017718982398292286,0.02121256995527116,0.012607482441094399,0.030000000000000027,0.030000000000000027,-1.470001220703125
2019-08-30,23.089757919311523,173.2856903076172,91.07288360595705,2926.4599609375,1.5,1.5,18.979999542236328,0.005842567682364304,0.00656487477138818,0.002307694179484259,0.0006425807598767749,0.0,-0.030000000000000027,1.1000003814697266
2019-09-03,22.70366477966309,169.0875701904297,89.99520111083984,2906.27001953125,1.47,1.47,19.65999984741211,-0.01190375678138174,-0.016862783594643726,-0.02452487398725002,-0.0069230093326854165,-0.030000000000000027,-0.030000000000000027,0.6800003051757812
2019-09-04,23.07297134399414,171.43309020996094,91.08116912841795,2937.780029296875,1.47,1.43,17.329999923706055,0.011994729475562885,0.01613550527617388,0.013776298403189823,0.010783725278421427,0.0,-0.040000000000000036,-2.3299999237060547
2019-09-05,23.757293701171875,175.95407104492188,93.15364074707033,2976.0,1.57,1.55,16.270000457763672,0.022499103668258434,0.029227725770483378,0.02602995507866174,0.01292591292175976,0.10000000000000009,0.1200000000000001,-1.0599994659423828
2019-09-06,23.42780494689941,176.09007263183594,93.35260772705078,2978.7099609375,1.55,1.53,15.0,0.002133623480059017,-0.013966023988756595,0.0007726394324268819,0.0009101908043767861,-0.020000000000000018,-0.020000000000000018,-1.2700004577636719
2019-09-09,24.18817138671875,180.14366149902344,95.66548919677734,2978.429931640625,1.63,1.58,15.270000457763672,0.024473814426280736,0.03194016544261227,0.02275901155870903,-9.401467889992668e-05,0.07999999999999985,0.050000000000000044,0.2700004577636719
2019-09-10,24.79646873474121,183.2454833984375,96.88411712646484,2979.389892578125,1.72,1.67,15.199999809265137,0.012657976550271269,0.024837525309174772,0.017072041249937917,0.0003222524259310153,0.09000000000000008,0.08999999999999986,-0.07000064849853516
2019-09-11,24.88940048217773,184.23980712890625,97.1493911743164,3000.929931640625,1.75,1.68,14.609999656677246,0.0027343134229830756,0.0037407760906858706,0.005411515413655781,0.0072036723263872,0.030000000000000027,0.010000000000000009,-0.5900001525878906
2019-09-12,25.06682014465332,185.88845825195312,97.74626922607422,3009.570068359375,1.79,1.72,14.220000267028809,0.006125122710544691,0.007103035665895363,0.008908598346817448,0.0028750162782333164,0.040000000000000036,0.040000000000000036,-0.3899993896484375
2019-09-13,25.4892578125,186.87423706054688,99.66952514648438,3007.389892578125,1.9,1.79,13.739999771118164,0.019484933058868593,0.016712036092646664,0.00528905450578398,-0.0007246768769660504,0.10999999999999988,0.07000000000000006,-0.48000049591064453
2019-09-16,25.45545196533203,184.59669494628903,98.78248596191406,2997.9599609375,1.84,1.74,14.670000076293944,-0.008939643262708108,-0.0013271584930952237,-0.012262443475250682,-0.0031405129163559896,-0.05999999999999983,-0.050000000000000044,0.9300003051757795
2019-09-17,25.29493522644043,183.48350524902344,98.29338836669922,3005.699951171875,1.81,1.72,14.4399995803833,-0.004963556305756321,-0.006325755645709743,-0.00604864423900935,0.0025784253724619854,-0.030000000000000027,-0.020000000000000018,-0.23000049591064275
2019-09-18,25.34562110900879,184.47772216796875,99.27986907958984,3006.72998046875,1.8,1.77,13.949999809265137,0.009986057054403715,0.0020017907843734566,0.005403935329779475,0.00034263328426719085,-0.010000000000000009,0.050000000000000044,-0.48999977111816406
2019-09-19,25.19354820251465,182.90557861328125,98.9648666381836,3006.7900390625,1.79,1.74,14.050000190734863,-0.0031779174904260346,-0.006018039771199585,-0.008558653308576766,1.9974521929475905e-05,-0.010000000000000009,-0.030000000000000027,0.10000038146972656
2019-09-20,24.99923515319824,181.63937377929688,98.56694793701172,2992.070068359375,1.74,1.69,15.31999969482422,-0.004028912914949505,-0.007742707499848237,-0.006946797193112732,-0.004907599104880387,-0.050000000000000044,-0.050000000000000044,1.2699995040893572
2019-09-23,24.940093994140625,181.4013671875,98.55037689208984,2991.780029296875,1.72,1.68,14.90999984741211,-0.0001681338256318434,-0.002368521472568939,-0.001311184112623493,-9.694061782751375e-05,-0.020000000000000018,-0.010000000000000009,-0.40999984741211115
2019-09-24,24.450075149536133,176.5489501953125,97.26543426513672,2966.60009765625,1.64,1.6,17.049999237060547,-0.013124180963304118,-0.019843419538741924,-0.027113898379390777,-0.00845198896355148,-0.08000000000000007,-0.07999999999999985,2.1399993896484375
2019-09-25,24.71198463439941,178.48655700683594,97.82086944580078,2984.8701171875,1.73,1.68,15.960000038146973,0.005694266290503482,0.010655044312259901,0.010915111358328101,0.0061396852419639035,0.09000000000000008,0.07999999999999985,-1.0899991989135742
2019-09-26,24.610595703125,176.94837951660156,97.01675415039062,2977.6201171875,1.7,1.66,16.06999969482422,-0.008254256504590047,-0.004111263984609377,-0.008655238608478255,-0.002431871009613191,-0.030000000000000027,-0.020000000000000018,0.1099996566772461
2019-09-27,24.79646873474121,177.5857391357422,97.5887680053711,2961.7900390625,1.69,1.63,17.219999313354492,0.005878718096082458,0.007524183459911769,0.0035954807857955114,-0.005330534579128577,-0.010000000000000009,-0.030000000000000027,1.1499996185302734
2019-09-30,24.644392013549805,176.10708618164062,97.56388092041016,2976.739990234375,1.68,1.63,16.239999771118164,-0.00025505249590861617,-0.006151883220066103,-0.008361275450043852,0.005034910215248393,-0.010000000000000009,0.0,-0.9799995422363281
2019-10-01,24.02765274047852,172.24888610839844,95.78983306884766,2940.25,1.65,1.56,18.559999465942383,-0.018350799673522482,-0.025344005486562324,-0.02215181106669631,-0.012334126945412846,-0.030000000000000027,-0.06999999999999984,2.3199996948242188
2019-10-02,23.520736694335938,168.47573852539062,93.88316345214844,2887.610107421875,1.6,1.48,20.559999465942383,-0.020105485536498543,-0.02132292001975745,-0.02214868874512981,-0.01806540418764383,-0.04999999999999982,-0.08000000000000007,2.0
2019-10-03,23.49538993835449,167.61740112304688,93.74945831298828,2910.6298828125,1.54,1.39,19.1200008392334,-0.0014251803394684857,-0.0010782155082675144,-0.005107746438044495,0.007940304773866787,-0.06000000000000005,-0.09000000000000008,-1.4399986267089844
2019-10-04,23.968507766723636,170.64279174804688,95.7800750732422,2952.010009765625,1.52,1.4,17.040000915527344,0.021428791884289252,0.019936563234422645,0.017888426509281272,0.014116785239259274,-0.020000000000000018,0.010000000000000009,-2.0799999237060547
2019-10-07,23.91781997680664,170.30279541015625,95.57113647460938,2938.7900390625,1.56,1.46,17.860000610351562,-0.002183823974563899,-0.0021170054684143858,-0.0019944323281992898,-0.00448835227368152,0.040000000000000036,0.06000000000000005,0.8199996948242188
2019-10-08,23.343320846557617,167.7278594970703,93.44029235839844,2893.06005859375,1.54,1.42,20.280000686645508,-0.022548206838139382,-0.024312888754841173,-0.01523522012944369,-0.01568315955210993,-0.020000000000000018,-0.040000000000000036,2.4200000762939453
2019-10-09,23.56297874450684,167.28599548339844,94.11712646484376,2919.39990234375,1.59,1.47,18.63999938964844,0.007217384934701915,0.009365884990182536,-0.0026378865430594684,0.009063296514845923,0.050000000000000044,0.050000000000000044,-1.6400012969970668
2019-10-10,24.03610038757324,169.85243225097656,95.43743133544922,2938.1298828125,1.67,1.53,17.56999969482422,0.013930830661878611,0.019880099942609055,0.015225119014442082,0.0063952024117826045,0.07999999999999985,0.06000000000000005,-1.0699996948242223
2019-10-11,24.42473030090332,173.9400634765625,97.05020141601562,2970.27001953125,1.76,1.63,15.579999923706056,0.016757521489646956,0.01603927292598253,0.023780762597184864,0.010879579673789056,0.09000000000000008,0.09999999999999987,-1.9899997711181623
2019-10-15,25.117511749267575,175.4527130126953,100.24230194091795,2995.679931640625,1.77,1.61,13.539999961853027,0.03236188962215993,0.027969126186728865,0.008658787981705746,0.008518363703269999,0.010000000000000009,-0.019999999999999796,-2.039999961853029
2019-10-16,25.4892578125,176.2685546875,100.0083465576172,2989.68994140625,1.75,1.58,13.68000030517578,-0.0023366265378033644,0.014691819027210838,0.004639145897139825,-0.002001544553193733,-0.020000000000000018,-0.030000000000000027,0.14000034332275213
2019-10-17,25.56528854370117,175.4527130126953,100.56820678710938,2997.949951171875,1.76,1.6,13.789999961853027,0.005582523721133695,0.002978413983981111,-0.004639145897139806,0.002759021969775287,0.010000000000000009,0.020000000000000018,0.10999965667724787
2019-10-18,25.64131546020508,175.5037078857422,100.74370574951172,2986.199951171875,1.76,1.58,14.25,0.00174355312261841,0.0029694205990223378,0.00029060515989544523,-0.003927045709799847,0.0,-0.020000000000000018,0.46000003814697266
2019-10-21,26.207374572753903,177.82366943359375,103.24225616455078,3006.719970703125,1.8,1.62,14.0,0.02449850327588612,0.02183590766707561,0.013132267906252111,0.006848114105333746,0.040000000000000036,0.040000000000000036,-0.25
2019-10-22,26.359455108642575,178.12112426757812,104.27842712402344,2995.989990234375,1.78,1.6,14.460000038146973,0.009986277551849703,0.005786194872908565,0.0016713541453130458,-0.003575049258376838,-0.020000000000000018,-0.020000000000000018,0.46000003814697266
2019-10-23,26.545310974121094,179.5828094482422,104.55418395996094,3004.52001953125,1.77,1.58,14.010000228881836,0.002640938067857445,0.007026082669553051,0.008172643231638816,0.002843103345830729,-0.010000000000000009,-0.020000000000000018,-0.4499998092651367
2019-10-24,26.49462509155273,179.35337829589844,104.47896575927734,3010.2900390625,1.77,1.58,13.710000038146973,-0.0007196772763663299,-0.0019112352599547802,-0.0012783953885074045,0.0019186046591713529,0.0,0.0,-0.3000001907348633
2019-10-25,26.798768997192383,182.0557861328125,105.3145980834961,3022.550048828125,1.8,1.63,12.649999618530272,0.007966276258608847,0.011414067835084946,0.01495511719172727,0.004064429510656049,0.030000000000000027,0.04999999999999982,-1.060000419616701
2019-10-28,26.9001522064209,185.0471343994141,105.71569061279295,3039.419921875,1.85,1.64,13.109999656677246,0.003801283832276673,0.003775991301767446,0.016297415841401982,0.0055658199161177,0.050000000000000044,0.010000000000000009,0.46000003814697443
2019-10-29,27.094470977783203,184.95361328125,105.64886474609376,3036.889892578125,1.84,1.64,13.199999809265137,-0.0006323280534179989,0.007197739287064582,-0.0005055185468782043,-0.0008327519564807664,-0.010000000000000009,0.0,0.09000015258789062
2019-10-30,26.71428871154785,183.39849853515625,105.0639190673828,3046.77001953125,1.78,1.61,12.329999923706056,-0.0055520806163940105,-0.01413110411386501,-0.008443681660127626,0.0032480894008573105,-0.06000000000000005,-0.029999999999999805,-0.8699998855590803
2019-10-31,26.4185848236084,181.3334503173828,104.38705444335938,3037.56005859375,1.69,1.52,13.220000267028809,-0.006463249789984444,-0.011130846923815768,-0.011323769637392426,-0.0030274386345390905,-0.09000000000000008,-0.09000000000000008,0.8900003433227521
2019-11-01,26.866355895996094,184.7411346435547,106.7936782836914,3066.909912109375,1.73,1.56,12.300000190734863,0.022793064498631263,0.01680706055859597,0.018617969665531475,0.009615930559647514,0.040000000000000036,0.040000000000000036,-0.9200000762939453
2019-11-04,27.373275756835938,186.8487243652344,107.64602661132812,3078.27001953125,1.79,1.6,12.829999923706056,0.007949580202857263,0.018692406470279355,0.011343755869874527,0.0036972458053124275,0.06000000000000005,0.040000000000000036,0.5299997329711932
2019-11-05,27.72811317443848,185.8033905029297,107.87999725341795,3074.6201171875,1.86,1.63,13.100000381469728,0.0021711599351627356,0.012879614457617237,-0.005610254510391506,-0.0011864027118206639,0.07000000000000006,0.029999999999999805,0.2700004577636719
2019-11-06,27.702768325805664,185.6164703369141,108.04710388183594,3076.780029296875,1.81,1.61,12.619999885559082,0.0015478062818508657,-0.0009144667994833693,-0.0010065168910101206,0.0007022505922896238,-0.050000000000000044,-0.019999999999999796,-0.4800004959106463
2019-11-07,28.07449531555176,189.75511169433597,108.6320571899414,3085.179931640625,1.92,1.68,12.729999542236328,0.0053992707583325,0.013329176409699425,0.022051797559218253,0.002726375244280665,0.10999999999999988,0.06999999999999984,0.1099996566772461
2019-11-08,28.099842071533203,189.43214416503903,108.9496078491211,3093.080078125,1.94,1.68,12.06999969482422,0.0029189121664722154,0.0009024319246329632,-0.0017034729010838863,0.002557403145115828,0.020000000000000018,0.0,-0.6599998474121076
2019-11-12,27.95621681213379,187.3076019287109,107.93012237548828,3091.840087890625,1.92,1.66,12.68000030517578,-0.00940145934069836,-0.005124355031290702,-0.011278686573474639,-0.00040097211207411316,-0.020000000000000018,-0.020000000000000018,0.610000610351559
2019-11-13,27.702768325805664,186.3813323974609,107.36188507080078,3094.0400390625,1.88,1.63,13.0,-0.005278771199559505,-0.009107253303041662,-0.004957446384869098,0.0007112815701162954,-0.040000000000000036,-0.030000000000000027,0.3199996948242205
2019-11-14,27.62672996520996,186.47483825683597,107.46218872070312,3096.6298828125,1.82,1.58,13.050000190734863,0.0009338213862251042,-0.0027485667072500606,0.0005015653149643527,0.0008366926144567594,-0.05999999999999983,-0.04999999999999982,0.05000019073486328
2019-11-15,27.821044921875,187.171630859375,108.2393035888672,3120.4599609375,1.84,1.61,12.050000190734863,0.007205497023731503,0.007008964833899058,0.0037296935358248954,0.007666028777973181,0.020000000000000018,0.030000000000000027,-1.0
2019-11-18,27.84638977050781,186.72970581054688,109.15013885498048,3122.030029296875,1.81,1.6,12.460000038146973,0.008379805255104997,0.0009105808638068659,-0.00236386025547657,0.0005030263228096366,-0.030000000000000027,-0.010000000000000009,0.4099998474121094
2019-11-19,27.82949447631836,186.99322509765625,109.11672973632812,3120.179931640625,1.79,1.6,12.859999656677246,-0.0003061309224701784,-0.0006069160799730935,0.0014102390246289263,-0.0005927700996925261,-0.020000000000000018,0.0,0.39999961853027344
2019-11-20,27.618276596069336,185.18307495117188,108.32286834716795,3108.4599609375,1.73,1.56,12.779999732971191,-0.007301935097650461,-0.007618661591761751,-0.009727456690677113,-0.0037632564209410676,-0.06000000000000005,-0.040000000000000036,-0.07999992370605469
2019-11-21,27.74500846862793,185.4549865722656,108.57353973388672,3103.5400390625,1.77,1.6,13.130000114440918,0.002311439830127292,0.004578199930436069,0.0014672625296947622,-0.0015840060861895076,0.040000000000000036,0.040000000000000036,0.35000038146972656
2019-11-22,28.03225898742676,187.19712829589844,109.2921905517578,3110.2900390625,1.77,1.61,12.34000015258789,0.006597214012754762,0.010300004694813472,0.009350031013135609,0.002172573942375937,0.0,0.010000000000000009,-0.7899999618530273
2019-11-25,28.277273178100582,189.2962188720703,109.87715911865234,3133.639892578125,1.76,1.61,11.869999885559082,0.005338063527828128,0.00870246040236535,0.011150860126945716,0.0074792518874672075,-0.010000000000000009,0.0,-0.4700002670288086
2019-11-26,28.175886154174805,189.04122924804688,110.02753448486328,3140.52001953125,1.74,1.58,11.539999961853027,0.0013676414740023451,-0.0035919028848316143,-0.0013479483138629578,0.0021931636449402277,-0.020000000000000018,-0.030000000000000027,-0.3299999237060547
2019-11-27,28.23501968383789,189.46615600585935,110.35346221923828,3153.6298828125,1.77,1.63,11.75,0.0029578591337361478,0.0020965290468010667,0.0022452768578956096,0.0041657356252997445,0.030000000000000027,0.04999999999999982,0.21000003814697266
2019-11-29,28.150535583496094,189.1670684814453,110.10275268554688,3140.97998046875,1.78,1.61,12.619999885559082,-0.0022744620003576133,-0.002996659806338305,-0.0015798274809381216,-0.004019286229989053,0.010000000000000009,-0.019999999999999796,0.869999885559082
2019-12-02,28.24347305297852,185.99644470214844,109.86043548583984,3113.8701171875,1.83,1.61,14.90999984741211,-0.0022032531874567837,0.003296008064201622,-0.01690302579024203,-0.008668483693963605,0.050000000000000044,0.0,2.2899999618530273
2019-12-03,27.74500846862793,181.381591796875,108.44820404052734,3093.199951171875,1.72,1.53,15.960000038146973,-0.012938115031458317,-0.01780643951701163,-0.025124505011973743,-0.006660225258045148,-0.1100000000000001,-0.08000000000000007,1.0500001907348633
2019-12-04,28.006914138793945,184.5436248779297,110.58743286132812,3112.760009765625,1.77,1.58,14.800000190734863,0.01953377881783174,0.009395464211897658,0.017282830719781102,0.006303657608769993,0.050000000000000044,0.050000000000000044,-1.1599998474121094
2019-12-05,28.10884475708008,185.56915283203125,111.1890869140625,3117.429931640625,1.8,1.58,14.520000457763672,0.00542578203820983,0.0036328736310951015,0.005541719391577938,0.0014991269266302707,0.030000000000000027,0.0,-0.2799997329711914
2019-12-06,28.60153579711914,191.95309448242188,112.84363555908205,3145.909912109375,1.84,1.61,13.619999885559082,0.014770866584934457,0.017376128732437792,0.03382343848573717,0.009094246030426013,0.040000000000000036,0.030000000000000027,-0.9000005722045898
2019-12-09,28.46561813354492,189.5601806640625,112.31719207763672,3135.9599609375,1.83,1.63,15.859999656677246,-0.0046761636671929785,-0.004763437852210617,-0.012544492441529935,-0.003167833684474369,-0.010000000000000009,0.019999999999999796,2.239999771118164
2019-12-10,28.48261260986328,189.61996459960935,112.39238739013672,3132.52001953125,1.85,1.65,15.68000030517578,0.0006692666639746051,0.0005968395014556427,0.0003153326290365153,-0.0010975361689841293,0.020000000000000018,0.020000000000000018,-0.17999935150146662
2019-12-11,28.5760498046875,189.0303192138672,112.12498474121094,3141.6298828125,1.79,1.61,14.989999771118164,-0.002382023028551821,0.0032751303444989977,-0.0031144614837061513,0.0029039375293507703,-0.06000000000000005,-0.039999999999999813,-0.6900005340576154
2019-12-12,29.45950698852539,193.1836700439453,115.33381652832033,3168.570068359375,1.9,1.66,13.9399995803833,0.02821649164110284,0.0304477283718557,0.021733973309173246,0.008538667375555057,0.10999999999999988,0.04999999999999982,-1.0500001907348633
2019-12-13,29.2556266784668,192.2863922119141,114.32267761230467,3168.800048828125,1.82,1.61,12.630000114440918,-0.008805720504387833,-0.006944755695761431,-0.004655507861723061,7.25791502146863e-05,-0.07999999999999985,-0.04999999999999982,-1.3099994659423828
2019-12-16,29.476490020751957,194.88438415527344,114.76556396484376,3191.449951171875,1.89,1.65,12.140000343322754,0.003866517995433363,0.007521076910585952,0.013420594197847737,0.007122360942542787,0.06999999999999984,0.039999999999999813,-0.48999977111816406
2019-12-17,29.765308380126957,197.5421600341797,115.46751403808594,3192.52001953125,1.89,1.63,12.289999961853027,0.006097753236474406,0.009750569882007556,0.013545549127345126,0.0003352360284609262,0.0,-0.020000000000000018,0.14999961853027344
2019-12-18,29.82478141784668,196.9439392089844,115.35050964355467,3191.139892578125,1.92,1.63,12.579999923706056,-0.001013823813988131,0.001996072087419502,-0.0030329143911919684,-0.0004323936405227425,0.030000000000000027,0.0,0.2899999618530291
2019-12-19,29.688861846923828,196.50811767578125,114.77396392822266,3205.3701171875,1.92,1.62,12.5,-0.005010739733026209,-0.004567685652652644,-0.0022153739131550152,0.004449378821864254,0.0,-0.009999999999999787,-0.07999992370605646
2019-12-20,29.69735336303711,195.64498901367188,114.6820068359375,3221.219970703125,1.92,1.63,12.510000228881836,-0.000801522809818187,0.00028597600103417314,-0.004402005447205852,0.004932595804334098,0.0,0.009999999999999787,0.010000228881835938
2019-12-23,29.8757381439209,195.78170776367188,114.64859771728516,3224.010009765625,1.93,1.64,12.609999656677246,-0.0002913620618039596,0.0059887882104903865,0.0006985663302246629,0.0008657687142985109,0.010000000000000009,0.010000000000000009,0.09999942779541016
2019-12-24,29.918212890625,196.4824676513672,114.96613311767578,3223.3798828125,1.9,1.62,12.670000076293944,0.0027658121206531605,0.001420704038233417,0.0035729015142591507,-0.00019546730246814044,-0.030000000000000027,-0.019999999999999796,0.06000041961669744
2019-12-26,30.173057556152344,197.5934600830078,116.18619537353516,3239.909912109375,1.9,1.64,12.649999618530272,0.010556446426192185,0.008481970559308409,0.0056384838397107034,0.005115062410053991,0.0,0.019999999999999796,-0.020000457763671875
2019-12-27,30.028642654418945,197.12342834472656,116.26973724365234,3240.02001953125,1.88,1.59,13.43000030517578,0.0007187760086252904,-0.00479771096963639,-0.0023816156553396442,3.3984139657930306e-05,-0.020000000000000018,-0.04999999999999982,0.7800006866455078
2019-12-30,29.858747482299805,196.3884429931641,115.84353637695312,3221.2900390625,1.9,1.58,14.81999969482422,-0.003672356509707181,-0.005673836428974297,-0.00373552240615609,-0.005797596079349905,0.020000000000000018,-0.010000000000000009,1.389999389648441
2019-12-31,29.918212890625,196.49952697753903,116.48694610595705,3230.780029296875,1.92,1.58,13.779999732971191,0.005538759847579786,0.0019895768393023306,0.0005654741087809228,0.002941690644190719,0.020000000000000018,0.0,-1.0399999618530291
2020-01-02,30.27499008178711,200.2512969970703,117.89920806884766,3257.85009765625,1.88,1.58,12.470000267028809,0.012050874412488774,0.011854540104060255,0.018913038749302134,0.008343895362316707,-0.040000000000000036,0.0,-1.3099994659423828
2020-01-03,29.646379470825195,197.90966796875,116.34335327148438,3234.85009765625,1.8,1.53,14.020000457763672,-0.013284329448726982,-0.020981952756982752,-0.011762358603342338,-0.007084909364954553,-0.07999999999999985,-0.050000000000000044,1.5500001907348633
2020-01-06,29.603914260864254,199.93508911132807,116.25083923339844,3246.280029296875,1.81,1.54,13.850000381469728,-0.000795497445300039,-0.0014334179480797466,0.01018205521209374,0.003527145194272564,0.010000000000000009,0.010000000000000009,-0.17000007629394354
2020-01-07,29.408527374267575,201.25112915039065,114.27452087402344,3237.179931640625,1.83,1.54,13.789999961853027,-0.017146632189783184,-0.0066219120969746425,0.006560767542618789,-0.0028071750845948405,0.020000000000000018,0.0,-0.060000419616700995
2020-01-08,29.705846786499023,203.1910552978516,115.16595458984376,3253.050048828125,1.87,1.58,13.449999809265137,0.00777054004535941,0.010059208899249498,0.009593168563863096,0.004890473485641129,0.040000000000000036,0.040000000000000036,-0.3400001525878906
2020-01-09,29.75680923461914,207.32742309570312,115.58645629882812,3274.699951171875,1.85,1.58,12.539999961853027,0.003644617820750402,0.0017140997058695236,0.02015260216352235,0.006633214116906491,-0.020000000000000018,0.0,-0.9099998474121094
2020-01-10,29.510467529296875,206.9086456298828,114.4343032836914,3265.35009765625,1.83,1.56,12.5600004196167,-0.010017901452834026,-0.008312955728571362,-0.0020219273023657403,-0.0028592624875049015,-0.020000000000000018,-0.020000000000000018,0.020000457763671875
2020-01-13,29.782299041748047,209.5579071044922,115.38461303710938,3288.1298828125,1.85,1.58,12.31999969482422,0.00827012140678295,0.00916919323108461,0.012722737002598518,0.006951994045933256,0.020000000000000018,0.020000000000000018,-0.2400007247924787
2020-01-14,30.003158569335938,209.94253540039065,116.73026275634766,3283.14990234375,1.82,1.58,12.390000343322754,0.011594817353633565,0.007388436623903813,0.0018337449247095867,-0.0015156808368957204,-0.030000000000000027,0.0,0.07000064849853338
2020-01-15,29.451004028320312,209.5579071044922,114.98094940185548,3289.2900390625,1.79,1.56,12.420000076293944,-0.015099369371964159,-0.018574659605631913,-0.0018337449247095299,0.0018684502436879626,-0.030000000000000027,-0.020000000000000018,0.02999973297118963
2020-01-16,29.493486404418945,213.4122467041016,115.42668914794922,3316.81005859375,1.81,1.58,12.31999969482422,0.003869145180863022,0.0014414369567830726,0.01822561831684708,0.008331747422232019,0.020000000000000018,0.020000000000000018,-0.10000038146972301
2020-01-17,29.4849853515625,213.1899871826172,116.22565460205078,3329.6201171875,1.84,1.58,12.100000381469728,0.006897997311150941,-0.00028827647316766663,-0.0010419989579964924,0.003854723247485144,0.030000000000000027,0.0,-0.2199993133544922
2020-01-21,29.10272216796875,209.97671508789065,115.08187103271484,3320.7900390625,1.78,1.53,12.850000381469728,-0.009889802666811269,-0.013049447549144194,-0.015187082718658759,-0.002655500369585384,-0.06000000000000005,-0.050000000000000044,0.75
2020-01-22,29.18766593933105,211.1304168701172,114.9473114013672,3321.75,1.77,1.53,12.90999984741211,-0.0011699354427293115,0.0029145056071471077,0.00547938793338886,0.00028903429668107475,-0.010000000000000009,0.0,0.059999465942381036
2020-01-23,28.98379898071289,209.8741607666016,114.8295440673828,3325.5400390625,1.74,1.51,12.979999542236328,-0.0010250583685297585,-0.007009202657855772,-0.005967915309305202,0.001140326193358241,-0.030000000000000027,-0.020000000000000018,0.06999969482421875
2020-01-24,28.491111755371094,206.74630737304688,111.97860717773438,3295.469970703125,1.7,1.49,14.5600004196167,-0.02514095757011379,-0.017144847641671568,-0.015015643263714613,-0.009083289426193788,-0.040000000000000036,-0.020000000000000018,1.580000877380371
2020-01-27,27.90498161315918,203.5158843994141,111.03668975830078,3243.6298828125,1.61,1.44,18.229999542236328,-0.00844716064957746,-0.020786945069290054,-0.015748415543068706,-0.015855752356844034,-0.08999999999999986,-0.050000000000000044,3.669999122619629
2020-01-28,28.236268997192383,207.31036376953125,113.0550537109375,3276.239990234375,1.65,1.45,16.280000686645508,0.018014215990589746,0.011802060901863656,0.01847295440316705,0.010003383500352516,0.039999999999999813,0.010000000000000009,-1.9499988555908203
2020-01-29,28.040889739990234,205.20802307128903,112.88687896728516,3273.39990234375,1.6,1.42,16.389999389648438,-0.001488654830172069,-0.006943493472523608,-0.010192800936146275,-0.0008672501435846315,-0.04999999999999982,-0.030000000000000027,0.10999870300292969
2020-01-30,28.44013977050781,208.63499450683597,114.28292846679688,3283.659912109375,1.57,1.41,15.489999771118164,0.012290956179937107,0.01413772673672984,0.01656207607790496,0.0031294569302110597,-0.030000000000000027,-0.010000000000000009,-0.8999996185302734
2020-01-31,27.88799095153809,203.1826019287109,111.31421661376952,3225.52001953125,1.51,1.33,18.84000015258789,-0.026320219896694235,-0.01960535517735136,-0.026481195789023616,-0.01786444357136295,-0.06000000000000005,-0.07999999999999985,3.3500003814697266
2020-02-03,28.006916046142575,204.25938415527344,112.16358947753906,3248.919921875,1.54,1.36,17.969999313354492,0.007601443458652948,0.0042553170028384706,0.0052855855322447385,0.007228425761232584,0.030000000000000027,0.030000000000000027,-0.8700008392333984
2020-02-04,28.559059143066406,206.76339721679688,113.77832794189452,3297.590087890625,1.61,1.41,16.049999237060547,0.014293637716402264,0.01952271243553362,0.012184453776958207,0.014869315917506062,0.07000000000000006,0.04999999999999982,-1.9200000762939453
2020-02-05,29.4849853515625,208.78024291992188,115.71260833740234,3334.68994140625,1.66,1.44,15.149999618530272,0.016857538978145525,0.031906968883723706,0.009707098582191938,0.011187778658972936,0.04999999999999982,0.030000000000000027,-0.8999996185302752
2020-02-06,29.451004028320312,206.66085815429688,115.72941589355467,3345.780029296875,1.65,1.44,14.960000038146973,0.00014524204269060712,-0.0011531604836152566,-0.010203146229471714,0.003320155057001924,-0.010000000000000009,0.0,-0.189999580383299
2020-02-07,29.40003776550293,203.396240234375,115.3593978881836,3327.7099609375,1.59,1.41,15.470000267028809,-0.0032023905920530397,-0.001732043274183354,-0.01592308441751565,-0.005415491009458352,-0.05999999999999983,-0.030000000000000027,0.5100002288818359
2020-02-10,29.467994689941406,202.8492889404297,115.8387680053711,3352.090087890625,1.56,1.37,15.039999961853027,0.004146839160967846,0.0023087897383693434,-0.002692714553873129,0.007299690120573207,-0.030000000000000027,-0.039999999999999813,-0.43000030517578125
2020-02-11,29.535951614379883,202.08013916015625,116.05741119384766,3357.75,1.59,1.41,15.18000030517578,0.0018856994886274324,0.0023034715046397936,-0.003798937058770659,0.0016870486860021178,0.030000000000000027,0.039999999999999813,0.14000034332275213
2020-02-12,29.66338348388672,203.9517059326172,116.05741119384766,3379.449951171875,1.62,1.44,13.739999771118164,0.0,0.004305185729549178,0.009218882952609347,0.006441853105203067,0.030000000000000027,0.030000000000000027,-1.4400005340576154
2020-02-13,29.65488624572754,203.69537353515625,115.95651245117188,3373.93994140625,1.61,1.44,14.149999618530272,-0.0008697646024977697,-0.0002864964961396985,-0.0012576193681081073,-0.0016317763599886593,-0.010000000000000009,0.0,0.4099998474121076
2020-02-14,29.603914260864254,202.6100006103516,115.60328674316406,3380.159912109375,1.59,1.42,13.68000030517578,-0.0030508402858454007,-0.0017203182311649684,-0.00534265887487606,0.0018418360984854144,-0.020000000000000018,-0.020000000000000018,-0.4699993133544922
2020-02-18,29.111223220825195,199.30267333984372,114.07268524169922,3370.2900390625,1.55,1.41,14.829999923706056,-0.01332855280846857,-0.016782813615469926,-0.016458311174735486,-0.0029242139861477136,-0.040000000000000036,-0.010000000000000009,1.149999618530277
2020-02-19,29.493486404418945,202.82366943359372,115.62850189208984,3386.14990234375,1.56,1.42,14.380000114440918,0.013546646948331778,0.013045661601182588,0.017512337314205515,0.004694748284284925,0.010000000000000009,0.010000000000000009,-0.4499998092651385
2020-02-20,29.603914260864254,198.8924560546875,115.62850189208984,3373.22998046875,1.52,1.39,15.5600004196167,0.0,0.0037371520142875205,-0.01957272128173691,-0.0038228174279975285,-0.040000000000000036,-0.030000000000000027,1.1800003051757812
2020-02-21,29.18766593933105,197.08921813964844,114.21562957763672,3337.75,1.46,1.34,17.079999923706055,-0.012294332700603943,-0.014160370429452215,-0.009107746633631023,-0.010573809232819777,-0.06000000000000005,-0.04999999999999982,1.5199995040893555
2020-02-24,27.803035736083984,191.89324951171875,111.14599609375,3225.889892578125,1.38,1.26,25.030000686645508,-0.027243532094625107,-0.048601006826017354,-0.026717284894227856,-0.03408807942044074,-0.08000000000000007,-0.08000000000000007,7.950000762939453
2020-02-25,26.40142059326172,185.9708251953125,106.18411254882812,3128.2099609375,1.33,1.2,27.850000381469727,-0.04567011894818152,-0.051727394819142826,-0.031349417658662934,-0.030747904375353224,-0.04999999999999982,-0.06000000000000005,2.8199996948242188
2020-02-26,26.019161224365234,184.4069061279297,106.50371551513672,3116.389892578125,1.33,1.16,27.559999465942383,0.0030053737421604568,-0.014584582295158058,-0.008445045313707279,-0.00378569732353003,0.0,-0.040000000000000036,-0.29000091552734375
2020-02-27,24.744956970214844,175.783935546875,102.07166290283205,2978.760009765625,1.3,1.11,39.15999984741211,-0.04250472793599895,-0.050211527286349325,-0.04788916037404137,-0.045168136352261155,-0.030000000000000027,-0.04999999999999982,11.600000381469727
2020-02-28,24.209796905517575,172.62832641601562,97.64801025390624,2954.219970703125,1.13,0.86,40.11000061035156,-0.04430586325999525,-0.021864327426590686,-0.01811472078254706,-0.008272463109653077,-0.17000000000000015,-0.2500000000000001,0.9500007629394531
2020-03-02,24.948835372924805,180.1088409423828,102.19783782958984,3090.22998046875,1.1,0.84,33.41999816894531,0.04554124046855833,0.030069760620897865,0.042420458900523234,0.0450108687694132,-0.029999999999999805,-0.020000000000000018,-6.69000244140625
2020-03-03,23.572694778442383,174.91549682617188,98.36286926269533,3003.3701171875,1.02,0.71,36.81999969482422,-0.038247133325161366,-0.05673810139234057,-0.029258358029259482,-0.02851048492291458,-0.08000000000000007,-0.13,3.4000015258789062
2020-03-04,24.116357803344727,179.48117065429688,100.79335021972656,3130.1201171875,1.02,0.67,31.989999771118164,0.024408995464352417,0.022801316002950434,0.025767321541522795,0.041336349360633136,0.0,-0.039999999999999925,-4.829999923706055
2020-03-05,22.89386940002441,170.92584228515625,95.84830474853516,3023.93994140625,0.92,0.59,39.619998931884766,-0.050305600588097465,-0.052021194349108714,-0.048840511970984504,-0.034510782439981125,-0.09999999999999998,-0.08000000000000007,7.629999160766602
2020-03-06,21.97914123535156,165.8184814453125,90.89483642578124,2972.3701171875,0.74,0.49,41.93999862670898,-0.053063588257594455,-0.040775284992636,-0.030336086797086638,-0.01720094365238617,-0.18000000000000005,-0.09999999999999998,2.3199996948242116
2020-03-09,18.747669219970703,148.5874481201172,78.58264923095703,2746.56005859375,0.54,0.38,54.459999084472656,-0.1455522672040082,-0.15902444151575543,-0.10972004364320442,-0.07901041294037148,-0.19999999999999996,-0.10999999999999999,12.520000457763679
2020-03-10,20.183876037597656,158.5098876953125,84.68827819824219,2882.22998046875,0.76,0.5,47.29999923706055,0.07482627271948136,0.07381463328138077,0.0646433131543946,0.048215052425859106,0.21999999999999997,0.12,-7.159999847412109
2020-03-11,19.38028717041016,147.79638671875,80.70195007324219,2741.3798828125,0.82,0.5,53.900001525878906,-0.04821446062822915,-0.04062764547520043,-0.06998141319118065,-0.05010289280860541,0.05999999999999994,0.0,6.600002288818359
2020-03-12,17.533729553222656,129.5593719482422,74.04967498779297,2480.639892578125,0.88,0.5,75.47000122070312,-0.08602658784737989,-0.10012999531468945,-0.13169631439930987,-0.09994485240247351,0.06000000000000005,0.0,21.56999969482422
2020-03-13,20.654062271118164,152.33631896972656,87.38788604736328,2711.02001953125,0.94,0.49,57.83000183105469,0.16562051786512108,0.1637855912984024,0.16195145468082592,0.08880840694923595,0.05999999999999994,-0.010000000000000009,-17.639999389648438
2020-03-16,17.47388458251953,132.98150634765625,74.31037902832031,2386.1298828125,0.73,0.36,82.69000244140625,-0.1621060366848815,-0.16720456345496817,-0.13588063286188004,-0.12765219747281742,-0.20999999999999996,-0.13,24.860000610351562
2020-03-17,18.7904109954834,136.42942810058594,78.85179138183594,2529.18994140625,1.02,0.47,75.91000366210938,0.059319399214323866,0.0726392295264673,0.025597402141231327,0.05822631263569171,0.29000000000000004,0.10999999999999999,-6.779998779296875
2020-03-18,17.773099899291992,120.39358520507812,70.5511245727539,2398.10009765625,1.18,0.54,76.44999694824219,-0.11123241375415052,-0.055660613674835276,-0.12504121824926046,-0.053222272332080246,0.15999999999999992,0.07000000000000006,0.5399932861328125
2020-03-19,18.123598098754883,128.5361785888672,71.73693084716797,2409.389892578125,1.12,0.44,72.0,0.016668071323817358,0.0195287788659337,0.06544415771969776,0.004696760970401053,-0.05999999999999983,-0.10000000000000003,-4.4499969482421875
2020-03-20,16.815622329711914,119.00926208496094,70.22315216064453,2304.919921875,0.92,0.37,66.04000091552734,-0.02132763006021474,-0.0749064965761613,-0.07700908741799356,-0.04432762405336681,-0.20000000000000007,-0.07,-5.959999084472656
2020-03-23,15.456350326538086,116.05142211914062,66.4638900756836,2237.39990234375,0.76,0.28,61.59000015258789,-0.055019265717187064,-0.08428841162983318,-0.025167935718384916,-0.02973150100957679,-0.16000000000000003,-0.08999999999999997,-4.450000762939453
2020-03-24,17.978271484375,132.0701141357422,74.36924743652344,2447.330078125,0.84,0.38,61.66999816894531,0.11238372168344872,0.15114394569137618,0.12929956225069,0.08968323251796326,0.07999999999999996,0.09999999999999998,0.07999801635742188
2020-03-25,18.038108825683597,133.38565063476562,77.14454650878906,2475.56005859375,0.88,0.34,63.95000076293945,0.03663837396802617,0.0033227879008604767,0.009911611978045626,0.011468990420822226,0.040000000000000036,-0.03999999999999998,2.2800025939941406
2020-03-26,19.42302894592285,142.5514373779297,82.51852416992188,2630.070068359375,0.83,0.3,61.0,0.06734191407809965,0.07397274427991389,0.0664583373926931,0.06054383107424656,-0.050000000000000044,-0.040000000000000036,-2.950000762939453
2020-03-27,18.465553283691406,136.14569091796875,76.63995361328125,2541.469970703125,0.72,0.25,65.54000091552734,-0.07390427512158813,-0.050552409369256555,-0.04597732953273093,-0.0342678455416263,-0.10999999999999999,-0.04999999999999999,4.540000915527344
2020-03-30,18.841703414916992,137.24627685546875,78.63311004638672,2626.64990234375,0.7,0.23,57.08000183105469,0.02567432973713888,0.02016566809488829,0.00805138418582283,0.032966590569974794,-0.020000000000000018,-0.01999999999999999,-8.459999084472656
2020-03-31,18.149250030517575,132.92132568359375,75.71485900878906,2584.590087890625,0.7,0.23,53.540000915527344,-0.03781842886849657,-0.03744344064105773,-0.03201953630399181,-0.016142310788415843,0.0,0.0,-3.5400009155273438
2020-04-01,16.901111602783203,124.92487335205078,70.94640350341797,2470.5,0.62,0.23,57.060001373291016,-0.06504971753417046,-0.0712498441459561,-0.06204487354371459,-0.04514636273278691,-0.07999999999999996,0.0,3.520000457763672
2020-04-02,17.58502197265625,128.91452026367188,73.59552764892578,2526.89990234375,0.63,0.23,50.90999984741211,0.03665954650671598,0.03966812035792506,0.03143700767015362,0.022572657056960366,0.010000000000000009,0.0,-6.150001525878906
2020-04-03,17.123384475708008,126.33501434326172,71.42021942138672,2488.64990234375,0.62,0.23,46.79999923706055,-0.030003243819259683,-0.026602472923144344,-0.020212328635058497,-0.015252860825944299,-0.010000000000000009,0.0,-4.1100006103515625
2020-04-06,18.286027908325195,136.05108642578125,76.01728820800781,2663.679931640625,0.67,0.27,45.2400016784668,0.062379776408979154,0.06569222344043418,0.07409322821341105,0.06796824414483035,0.050000000000000044,0.04000000000000001,-1.55999755859375
2020-04-07,18.927188873291016,142.74920654296875,77.01997375488281,2659.409912109375,0.75,0.28,46.70000076293945,0.013103996790887095,0.034462187093283976,0.04805883946628508,-0.001604339048362459,0.07999999999999996,0.010000000000000009,1.4599990844726562
2020-04-08,20.047094345092773,152.1557159423828,80.13001251220703,2749.97998046875,0.77,0.27,43.34999847412109,0.039585684309277565,0.057484769759304034,0.06381515329525055,0.033489371191284686,0.020000000000000018,-0.010000000000000009,-3.3500022888183665
2020-04-09,21.252490997314453,158.43252563476562,87.31875610351562,2789.820068359375,0.73,0.23,41.66999816894531,0.08591481437710005,0.05838988909698749,0.04042435345663052,0.014383470303699339,-0.040000000000000036,-0.04000000000000001,-1.6800003051757741
2020-04-13,20.44889259338379,154.06455993652344,83.43547821044922,2761.6298828125,0.76,0.25,41.16999816894531,-0.04549166920055178,-0.03854538279356287,-0.027957061972200895,-0.01015605944467711,0.030000000000000027,0.01999999999999999,-0.5
2020-04-14,20.286466598510746,153.24771118164062,81.14968872070312,2846.06005859375,0.76,0.23,37.7599983215332,-0.027778159012972935,-0.007974735409406276,-0.005316095420777354,0.03011455957230757,0.0,-0.01999999999999999,-3.4099998474121094
2020-04-15,18.969934463500977,153.49708557128906,77.1474380493164,2783.360107421875,0.63,0.2,40.84000015258789,-0.05057708724166173,-0.06709866450369013,0.0016259408291656031,-0.022276732672369248,-0.13,-0.03,3.0800018310546875
2020-04-16,18.31167984008789,152.2245330810547,74.20736694335938,2799.550048828125,0.61,0.2,40.11000061035156,-0.03885494066488142,-0.03531623031174854,-0.008324958145575191,0.0057998378395412884,-0.020000000000000018,0.0,-0.7299995422363281
2020-04-17,19.901762008666992,157.7704315185547,80.8777847290039,2874.56005859375,0.65,0.2,38.150001525878906,0.08607575453943779,0.08326917207490363,0.035784389182036136,0.026440932021320578,0.040000000000000036,0.0,-1.9599990844726562
2020-04-20,19.23495101928711,155.11358642578125,77.92919921875,2823.159912109375,0.63,0.2,43.83000183105469,-0.037138472580625706,-0.03407928119566648,-0.016983347186040422,-0.018042845615347775,-0.020000000000000018,0.0,5.680000305175781
2020-04-21,18.4997501373291,149.44725036621094,75.66889190673828,2736.56005859375,0.58,0.2,45.40999984741211,-0.029433575314688293,-0.038971763861409846,-0.037214173983024144,-0.031155115236330667,-0.050000000000000044,0.0,1.5799980163574219
2020-04-22,18.636533737182617,151.31312561035156,75.91531372070312,2799.31005859375,0.63,0.22,41.97999954223633,0.0032512890115355417,0.007366607756649857,0.012407879039880065,0.02267130058213675,0.050000000000000044,0.01999999999999999,-3.4300003051757812
2020-04-23,18.69637680053711,150.5134735107422,75.95779418945312,2797.800048828125,0.61,0.22,41.380001068115234,0.0005594205642120138,0.0032059174464385788,-0.005298764077894027,-0.0005395676601955963,-0.020000000000000018,0.0,-0.5999984741210938
2020-04-24,18.961389541625977,152.19012451171875,77.0794448852539,2836.739990234375,0.6,0.22,35.93000030517578,0.014658795304488919,0.014075031096038342,0.011077953209623253,0.013822090566839217,-0.010000000000000009,0.0,-5.450000762939453
2020-04-27,20.06418800354004,157.8134307861328,80.40193176269531,2878.47998046875,0.67,0.24,33.290000915527344,0.042201561075269414,0.05653175239711775,0.03628295912327687,0.014606868181735996,0.07000000000000006,0.01999999999999999,-2.6399993896484375
2020-04-28,20.423242568969727,160.7970733642578,80.97123718261719,2863.389892578125,0.62,0.2,33.56999969482422,0.007055792304369956,0.017737059310249974,0.018729638605173904,-0.005256170190483643,-0.050000000000000044,-0.03999999999999998,0.279998779296875
2020-04-29,21.18409538269043,163.3937530517578,83.1550521850586,2939.510009765625,0.63,0.2,31.229999542236328,0.02661296858575097,0.03657708841690028,0.01601979456948252,0.02623670404507307,0.010000000000000009,0.0,-2.3400001525878906
2020-04-30,20.560028076171875,157.71023559570312,81.37062072753906,2912.429931640625,0.64,0.2,34.150001525878906,-0.021692680549212726,-0.02990187616755284,-0.03540355332540501,-0.009255143319054839,0.010000000000000009,0.0,2.920001983642578
2020-05-01,19.73078727722168,152.27615356445312,79.23777770996094,2830.7099609375,0.64,0.2,37.18999862670898,-0.02656110675279918,-0.0411685843747079,-0.035063725124338134,-0.028460211014775954,0.0,0.0,3.039997100830071
2020-05-04,19.60255241394043,151.35614013671875,78.29458618164062,2842.739990234375,0.64,0.19,35.970001220703125,-0.011974717774171317,-0.00652043882493766,-0.0060600684604307795,0.0042408225788494016,0.0,-0.010000000000000009,-1.2199974060058523
2020-05-05,19.371728897094727,153.3079071044922,78.17562103271484,2868.43994140625,0.66,0.19,33.61000061035156,-0.0015206111625580122,-0.011845053090806749,0.012812760065755685,0.008999935197779802,0.020000000000000018,0.0,-2.3600006103515625
2020-05-06,19.10672187805176,152.12136840820312,76.70558166503906,2848.419921875,0.72,0.17,34.119998931884766,-0.01898336903514936,-0.013774525940621316,-0.0077696852298970945,-0.007003880399042588,0.05999999999999994,-0.01999999999999999,0.5099983215332031
2020-05-07,19.525615692138672,156.76449584960938,77.50432586669922,2881.18994140625,0.63,0.13,31.440000534057617,0.010359274024678728,0.021687024829286975,0.030065974143349487,0.011438955754890805,-0.08999999999999997,-0.04000000000000001,-2.6799983978271484
2020-05-08,20.149681091308597,159.40415954589844,78.77043151855469,2929.800048828125,0.69,0.16,27.979999542236328,0.01620393947324705,0.031461232776575775,0.01669820828711051,0.016730795065226244,0.05999999999999994,0.03,-3.460000991821289
2020-05-11,19.303346633911133,157.4866943359375,76.45064544677734,2930.18994140625,0.73,0.17,27.56999969482422,-0.02989231683929857,-0.04290997993392657,-0.012101886743557852,0.0001330693667907644,0.040000000000000036,0.010000000000000009,-0.4099998474121094
2020-05-12,18.69637680053711,152.3707275390625,73.95244598388672,2870.1201171875,0.69,0.17,33.040000915527344,-0.03322311027544761,-0.0319487304936162,-0.033024426002119495,-0.020713365772047604,-0.040000000000000036,0.0,5.470001220703125
2020-05-13,17.841489791870117,147.7190399169922,71.4032211303711,2820.0,0.64,0.16,35.279998779296875,-0.0350792825962023,-0.04680311892772,-0.031004457668315208,-0.017616996624280044,-0.04999999999999993,-0.010000000000000009,2.2399978637695312
2020-05-14,18.559593200683597,149.99755859375,74.36882019042969,2852.5,0.63,0.16,32.61000061035156,0.04069378833838086,0.03946017687311312,0.015306927302296422,0.01145891780407149,-0.010000000000000009,0.0,-2.6699981689453125
2020-05-15,18.328771591186523,147.77920532226562,72.99222564697266,2863.699951171875,0.64,0.16,31.88999938964844,-0.018683833046661227,-0.012514765747193618,-0.014899714013729328,0.003918675203723029,0.010000000000000009,0.0,-0.7200012207031214
2020-05-18,19.60255241394043,156.3861083984375,76.8585205078125,2953.909912109375,0.73,0.18,29.299999237060547,0.05161339827826071,0.06718773965490829,0.056608699276132844,0.031015208770073424,0.08999999999999997,0.01999999999999999,-2.590000152587894
2020-05-19,18.987030029296875,152.90380859375,75.34599304199219,2922.93994140625,0.7,0.17,30.530000686645508,-0.01987559005319175,-0.03190366692748411,-0.02251898150971223,-0.010539747711599283,-0.030000000000000027,-0.009999999999999981,1.230001449584961
2020-05-20,19.585453033447266,156.00779724121094,77.60628509521484,2971.610107421875,0.68,0.16,27.989999771118164,0.029557671688942844,0.031030982472985472,0.020096966641093363,0.0165139906134157,-0.019999999999999907,-0.010000000000000009,-2.5400009155273438
2020-05-21,19.576902389526367,154.85562133789062,76.62059020996094,2948.510009765625,0.68,0.17,29.530000686645508,-0.012782575081953384,-0.0004366766995714185,-0.0074127807287323036,-0.007803968309953686,0.0,0.010000000000000009,1.5400009155273438
2020-05-22,19.371728897094727,154.70945739746094,76.02578735351562,2955.449951171875,0.66,0.17,28.15999984741211,-0.007793252304726981,-0.010535691936736646,-0.0009443180858024583,0.002350945686812366,-0.020000000000000018,0.0,-1.3700008392333984
2020-05-26,20.75665283203125,168.57855224609375,81.42157745361328,2991.77001953125,0.69,0.18,28.01000022888184,0.06856772714617428,0.06905208383261097,0.08585293709712126,0.01221428502146052,0.029999999999999916,0.009999999999999981,-0.14999961853026988
2020-05-27,22.2099609375,180.2722320556641,86.13761901855469,3036.1298828125,0.68,0.19,27.6200008392334,0.05630592124598919,0.06767406542420802,0.06706628207542932,0.014718447490314346,-0.009999999999999898,0.010000000000000009,-0.38999938964844105
2020-05-28,21.252490997314453,173.01522827148438,84.85453033447266,3029.72998046875,0.7,0.17,28.59000015258789,-0.01500785588069825,-0.044066767221627785,-0.041088493359438864,-0.0021101393249195488,0.019999999999999907,-0.01999999999999999,0.9699993133544922
2020-05-29,20.61986923217773,170.00433349609375,82.68770599365234,3044.31005859375,0.65,0.16,27.51000022888184,-0.025867449426259917,-0.030218975130082485,-0.017555687435633887,0.004800793552307952,-0.04999999999999993,-0.010000000000000009,-1.0799999237060511
2020-06-01,21.03876495361328,172.98065185546875,83.78385162353516,3055.72998046875,0.66,0.14,28.229999542236328,0.013169354426004986,0.02011154945002793,0.017355821378743055,0.003744216478364391,0.010000000000000009,-0.01999999999999999,0.7199993133544886
2020-06-02,21.23538589477539,176.62319946289062,84.06427764892578,3080.820068359375,0.68,0.17,26.84000015258789,0.0033414287966455993,0.009302249958677886,0.020838897571366203,0.008177307282398658,0.020000000000000018,0.03,-1.3899993896484375
2020-06-03,22.218507766723636,182.1864471435547,88.60185241699219,3122.8701171875,0.77,0.19,25.65999984741211,0.05257104870787969,0.04525668856122365,0.031011950727231022,0.01355667081256392,0.08999999999999997,0.01999999999999999,-1.1800003051757812
2020-06-04,23.05353355407715,185.86355590820312,90.44580841064452,3112.35009765625,0.82,0.19,25.809999465942383,0.020598104226511035,0.03689343247642985,0.019982236576583493,-0.003374389083608904,0.04999999999999993,0.0,0.14999961853027344
2020-06-05,24.198463439941406,188.54574584960935,94.51604461669922,3193.929931640625,0.91,0.22,24.520000457763672,0.0440187351316888,0.04847007970989078,0.014327826864695605,0.025874012821635813,0.09000000000000008,0.03,-1.289999008178711
2020-06-08,24.568626403808597,191.04611206054688,96.4024429321289,3232.389892578125,0.88,0.22,25.809999465942383,0.01976193852333215,0.015181142619925656,0.01317416231173816,0.011969656405806002,-0.030000000000000027,0.0,1.289999008178711
2020-06-09,24.29315185546875,188.70147705078125,93.92969512939452,3207.179931640625,0.84,0.2,27.56999969482422,-0.02598496463518449,-0.01127578556807339,-0.012348543457233433,-0.007829743419721978,-0.040000000000000036,-0.01999999999999999,1.760000228881836
2020-06-10,22.89858055114746,184.7388153076172,90.12287902832033,3190.139892578125,0.75,0.17,27.56999969482422,-0.041372516617973115,-0.05911957000833722,-0.021223261463212857,-0.005327255735182077,-0.08999999999999997,-0.03,0.0
2020-06-11,20.60011482238769,167.9624481201172,82.60272216796875,3002.10009765625,0.66,0.19,40.790000915527344,-0.08713142564927161,-0.10577827429069897,-0.0952025870650634,-0.06075269299628893,-0.08999999999999997,0.01999999999999999,13.220001220703125
2020-06-12,21.33183479309082,174.58128356933594,84.863037109375,3041.31005859375,0.71,0.19,36.09000015258789,0.02699599276735479,0.03490389846814758,0.03865001028397291,0.012976286605211731,0.04999999999999993,0.0,-4.700000762939453
2020-06-15,21.650346755981445,178.5006866455078,86.03565979003906,3066.590087890625,0.71,0.19,34.400001525878906,0.01372323025194099,0.014820922612334067,0.022202006358159016,0.00827786081817526,0.0,0.0,-1.6899986267089844
2020-06-16,22.209896087646484,181.3385009765625,86.72394561767578,3124.739990234375,0.75,0.21,33.66999816894531,0.007968175983256946,0.025516488503439065,0.01577300784844529,0.018784852866710527,0.040000000000000036,0.01999999999999999,-0.7300033569335938
2020-06-17,21.52122688293457,178.39683532714844,84.5316390991211,3113.489990234375,0.74,0.19,33.470001220703125,-0.02560414352383724,-0.031498214308953915,-0.01635497502331635,-0.0036067962326294138,-0.010000000000000009,-0.01999999999999999,-0.1999969482421875
2020-06-18,21.55565643310547,176.36358642578125,84.0727767944336,3115.340087890625,0.71,0.19,32.939998626708984,-0.005443077337581806,0.0015985166452112726,-0.011462784684792707,0.0005940434038017573,-0.030000000000000027,0.0,-0.5300025939941406
2020-06-19,21.73643493652344,174.45150756835938,83.11257934570312,3097.739990234375,0.7,0.19,35.119998931884766,-0.011486747747252845,0.008351620282868486,-0.010900886674337308,-0.005665513565673728,-0.010000000000000009,0.0,2.1800003051757812
2020-06-22,21.19410514831543,176.00022888183594,82.21185302734375,3117.860107421875,0.71,0.19,31.770000457763672,-0.010896577326825101,-0.025266797914704025,0.008838486070443808,0.006474093296658384,0.010000000000000009,0.0,-3.3499984741210938
2020-06-23,21.34043884277344,177.1768798828125,83.21453857421875,3131.2900390625,0.72,0.18,31.3700008392334,0.012122585960437582,0.006880726020158095,0.006663259454171957,0.004298169191483789,0.010000000000000009,-0.010000000000000009,-0.39999961853027344
2020-06-24,20.496810913085938,171.32809448242188,80.43590545654297,3050.330078125,0.69,0.19,33.84000015258789,-0.033961413264286734,-0.0403345011632975,-0.03356815558772933,-0.0261952655956623,-0.030000000000000027,0.010000000000000009,2.469999313354492
2020-06-25,21.280187606811523,179.1842041015625,83.24005126953125,3083.760009765625,0.68,0.17,32.220001220703125,0.03426795567367575,0.03750717171662689,0.04483395053227729,0.01089982772821816,-0.009999999999999898,-0.01999999999999999,-1.6199989318847656
2020-06-26,19.928651809692383,163.68829345703125,78.67696380615234,3009.050048828125,0.64,0.17,34.72999954223633,-0.056378213817147194,-0.06561799488490687,-0.0904503802555502,-0.024525204274831163,-0.040000000000000036,0.0,2.509998321533203
2020-06-29,20.135255813598636,167.39144897460938,79.02533721923828,3053.239990234375,0.64,0.16,31.780000686645508,0.004418121707828019,0.010313813485181771,0.022371105711013993,0.01457888811353358,0.0,-0.010000000000000009,-2.9499988555908203
2020-06-30,20.445158004760746,170.9820556640625,79.92606353759766,3100.2900390625,0.66,0.16,30.43000030517578,0.01133347621223419,0.015273782926046014,0.02122353800279253,0.015292349435755562,0.020000000000000018,0.0,-1.3500003814697266
2020-07-01,20.023345947265625,170.9387664794922,79.24627685546875,3115.860107421875,0.69,0.17,28.6200008392334,-0.008541569640281054,-0.02084719191504579,-0.0002532117496104192,0.005009563975870565,0.029999999999999916,0.010000000000000009,-1.8099994659423828
2020-07-02,20.04917335510254,170.7916717529297,79.50370025634766,3130.010009765625,0.68,0.16,27.68000030517578,0.003243132770056728,0.0012890335752679812,-0.000860881672746921,0.0045309704768169146,-0.009999999999999898,-0.010000000000000009,-0.9400005340576172
2020-07-06,20.3676815032959,179.40911865234375,81.51143646240234,3179.719970703125,0.69,0.16,27.940000534057617,0.024939770412136804,0.015761480849762345,0.049224257004445854,0.01575693083216329,0.009999999999999898,0.0,0.26000022888183594
2020-07-07,19.808128356933597,172.48748779296875,79.21195220947266,3145.320068359375,0.65,0.16,29.43000030517578,-0.028616135924166147,-0.02785702804405169,-0.03934407763420446,-0.010877477869643567,-0.039999999999999925,0.0,1.489999771118164
2020-07-08,19.88560676574707,174.98794555664062,80.05282592773438,3169.93994140625,0.67,0.16,28.07999992370605,0.010559541682415076,0.003903815399085518,0.01439238971037787,0.007796986263430269,0.020000000000000018,0.0,-1.3500003814697301
2020-07-09,19.60152816772461,170.29852294921875,78.31964111328125,3152.050048828125,0.62,0.16,29.26000022888184,-0.021888324953322432,-0.01438866099728892,-0.027164174614801705,-0.005659591476194623,-0.050000000000000044,0.0,1.1800003051757884
2020-07-10,20.677589416503903,177.85174560546875,82.60110473632812,3185.0400390625,0.65,0.16,27.290000915527344,0.05322463907010345,0.053442945974615165,0.04339739898697762,0.010411809774443004,0.030000000000000027,0.0,-1.9699993133544957
2020-07-13,20.82393264770508,180.72422790527344,83.7851791381836,3155.219970703125,0.64,0.16,32.189998626708984,0.014233076950954573,0.007052456415072906,0.016021953279893038,-0.009406645216058874,-0.010000000000000009,0.0,4.899997711181641
2020-07-14,20.780893325805664,185.16275024414065,84.26567840576172,3197.52001953125,0.63,0.14,29.520000457763672,0.0057185138358291365,-0.002068958888549629,0.024262902721583254,0.01331730058290395,-0.010000000000000009,-0.01999999999999999,-2.6699981689453125
2020-07-15,21.1768798828125,187.66319274902344,85.56986999511719,3226.56005859375,0.64,0.16,27.76000022888184,0.015358589391624683,0.018876040567304183,0.013413658802627366,0.009041056936355048,0.010000000000000009,0.01999999999999999,-1.7600002288818324
2020-07-16,20.60011482238769,185.7337951660156,85.8100814819336,3215.570068359375,0.62,0.16,28.0,0.002803264233072852,-0.02761336532432292,-0.010334388423014774,-0.0034119152141152374,-0.020000000000000018,0.0,0.2399997711181605
2020-07-17,19.988908767700195,182.9132080078125,84.22278594970703,3224.72998046875,0.64,0.14,25.68000030517578,-0.018670997762788473,-0.030119091569481442,-0.015302672613815878,0.0028445625875835605,0.020000000000000018,-0.01999999999999999,-2.3199996948242188
2020-07-20,20.298816680908203,183.1727752685547,83.48487091064453,3251.840087890625,0.62,0.16,24.459999084472656,-0.008800072876355326,0.015385034655009646,0.0014180674273099876,0.008371797255140334,-0.020000000000000018,0.01999999999999999,-1.220001220703125
2020-07-21,21.021928787231445,183.4409942626953,85.2953109741211,3257.300048828125,0.61,0.14,24.84000015258789,0.021454053249960487,0.035003528092209864,0.0014632240482339916,0.0016776293345600682,-0.010000000000000009,-0.01999999999999999,0.3800010681152344
2020-07-22,20.92723655700684,178.232421875,84.67752838134766,3276.02001953125,0.6,0.14,24.31999969482422,-0.007269223900707323,-0.004514625751479566,-0.028804619207901127,0.005730630594473862,-0.010000000000000009,0.0,-0.5200004577636719
2020-07-23,21.125228881835938,175.65414428710938,84.92633819580078,3235.659912109375,0.59,0.16,26.07999992370605,0.0029340132151820376,0.009416512719089524,-0.014571466985364845,-0.012396378412246847,-0.010000000000000009,0.01999999999999999,1.7600002288818324
2020-07-24,20.961668014526367,174.3130645751953,84.32572174072266,3215.6298828125,0.59,0.14,25.84000015258789,-0.007097331358856905,-0.007772570695486954,-0.007664068188687938,-0.006209640024276134,0.0,-0.01999999999999999,-0.2399997711181605
2020-07-27,20.780893325805664,175.65414428710938,83.14166259765625,3239.409912109375,0.62,0.15,24.739999771118164,-0.014141008756456014,-0.008661462692842382,0.007664068188687978,0.007367928821482373,0.030000000000000027,0.009999999999999981,-1.1000003814697266
2020-07-28,20.970277786254883,174.44281005859375,83.50202941894531,3218.43994140625,0.59,0.14,25.440000534057617,0.0043250047891976034,0.009072117227712539,-0.006920020567868103,-0.006494435418646306,-0.030000000000000027,-0.009999999999999981,0.7000007629394531
2020-07-29,21.75365257263184,175.2734375,85.5269546508789,3258.43994140625,0.58,0.12,24.100000381469727,0.023960649353652417,0.03667558614212457,0.004750302619086301,0.012351783351742583,-0.010000000000000009,-0.020000000000000018,-1.3400001525878906
2020-07-30,21.38348197937012,172.63455200195312,83.24462127685547,3246.219970703125,0.55,0.11,24.76000022888184,-0.02704806784735956,-0.017162923949379332,-0.01517031046448054,-0.0037573017634548516,-0.029999999999999916,-0.009999999999999995,0.6599998474121129
2020-07-31,21.417919158935547,171.27622985839844,82.91858673095703,3271.1201171875,0.55,0.11,24.459999084472656,-0.003924273829522644,0.0016091616666996141,-0.007899311556186003,0.0076412362421762695,0.0,0.0,-0.30000114440918324
2020-08-03,21.51261329650879,172.513427734375,82.45525360107422,3294.610107421875,0.56,0.11,24.280000686645508,-0.005603478050704502,0.0044115125404131945,0.0071974429104937065,0.007155362664358673,0.010000000000000009,0.0,-0.17999839782714844
2020-08-04,21.529830932617188,174.46017456054688,81.98336029052734,3306.510009765625,0.52,0.11,23.76000022888184,-0.005739462219749386,0.0008000306365079686,0.011221414200610074,0.003605423026133557,-0.040000000000000036,0.0,-0.5200004577636683
2020-08-05,21.856952667236328,176.95193481445312,83.40766143798828,3327.77001953125,0.55,0.11,22.989999771118164,0.017223865524045895,0.015079612096858614,0.014181651394662032,0.006409160435517922,0.030000000000000027,0.0,-0.7700004577636754
2020-08-06,21.92582130432129,176.71835327148438,83.43338012695312,3349.159912109375,0.55,0.11,22.649999618530277,0.00030830170954715224,0.003145926474565477,-0.001320900198855896,0.006407126020664802,0.0,0.0,-0.3400001525878871
2020-08-07,22.476762771606445,180.1964874267578,85.26956176757812,3351.280029296875,0.57,0.13,22.209999084472656,0.02176908277031749,0.024817012559185225,0.01949061157023963,0.0006328292699566697,0.019999999999999907,0.020000000000000004,-0.44000053405762074
2020-08-10,22.864145278930664,181.15684509277344,86.35065460205078,3360.469970703125,0.59,0.14,22.1299991607666,0.012598831973419072,0.017087965380304156,0.0053153511572575874,0.0027384652733919213,0.020000000000000018,0.010000000000000009,-0.07999992370605469
2020-08-11,23.174055099487305,182.6103515625,89.07913208007812,3333.68994140625,0.64,0.16,24.030000686645508,0.031108713826741324,0.013463363000217145,0.007991452877345186,-0.008001055401377298,0.050000000000000044,0.01999999999999999,1.9000015258789062
2020-08-12,23.01049423217773,183.5361785888672,88.32408142089844,3380.35009765625,0.69,0.16,22.280000686645508,-0.008512305989055793,-0.0070829553810901,0.005057150202322415,0.013899502293613534,0.04999999999999993,0.0,-1.75
2020-08-13,22.68336296081543,180.30032348632807,87.83502197265625,3373.429931640625,0.71,0.16,22.1299991607666,-0.005552488577663179,-0.014318636270536459,-0.017787882220205595,-0.002049272676156681,0.020000000000000018,0.0,-0.15000152587890625
2020-08-14,22.786666870117188,179.93692016601562,87.86934661865234,3372.85009765625,0.71,0.14,22.049999237060547,0.00039070908376318903,0.004543831944852496,-0.0020175784152750573,-0.00017189739627902921,0.0,-0.01999999999999999,-0.07999992370605469
2020-08-17,22.295976638793945,175.69737243652344,85.55268096923828,3381.989990234375,0.69,0.14,21.350000381469727,-0.02671867582120269,-0.021769336104329334,-0.023843305696288078,0.002706177507423456,-0.020000000000000018,0.0,-0.6999988555908203
2020-08-18,21.977466583251957,174.1746368408203,84.36005401611328,3389.780029296875,0.67,0.14,21.51000022888184,-0.014038341971024748,-0.014388560159548026,-0.008704584362811744,0.0023007404198168474,-0.019999999999999907,0.0,0.15999984741211293
2020-08-19,21.951644897460938,175.65414428710938,84.55741882324219,3374.85009765625,0.68,0.14,22.540000915527344,0.002336820384822808,-0.0011756071495444167,0.008458516549954262,-0.004414123345182018,0.010000000000000009,0.0,1.0300006866455043
2020-08-20,21.60730743408203,174.64183044433594,83.54496002197266,3385.510009765625,0.65,0.13,22.71999931335449,-0.012045885974888702,-0.015810510483756767,-0.005779779009153248,0.0031536547683461333,-0.030000000000000027,-0.010000000000000009,0.17999839782714488
2020-08-21,21.504003524780277,175.1436767578125,83.50202941894531,3397.159912109375,0.64,0.16,22.540000915527344,-0.0005139943451381963,-0.0047924363570928325,0.0028694536936708297,0.0034351999829724668,-0.010000000000000009,0.03,-0.17999839782714488
2020-08-24,22.11520767211914,179.39181518554688,85.8530044555664,3431.280029296875,0.65,0.14,22.3700008392334,0.027765647321521533,0.028026373577488304,0.023965678191187344,0.009993615364903508,0.010000000000000009,-0.01999999999999999,-0.1700000762939453
2020-08-25,22.38206672668457,178.232421875,86.23050689697266,3443.6201171875,0.69,0.15,22.030000686645508,0.004387440074928357,0.011994543825910831,-0.006483885890340107,0.003589899745540117,0.039999999999999925,0.009999999999999981,-0.3400001525878906
2020-08-26,22.003293991088867,179.2880096435547,85.02072143554688,3478.72998046875,0.69,0.16,23.270000457763672,-0.0141290150013379,-0.01706787663885517,0.005905065796738025,0.010144001344841499,0.0,0.010000000000000009,1.239999771118164
2020-08-27,22.425111770629883,181.82302856445312,87.8178482055664,3484.550048828125,0.74,0.16,24.46999931335449,0.032369754130432915,0.018989223111937924,0.014040338271558464,0.0016716460318091384,0.050000000000000044,0.0,1.1999988555908168
2020-08-28,22.640323638916016,179.71192932128906,88.17823028564453,3508.010009765625,0.74,0.14,22.959999084472656,0.004095347883404346,0.00955115610795306,-0.011678667258517782,0.006710002849570254,0.0,-0.01999999999999999,-1.5100002288818324
2020-08-31,22.15825080871582,178.3279266357422,85.96453094482422,3500.31005859375,0.72,0.14,26.40999984741211,-0.025425330082552444,-0.021522624099089675,-0.0077310363965104635,-0.002197375175508541,-0.020000000000000018,0.0,3.450000762939453
2020-09-01,22.13242530822754,178.84152221679688,85.9216537475586,3526.64990234375,0.68,0.13,26.1200008392334,-0.0004989022035914395,-0.0011661823968070445,0.0028759231042720644,0.007496831420705943,-0.039999999999999925,-0.010000000000000009,-0.28999900817871094
2020-09-02,22.399288177490234,182.828125,87.21723175048828,3580.840087890625,0.66,0.14,26.56999969482422,0.014966045107042383,0.011985438823417694,0.022046440917132506,0.01524905014386973,-0.020000000000000018,0.010000000000000009,0.4499988555908203
2020-09-03,22.24325561523437,180.66943359375,86.94268798828125,3455.06005859375,0.63,0.13,33.599998474121094,-0.003152780387509302,-0.006990336319311374,-0.011877476110467213,-0.0357575941421853,-0.030000000000000027,-0.010000000000000009,7.029998779296875
2020-09-04,23.006078720092773,183.6114959716797,88.82172393798828,3426.9599609375,0.72,0.14,30.75,0.02138211619790018,0.033719628941927544,0.016153062702217447,-0.008166280754275102,0.08999999999999997,0.010000000000000009,-2.8499984741210938
2020-09-08,22.08722305297852,176.24757385253906,85.73287200927734,3331.840087890625,0.69,0.14,31.459999084472656,-0.03539493625755707,-0.04075917425228525,-0.04093241422906679,-0.02814882908646679,-0.030000000000000027,0.0,0.7099990844726562
2020-09-09,22.11322784423828,176.02127075195312,86.5479965209961,3398.9599609375,0.71,0.14,28.809999465942383,0.009462810365139506,0.0011766755194727377,-0.0012848319411933368,0.019944760662180386,0.020000000000000018,0.0,-2.6499996185302734
2020-09-10,21.7924919128418,174.09754943847656,85.65567016601562,3339.18994140625,0.68,0.14,29.709999084472656,-0.01036370896084964,-0.01461047164996447,-0.010989073203187316,-0.017741245925395586,-0.029999999999999916,0.0,0.8999996185302734
2020-09-11,22.10455894470215,174.88970947265625,86.7196044921875,3340.969970703125,0.67,0.13,26.8700008392334,0.01234455276892501,0.014218371534751653,0.004539772581698114,0.0005329301580873496,-0.010000000000000009,-0.010000000000000009,-2.839998245239258
2020-09-14,22.321271896362305,175.25527954101562,87.92082214355469,3383.5400390625,0.68,0.14,25.850000381469727,0.013756684157120539,0.009756246153549324,0.002088107570631466,0.012661335025022992,0.010000000000000009,0.010000000000000009,-1.0200004577636719
2020-09-15,21.913854598999023,172.34803771972656,85.18376159667969,3401.199951171875,0.68,0.14,25.59000015258789,-0.03162583701086749,-0.018421053605919488,-0.016727743770056674,0.005205785930499657,0.0,0.0,-0.26000022888183594
2020-09-16,22.191246032714844,174.68080139160156,85.54411315917969,3385.489990234375,0.69,0.14,26.040000915527344,0.00422136218979084,0.012578821374176066,0.013444408916619459,-0.0046296468921518345,0.009999999999999898,0.0,0.4500007629394531
2020-09-17,21.974533081054688,169.58865356445312,84.56597900390625,3357.010009765625,0.69,0.13,26.459999084472656,-0.011500139973210283,-0.009813692649922616,-0.029584496409649153,-0.008447949528552457,0.0,-0.010000000000000009,0.4199981689453125
2020-09-18,21.853178024291992,169.61480712890625,84.38578033447266,3319.469970703125,0.7,0.14,25.82999992370605,-0.0021331383404206185,-0.005537837310750457,0.00015420576459620512,-0.011245576947828505,0.010000000000000009,0.010000000000000009,-0.6299991607666051
2020-09-21,21.211708068847656,168.8662109375,81.77742004394531,3281.06005859375,0.68,0.14,27.780000686645508,-0.031397741037815015,-0.0297930616682536,-0.004423275587085294,-0.011638564027297718,-0.019999999999999907,0.0,1.9500007629394567
2020-09-22,20.75228309631348,166.7945556640625,80.88507843017578,3315.570068359375,0.68,0.13,26.86000061035156,-0.010971804488837073,-0.021897027270936432,-0.012343900656091979,0.010463016398376152,0.0,-0.010000000000000009,-0.9200000762939489
2020-09-23,20.16282844543457,162.00711059570312,79.57233428955078,3236.919921875,0.68,0.14,28.57999992370605,-0.01636288917047587,-0.028815536127181005,-0.02912262265304881,-0.02400733891437413,0.0,0.010000000000000009,1.7199993133544922
2020-09-24,20.2321720123291,169.83241271972656,79.50370025634766,3246.590087890625,0.67,0.14,28.51000022888184,-0.0008629085790056879,0.0034332780900469223,0.047171916456217454,0.0029830055546290505,-0.010000000000000009,0.0,-0.06999969482421164
2020-09-25,20.36220359802246,169.693115234375,80.19868469238281,3298.4599609375,0.66,0.12,26.3799991607666,0.008703549711482766,0.006406406230819479,-0.0008205420900547242,0.015850439224188495,-0.010000000000000009,-0.020000000000000018,-2.130001068115238
2020-09-28,20.882308959960938,173.27935791015625,82.50674438476562,3351.60009765625,0.67,0.14,26.190000534057617,0.028372925724019938,0.025221921718591982,0.020913476539811446,0.0159821918538544,0.010000000000000009,0.020000000000000018,-0.18999862670898438
2020-09-29,20.60491943359375,171.29473876953125,81.81173706054688,3335.469970703125,0.66,0.11,26.270000457763672,-0.008459321954151208,-0.013372484532685188,-0.011519386429000444,-0.004824282704443997,-0.010000000000000009,-0.030000000000000013,0.07999992370605469
2020-09-30,20.882308959960938,174.93321228027344,82.60110473632812,3363.0,0.69,0.13,26.3700008392334,0.009602336805815214,0.013372484532685228,0.021018565653965916,0.00821984256837961,0.029999999999999916,0.020000000000000004,0.10000038146972656
2020-10-01,20.890974044799805,172.82675170898438,83.20172119140625,3380.800048828125,0.68,0.14,26.700000762939453,0.007244980040579711,0.00041486253125757444,-0.01211459944780618,0.0052789495642950775,-0.009999999999999898,0.010000000000000009,0.3299999237060547
2020-10-02,20.986330032348636,174.0018310546875,83.99110412597656,3348.419921875,0.7,0.13,27.6299991607666,0.009442854963091942,0.004554073116870872,0.006776164943625365,-0.009623812866370861,0.019999999999999907,-0.010000000000000009,0.9299983978271484
2020-10-05,21.34174346923828,175.65565490722656,85.76634979248047,3408.60009765625,0.78,0.14,27.959999084472656,0.020915846032090527,0.016793667203405784,0.009459749908861252,0.017813109002900934,0.08000000000000007,0.010000000000000009,0.3299999237060547
2020-10-06,21.12502670288086,175.03765869140625,84.88306427001953,3360.969970703125,0.76,0.14,29.479999542236328,-0.01035214114905231,-0.010206504841664195,-0.0035244290755767193,-0.014072064387523205,-0.020000000000000018,0.0,1.5200004577636719
2020-10-07,21.56711769104004,177.22250366210938,86.36389923095703,3419.43994140625,0.81,0.16,28.059999465942383,0.017295160662433192,0.02071138836715757,0.012404882648277913,0.017247163770241564,0.050000000000000044,0.01999999999999999,-1.4200000762939453
2020-10-08,21.87917709350586,181.03501892089844,88.13912963867188,3446.830078125,0.78,0.13,26.36000061035156,0.020346829086837853,0.01436554120919244,0.02128446130958203,0.007978212894869286,-0.030000000000000027,-0.03,-1.6999988555908239
2020-10-09,21.983200073242188,180.65203857421875,87.63687896728516,3477.139892578125,0.79,0.16,25.0,-0.0057146824783145,0.004743161747159138,-0.0021177450609704013,0.008755095180752877,0.010000000000000009,0.03,-1.360000610351559
2020-10-13,21.62779426574707,183.49838256835935,87.27315521240234,3511.929931640625,0.74,0.16,26.06999969482422,-0.004158987000045095,-0.01629926953616912,0.015633110922277108,0.009955638529161003,-0.050000000000000044,0.0,1.0699996948242188
2020-10-14,20.47489356994629,183.8639678955078,86.78822326660156,3488.669921875,0.73,0.14,26.399999618530277,-0.0055719793175937615,-0.05477982739487416,0.0019903261582064277,-0.0066451720840594065,-0.010000000000000009,-0.01999999999999999,0.32999992370605824
2020-10-15,20.93431663513184,181.57470703125,88.08718872070312,3483.340087890625,0.74,0.14,26.96999931335449,0.014856169086493669,0.022190325042096053,-0.012529001267851374,-0.001528923514213078,0.010000000000000009,0.0,0.5699996948242116
2020-10-16,21.01233673095703,179.49432373046875,87.90531158447266,3483.81005859375,0.76,0.14,27.40999984741211,-0.0020668744482053485,0.003719971894571194,-0.01152359324792442,0.00013491045663045577,0.020000000000000018,0.0,0.44000053405762074
2020-10-19,20.561573028564453,179.04171752929688,86.42449188232422,3426.919921875,0.78,0.16,29.18000030517578,-0.01698912394765666,-0.02168578178155935,-0.0025247472471890044,-0.016464663514942676,0.020000000000000018,0.01999999999999999,1.7700004577636719
2020-10-20,20.925649642944336,181.0785217285156,86.91812133789062,3443.1201171875,0.81,0.14,29.350000381469727,0.005695434962670426,0.01755171531969799,0.011311921387248496,0.0047161953200011274,0.030000000000000027,-0.01999999999999999,0.1700000762939453
2020-10-21,20.84763526916504,176.6218719482422,86.05215454101562,3435.56005859375,0.83,0.14,28.649999618530277,-0.010012980873156562,-0.003735136685718091,-0.024919628179300882,-0.0021981140115702774,0.019999999999999907,0.0,-0.7000007629394496
2020-10-22,21.55845069885254,178.78927612304688,89.09168243408203,3453.489990234375,0.87,0.16,28.11000061035156,0.03471241862164154,0.033527358014044446,0.012196753282669752,0.0052053540034913415,0.040000000000000036,0.01999999999999999,-0.539999008178718
2020-10-23,21.584457397460938,178.47592163085938,89.89706420898438,3465.389892578125,0.85,0.18,27.549999237060547,0.008999305548400248,0.0012056072669175025,-0.0017541847037501326,0.003439838320389479,-0.020000000000000018,0.01999999999999999,-0.5600013732910121
2020-10-26,21.27238655090332,175.08116149902344,87.67151641845703,3400.969970703125,0.81,0.16,32.459999084472656,-0.02506822241735856,-0.01456366515346987,-0.019204052891288993,-0.018764472985322012,-0.039999999999999925,-0.01999999999999999,4.909999847412109
2020-10-27,20.67426300048828,170.32855224609375,86.01750183105469,3390.679931640625,0.79,0.16,33.349998474121094,-0.019046277130515883,-0.028520232211741298,-0.0275204142688999,-0.003030205350445511,-0.020000000000000018,0.0,0.8899993896484375
2020-10-28,20.344858169555664,165.1842498779297,83.60140228271484,3271.030029296875,0.79,0.16,40.27999877929688,-0.028490491544988433,-0.016061383219933074,-0.03066771531655009,-0.03592554210857772,0.0,0.0,6.930000305175788
2020-10-29,20.40554618835449,165.33221435546875,84.14698028564453,3310.110107421875,0.85,0.16,37.59000015258789,0.006504741426029795,0.0029785257163352213,0.0008953532028547946,0.01187652493999744,0.05999999999999994,0.0,-2.6899986267089915
2020-10-30,20.544235229492188,164.548828125,84.900390625,3269.9599609375,0.88,0.14,38.02000045776367,0.00891365921520163,0.006773641597849746,-0.004749516354180727,-0.012203713445259962,0.030000000000000027,-0.01999999999999999,0.43000030517578125
2020-11-02,20.873640060424805,165.55853271484375,86.8141860961914,3310.239990234375,0.87,0.16,37.130001068115234,0.022291348292400676,0.015906744333083922,0.0061174506144779815,0.012242950890591667,-0.010000000000000009,0.01999999999999999,-0.8899993896484375
2020-11-03,21.40241813659668,172.28704833984375,89.5506820678711,3369.159912109375,0.9,0.17,35.54999923706055,0.031034702492394706,0.025016790872573014,0.039837167184995845,0.01764273768407783,0.030000000000000027,0.010000000000000009,-1.5800018310546875
2020-11-04,20.526905059814453,172.23484802246094,86.8141860961914,3443.43994140625,0.78,0.14,29.56999969482422,-0.031034702492394737,-0.04176744509392326,-0.00030303047982397724,0.021807525655091704,-0.12,-0.03,-5.979999542236328
2020-11-05,21.333065032958984,176.66539001464844,90.3647003173828,3510.449951171875,0.79,0.14,27.57999992370605,0.04008366532462021,0.038521750445002376,0.025398550531663046,0.01927326577670128,0.010000000000000009,0.0,-1.9899997711181676
2020-11-06,21.073013305664062,175.18560791015625,89.16100311279297,3509.43994140625,0.83,0.16,24.86000061035156,-0.013409948766263594,-0.0122649864093967,-0.008411463023225629,-0.00028775658537381985,0.039999999999999925,0.01999999999999999,-2.719999313354492
2020-11-09,24.06363677978516,187.0846405029297,101.23271942138672,3550.5,0.96,0.17,25.75,0.12697825988044217,0.13270862210533166,0.06571510896546634,0.011631974746344153,0.13,0.010000000000000009,0.889999389648441
2020-11-10,23.976947784423828,189.2955322265625,100.90363311767578,3545.530029296875,0.98,0.19,24.799999237060547,-0.003256085215028613,-0.0036089939471053182,0.01174831892462758,-0.001400775220867666,0.020000000000000018,0.01999999999999999,-0.9500007629394531
2020-11-12,23.136104583740234,186.71902465820312,98.17581939697266,3537.010009765625,0.88,0.17,25.350000381469727,-0.027405987105312477,-0.03569849342524231,-0.013704511414930976,-0.0024059231840778492,-0.09999999999999998,-0.01999999999999999,0.5500011444091797
2020-11-13,23.40482711791992,190.6969146728516,98.79066467285156,3585.14990234375,0.89,0.17,23.100000381469727,0.006243166453992813,0.011547921823978475,0.021080388546531905,0.013518546706294007,0.010000000000000009,0.0,-2.25
2020-11-16,23.90760040283203,193.56944274902344,101.5791244506836,3626.909912109375,0.91,0.19,22.450000762939453,0.027834932855110076,0.021254128690185076,0.014950991826493605,0.011580734922832603,0.020000000000000018,0.01999999999999999,-0.6499996185302734
2020-11-17,23.881591796875,195.54534912109372,100.54857635498048,3609.530029296875,0.87,0.18,22.709999084472656,-0.01019708848744498,-0.0010884724067399287,0.010155991994789395,-0.004803443784647531,-0.040000000000000036,-0.010000000000000009,0.2599983215332031
2020-11-18,23.387489318847656,195.2406768798828,99.80384826660156,3567.7900390625,0.88,0.16,23.84000015258789,-0.00743421518081564,-0.02090670956680322,-0.0015592794146667558,-0.011631210647481315,0.010000000000000009,-0.01999999999999999,1.1300010681152344
2020-11-19,23.387489318847656,195.4756774902344,100.0723114013672,3581.8701171875,0.86,0.18,23.11000061035156,0.0026862963211983257,0.0,0.0012029219461162529,0.003938675690732779,-0.020000000000000018,0.01999999999999999,-0.7299995422363317
2020-11-20,23.240123748779297,194.41375732421875,99.2149658203125,3557.5400390625,0.83,0.16,23.700000762939453,-0.008604170644847281,-0.006320978108716362,-0.005447302219880825,-0.006815737372918576,-0.030000000000000027,-0.01999999999999999,0.5900001525878942
2020-11-23,23.74289321899414,199.1837921142578,102.0727081298828,3577.590087890625,0.86,0.16,22.65999984741211,0.02839651611216601,0.021402996029180336,0.024239319300841673,0.005620108181849693,0.030000000000000027,0.0,-1.0400009155273438
2020-11-24,25.12118530273437,206.73057556152344,106.79229736328124,3635.409912109375,0.88,0.16,21.63999938964844,0.045200417710405456,0.05642827328809797,0.037188401203333506,0.016032458814031775,0.020000000000000018,0.0,-1.0200004577636683
2020-11-25,25.16452407836914,205.8949279785156,105.67516326904295,3629.64990234375,0.88,0.17,21.25,-0.010515910395805716,0.0017237018985575949,-0.004050397846417447,-0.0015856747555094064,0.0,0.010000000000000009,-0.38999938964844105
2020-11-27,25.12984848022461,204.9026031494141,104.97374725341795,3638.35009765625,0.84,0.16,20.84000015258789,-0.0066595987248640204,-0.0013789059043704157,-0.004831220657559559,0.0023941110259011363,-0.040000000000000036,-0.010000000000000009,-0.4099998474121094
2020-11-30,24.41036796569824,200.7070770263672,102.08136749267578,3621.6298828125,0.84,0.16,20.56999969482422,-0.027940076947048455,-0.02904836342475677,-0.020688242754845054,-0.004606140636972006,0.0,0.0,-0.2700004577636719
2020-12-01,24.86979484558105,203.1138153076172,103.69210052490234,3662.449951171875,0.92,0.17,20.770000457763672,0.01565572031267533,0.018646050034728957,0.011919971570568972,0.011208140661592923,0.08000000000000007,0.010000000000000009,0.20000076293945312
2020-12-02,25.190526962280277,207.98861694335935,105.68385314941406,3669.010009765625,0.95,0.16,21.170000076293945,0.01902618398163764,0.012814000939339916,0.02371686350292148,0.0017895645286042845,0.029999999999999916,-0.010000000000000009,0.39999961853027344
2020-12-03,25.216693878173828,206.08071899414065,104.99103546142578,3666.719970703125,0.92,0.16,21.280000686645508,-0.00657715013022496,0.0010382210249924935,-0.009215420152128102,-0.0006243520802942291,-0.029999999999999916,0.0,0.1100006103515625
2020-12-04,25.54814910888672,209.67776489257807,105.9436264038086,3699.1201171875,0.97,0.16,20.790000915527344,0.009032156308205783,0.013058641429738706,0.017303967528637196,0.00879746371518688,0.04999999999999993,0.0,-0.48999977111816406
2020-12-07,25.37369728088379,208.6887969970703,105.54525756835938,3691.9599609375,0.94,0.14,21.299999237060547,-0.003767283642701657,-0.0068517747437353725,-0.004727766641479935,-0.001937513438963252,-0.030000000000000027,-0.01999999999999999,0.5099983215332031
2020-12-08,25.2341423034668,209.0300750732422,105.64920043945312,3702.25,0.92,0.14,20.68000030517578,0.0009843334002877001,-0.005515166515729274,0.0016340087792267725,0.002783271170170473,-0.019999999999999907,0.0,-0.6199989318847656
2020-12-09,25.120746612548828,212.51336669921875,104.8265151977539,3672.820068359375,0.95,0.16,22.270000457763672,-0.007817428522610616,-0.0045038678485162095,0.01652674701599738,-0.00798096494847171,0.029999999999999916,0.01999999999999999,1.5900001525878906
2020-12-10,25.39114761352539,213.89614868164065,104.15106964111328,3668.10009765625,0.92,0.14,22.520000457763672,-0.006464309645906985,0.010706531129584864,0.006485722197655393,-0.0012859345277717227,-0.029999999999999916,-0.01999999999999999,0.25
2020-12-11,24.920137405395508,210.0365753173828,103.53620910644533,3663.4599609375,0.9,0.11,23.309999465942383,-0.005921039889649404,-0.01872438636080871,-0.01820892696787665,-0.0012657980842328352,-0.020000000000000018,-0.030000000000000013,0.7899990081787109
2020-12-14,24.614843368530277,208.1111602783203,102.44507598876952,3647.489990234375,0.9,0.13,24.71999931335449,-0.010594587011763145,-0.012326557827188977,-0.009209322367515534,-0.0043687882451469585,0.0,0.020000000000000004,1.4099998474121058
2020-12-15,24.98118782043457,212.1720123291016,104.1943588256836,3694.6201171875,0.92,0.11,22.88999938964844,0.01693117895371162,0.014773404487959647,0.01932496323049517,0.012838482022218645,0.020000000000000018,-0.020000000000000004,-1.8299999237060476
2020-12-16,25.050968170166016,213.34478759765625,104.49742889404295,3701.169921875,0.92,0.13,22.5,0.002904477312967484,0.002789421866631623,0.005512253515319601,0.0017712256203230642,0.0,0.020000000000000004,-0.38999938964844105
2020-12-17,25.14691925048828,213.9224395751953,103.63146209716795,3722.47998046875,0.94,0.13,21.93000030517578,-0.008321495299370592,0.0038229177405892014,0.0027039393276642124,0.0057411428089832834,0.019999999999999907,0.0,-0.5699996948242188
2020-12-18,25.00735664367676,211.90948486328125,103.12055206298828,3709.409912109375,0.95,0.13,21.56999969482422,-0.004942259703820069,-0.005565346704617229,-0.009454292128587364,-0.003517296952148704,0.010000000000000009,0.0,-0.3600006103515625
2020-12-21,25.94066047668457,224.90603637695312,106.99147033691406,3694.919921875,0.95,0.13,25.15999984741211,0.03685040259270212,0.036641592943748365,0.05952347356875772,-0.003913928486909485,0.0,0.0,3.5900001525878906
2020-12-22,25.47836685180664,218.8759765625,105.36341857910156,3687.260009765625,0.93,0.13,24.229999542236328,-0.015333611247749524,-0.017981906919587735,-0.027177446543886454,-0.0020752446917703606,-0.019999999999999907,0.0,-0.9300003051757812
2020-12-23,26.211057662963867,224.44219970703125,108.30773162841795,3690.010009765625,0.96,0.13,23.309999465942383,0.027561038743666808,0.028351636582727924,0.025112959371498152,0.0007455332718186887,0.029999999999999916,0.0,-0.9200000762939453
2020-12-24,26.132553100585938,224.18841552734372,107.8314437866211,3703.06005859375,0.94,0.13,21.530000686645508,-0.0044072400278564435,-0.0029995875368544578,-0.0011313726622305409,0.0035303499794869524,-0.020000000000000018,0.0,-1.779998779296875
2020-12-28,26.280839920043945,227.1902618408203,108.54155731201172,3735.360107421875,0.94,0.13,21.700000762939453,0.006563814073909687,0.005658371135906059,0.013300985270822364,0.0086847075384115,0.0,0.0,0.1700000762939453
2020-12-29,26.176172256469727,225.80746459960935,108.25576782226562,3727.0400390625,0.94,0.12,23.07999992370605,-0.0026364684629925457,-0.003990612432312654,-0.00610511468607732,-0.002229864827278697,0.0,-0.010000000000000009,1.379999160766598
2020-12-30,26.15000343322754,227.0677490234375,108.55889129638672,3732.0400390625,0.93,0.12,22.770000457763672,0.002796154769703871,-0.0010002193005299977,0.005565717174429122,0.0013406480950792154,-0.009999999999999898,0.0,-0.30999946594237926
2020-12-31,26.437843322753903,230.79608154296875,110.03968811035156,3756.070068359375,0.93,0.13,22.75,0.013548299066959719,0.010947121124938744,0.016286129972393416,0.006418204711703793,0.0,0.010000000000000009,-0.020000457763671875
2021-01-04,26.1936149597168,231.9250640869141,109.00054168701172,3700.64990234375,0.93,0.11,26.96999931335449,-0.009488249900174711,-0.009280765686789275,0.004879763092276923,-0.014864762712025787,0.0,-0.020000000000000004,4.219999313354489
2021-01-05,26.39423370361328,237.11485290527344,109.59361267089844,3726.860107421875,0.96,0.13,25.34000015258789,0.005426242443050444,0.007629888738555243,0.022130315298273234,0.007057631383362026,0.029999999999999916,0.020000000000000004,-1.629999160766598
2021-01-06,28.042783737182617,249.91017150878903,114.73966979980467,3748.139892578125,1.04,0.14,25.06999969482422,0.04588672709172153,0.0605857686216113,0.052556904165074206,0.005693603382474094,0.08000000000000007,0.010000000000000009,-0.2700004577636719
2021-01-07,28.662071228027344,255.2487945556641,118.50764465332033,3803.7900390625,1.08,0.14,22.3700008392334,0.03231164897957289,0.0218433541369605,0.02113719510226381,0.014738260107752971,0.040000000000000036,0.0,-2.6999988555908203
2021-01-08,28.37423515319824,253.8748016357422,118.63848876953124,3824.679931640625,1.13,0.14,21.559999465942383,0.0011034894611154336,-0.010093168251062497,-0.005397495876858382,0.00547683739351537,0.04999999999999982,0.0,-0.8100013732910156
2021-01-11,28.84524917602539,257.1567077636719,120.40909576416016,3799.610107421875,1.15,0.14,24.07999992370605,0.014814116437336447,0.016463785634383554,0.012844418349667892,-0.006576327616621317,0.020000000000000018,0.0,2.5200004577636683
2021-01-12,29.3598747253418,264.4908447265625,122.30177307128906,3801.18994140625,1.15,0.14,23.32999992370605,0.01559646407391977,0.017683630769887573,0.028120980285386312,0.000415702030569564,0.0,0.0,-0.75
2021-01-13,29.18542861938477,265.1296691894531,122.4151840209961,3809.840087890625,1.1,0.14,22.209999084472656,0.0009268745343504542,-0.005959372050887602,0.002412386816274295,0.0022730563867261076,-0.04999999999999982,0.0,-1.1200008392333949
2021-01-14,29.647720336914062,269.44439697265625,123.1303482055664,3795.5400390625,1.15,0.16,23.25,0.005825120907980687,0.01571567187939588,0.01614302584598615,-0.003760513068743101,0.04999999999999982,0.01999999999999999,1.0400009155273438
2021-01-15,28.79291534423828,263.4406433105469,120.92365264892578,3768.25,1.11,0.13,24.34000015258789,-0.018084159143548238,-0.029255874829245705,-0.022533969823970688,-0.007216000798278504,-0.039999999999999813,-0.03,1.0900001525878906
2021-01-19,28.58357810974121,257.4805603027344,120.40033721923828,3798.909912109375,1.1,0.14,23.239999771118164,-0.004337042912869974,-0.007297000941064303,-0.022883856743407704,0.008103457635761657,-0.010000000000000009,0.010000000000000009,-1.1000003814697266
2021-01-20,28.20850944519043,254.2161865234375,118.5948715209961,3851.85009765625,1.1,0.13,21.57999992370605,-0.015109089879214771,-0.013208675146156795,-0.012759190224529182,0.013839417376510862,0.0,-0.010000000000000009,-1.659999847412113
2021-01-21,27.711328506469727,253.2534027099609,117.60054779052734,3853.070068359375,1.12,0.13,21.31999969482422,-0.008419550279428605,-0.01778238486122078,-0.003794453851318339,0.00031667316131354906,0.020000000000000018,0.0,-0.2600002288818324
2021-01-22,27.519428253173828,253.2709045410156,116.69343566894533,3841.469970703125,1.1,0.13,21.90999984741211,-0.0077434054493857206,-0.006949063774766191,6.910559201649755e-05,-0.0030151526629377105,-0.020000000000000018,0.0,0.5900001525878906
2021-01-25,27.179258346557617,247.7134552001953,115.23683166503906,3855.360107421875,1.05,0.13,23.190000534057617,-0.012560871609970145,-0.012438115548978116,-0.022187029230337024,0.0036093175130174657,-0.050000000000000044,0.0,1.2800006866455078
2021-01-26,26.98736000061035,246.59329223632807,114.765869140625,3849.6201171875,1.05,0.11,23.020000457763672,-0.0040952839335128876,-0.0070855133530161535,-0.004532266197681919,-0.001489943161153501,0.0,-0.020000000000000004,-0.1700000762939453
2021-01-27,26.019161224365234,239.2154083251953,111.5212173461914,3750.77001953125,1.04,0.12,37.209999084472656,-0.028679269645844257,-0.03653537150303045,-0.03037595329508244,-0.02601331512610035,-0.010000000000000009,0.009999999999999995,14.189998626708984
2021-01-28,26.44656181335449,240.6943817138672,113.48370361328124,3787.3798828125,1.07,0.12,30.209999084472656,0.01744438321538567,0.0162929249419567,0.006163566993194016,0.009713298778760395,0.030000000000000027,0.0,-7.0
2021-01-29,25.86216163635254,237.3249969482422,112.22771453857422,3714.239990234375,1.11,0.11,33.09000015258789,-0.011129273378733396,-0.02234520189240643,-0.014097506161395079,-0.019500377654792,0.040000000000000036,-0.009999999999999995,2.8800010681152344
2021-02-01,26.132553100585938,240.440673828125,113.05630493164062,3773.860107421875,1.09,0.11,30.239999771118164,0.007355995612206578,0.010400822587871533,0.013042883737462542,0.015924300234678626,-0.020000000000000018,0.0,-2.8500003814697266
2021-02-02,27.06586456298828,251.1529693603516,116.53644561767578,3826.31005859375,1.12,0.11,25.559999465942383,0.03031809365560104,0.03509154129042981,0.043588812535170475,0.013802528814310624,0.030000000000000027,0.0,-4.680000305175781
2021-02-03,27.545597076416016,252.5357360839844,117.8709487915039,3830.169921875,1.15,0.11,22.90999984741211,0.011386309677971006,0.017569383400890252,0.005490574565093203,0.0010082606153447803,0.029999999999999805,0.0,-2.6499996185302734
2021-02-04,28.348072052001957,257.0867004394531,120.58352661132812,3871.739990234375,1.15,0.11,21.770000457763672,0.022752308020372095,0.02871631555195977,0.01786061605247877,0.010794847643921975,0.0,0.0,-1.1399993896484375
2021-02-05,28.23467254638672,256.8678894042969,120.3480224609375,3886.830078125,1.19,0.09,20.8700008392334,-0.0019549471731864602,-0.004008277019639518,-0.0008514800828724155,0.003889919607763825,0.040000000000000036,-0.020000000000000004,-0.8999996185302734
2021-02-08,28.86269187927246,262.6878967285156,122.23197174072266,3915.590087890625,1.19,0.11,21.239999771118164,0.015532914529315782,0.021999077084795145,0.022404719315945263,0.007372107476289037,0.0,0.020000000000000004,0.3699989318847656
2021-02-09,28.740583419799805,262.9593200683594,121.7435531616211,3911.22998046875,1.18,0.11,21.6299991607666,-0.0040038379404814485,-0.004239642337784198,0.0010327206357934654,-0.0011141454217211749,-0.010000000000000009,0.0,0.3899993896484375
2021-02-10,28.766742706298828,266.3023986816406,121.81333923339844,3909.8798828125,1.15,0.11,21.989999771118164,0.0005730576786464562,0.0009097723739047779,0.012633156552752165,-0.0003452445223915674,-0.030000000000000027,0.0,0.3600006103515625
2021-02-11,28.679521560668945,264.5871276855469,121.47321319580078,3916.3798828125,1.16,0.11,21.25,-0.0027960958449853228,-0.003036619134957871,-0.0064618979259816025,0.0016610748145877074,0.010000000000000009,0.0,-0.7399997711181641
2021-02-12,29.106922149658203,268.0878601074219,123.2001495361328,3934.830078125,1.2,0.11,19.96999931335449,0.014116493916201843,0.014792686841250995,0.01314416071130566,0.004699970926162608,0.040000000000000036,0.0,-1.2800006866455114
2021-02-16,29.89194869995117,273.02398681640625,126.16567993164062,3932.590087890625,1.3,0.13,21.459999084472656,0.023785698427536927,0.026613149438214863,0.018244892115494314,-0.0005694345154154666,0.10000000000000009,0.020000000000000004,1.4899997711181676
2021-02-17,30.014066696166992,273.70660400390625,126.55818939208984,3931.330078125,1.29,0.11,21.5,0.003106234303073327,0.004076991753187371,0.0024970892562574815,-0.0003204533489169501,-0.010000000000000009,-0.020000000000000004,0.04000091552734375
2021-02-18,29.82216453552246,271.2210998535156,126.98558807373048,3913.969970703125,1.29,0.11,22.489999771118164,0.0033714026882687522,-0.006414268233270314,-0.009122389518196073,-0.004425614227243303,0.0,0.0,0.9899997711181641
2021-02-19,30.12745475769043,276.2271423339844,129.1050567626953,3906.7099609375,1.34,0.11,22.049999237060547,0.016552866147606135,0.01018498081688663,0.018289151866604722,-0.0018566190956649255,0.050000000000000044,0.0,-0.4400005340576172
2021-02-22,30.65952491760254,277.3211669921875,130.31736755371094,3876.5,1.37,0.11,23.450000762939453,0.00934629779319366,0.01750650391428985,0.003952775446082141,-0.007762892893710863,0.030000000000000027,0.0,1.4000015258789062
2021-02-23,30.982255935668945,279.3690185546875,131.36412048339844,3881.3701171875,1.37,0.11,23.11000061035156,0.008000248856447314,0.010471273298168035,0.007357272871284958,0.0012555296115265332,0.0,0.0,-0.3400001525878942
2021-02-24,31.732397079467773,289.3724975585937,133.67544555664062,3925.429931640625,1.38,0.12,21.34000015258789,0.0174418008807696,0.023923497459722616,0.03518122201387036,0.011287667670985945,0.009999999999999787,0.009999999999999995,-1.7700004577636683
2021-02-25,31.33987617492676,286.8519287109375,131.86122131347656,3829.340087890625,1.54,0.17,28.88999938964844,-0.013664798122264267,-0.012446862999006684,-0.008748622270820326,-0.02478339442417185,0.16000000000000014,0.05000000000000002,7.54999923706055
2021-02-26,30.27573776245117,279.6053466796875,128.36366271972656,3811.14990234375,1.44,0.14,27.950000762939453,-0.02688266526218119,-0.03454462805249144,-0.025587022007183144,-0.004761532293798778,-0.10000000000000009,-0.03,-0.9399986267089879
2021-03-01,31.21776390075684,289.8765563964844,131.26815795898438,3901.820068359375,1.45,0.13,23.350000381469727,0.02237488767848089,0.03064063074322923,0.03607603198059774,0.02351217322569352,0.010000000000000009,-0.010000000000000009,-4.600000381469727
2021-03-02,30.99098014831543,290.772705078125,130.84075927734375,3870.2900390625,1.42,0.13,24.100000381469727,-0.0032612325055693158,-0.007291089397765619,0.003086715002073786,-0.00811367873950876,-0.030000000000000027,0.0,0.75
2021-03-03,31.767282485961918,293.839111328125,133.3701629638672,3819.719970703125,1.47,0.14,26.670000076293945,0.019147436775183723,0.02474070832159173,0.010490497405393125,-0.01315233589480116,0.050000000000000044,0.010000000000000009,2.5699996948242188
2021-03-04,31.995197296142575,289.3229675292969,131.32046508789062,3768.469970703125,1.54,0.14,28.56999969482422,-0.015487808261507518,0.007148899529140029,-0.01548877832867823,-0.013508038064390469,0.07000000000000006,0.0,1.8999996185302734
2021-03-05,32.37211990356445,287.635986328125,131.625732421875,3841.93994140625,1.56,0.14,24.65999984741211,0.0023219006323149083,0.011711748514442503,-0.005847854504801639,0.019308356338709188,0.020000000000000018,0.0,-3.9099998474121094
2021-03-08,32.54743576049805,293.6282043457031,133.3701629638672,3821.35009765625,1.59,0.17,25.46999931335449,0.013165907629192387,0.005401031517248628,0.02061861164027987,-0.005373643224025429,0.030000000000000027,0.03,0.8099994659423793
2021-03-09,31.83740234375,290.4652404785156,132.42816162109375,3875.43994140625,1.55,0.17,24.030000686645508,-0.007088120575633886,-0.0220568141053156,-0.010830440960153447,0.014055400743930569,-0.040000000000000036,0.0,-1.4399986267089808
2021-03-10,32.7578125,300.5078125,135.30650329589844,3898.81005859375,1.53,0.16,22.559999465942383,0.02150227782014928,0.02849971028439295,0.03398983695928417,0.006012203770988197,-0.020000000000000018,-0.010000000000000009,-1.470001220703125
2021-03-11,32.64386749267578,300.57818603515625,134.59999084472656,3939.340087890625,1.54,0.14,21.90999984741211,-0.005235250578806498,-0.0034844708156094267,0.0002341546322798286,0.010341825500657608,0.010000000000000009,-0.01999999999999999,-0.6499996185302734
2021-03-12,33.25746536254883,306.47369384765625,136.1961212158203,3943.340087890625,1.64,0.14,20.690000534057617,0.011788565526012682,0.01862225164691387,0.019424017510193143,0.0010148833275308508,0.09999999999999987,0.0,-1.2199993133544922
2021-03-15,33.09092712402344,304.0487670898437,135.51580810546875,3968.93994140625,1.62,0.14,20.030000686645508,-0.005007616218326822,-0.0050201242874759015,-0.00794381751657373,0.006470939539413048,-0.019999999999999796,0.0,-0.6599998474121094
2021-03-16,32.9944953918457,300.2354736328125,133.8935089111328,3962.7099609375,1.62,0.15,19.790000915527344,-0.0120435241165269,-0.0029183985499189958,-0.012621027716154325,-0.0015709169785959108,0.0,0.009999999999999981,-0.23999977111816406
2021-03-17,33.266239166259766,303.0822448730469,135.27157592773438,3974.1201171875,1.63,0.13,19.229999542236328,0.010239656888127701,0.008202302608048242,0.009437125018907708,0.0028752446501592592,0.009999999999999787,-0.01999999999999999,-0.5600013732910156
2021-03-18,34.1340446472168,305.7620849609375,137.50445556640625,3915.4599609375,1.71,0.16,21.57999992370605,0.016371889429406532,0.025752219140989487,0.008803095512671385,-0.014870560065947797,0.08000000000000007,0.03,2.350000381469723
2021-03-19,33.7746467590332,302.4232482910156,135.315185546875,3913.10009765625,1.74,0.16,20.950000762939453,-0.016049555703391526,-0.010584837854388823,-0.010979778795191965,-0.0006028856737550234,0.030000000000000027,0.0,-0.629999160766598
2021-03-22,33.01202392578125,298.144287109375,131.67811584472656,3940.590087890625,1.69,0.15,18.8799991607666,-0.027246336762239833,-0.02283856864940349,-0.014249966363057578,0.007000556898342752,-0.050000000000000044,-0.010000000000000009,-2.0700016021728516
2021-03-23,32.3458251953125,291.5018920898437,130.3610382080078,3910.52001953125,1.63,0.15,20.299999237060547,-0.01005261013681815,-0.020386895020743104,-0.02253105761276148,-0.007660118119334028,-0.06000000000000005,0.0,1.4200000762939453
2021-03-24,32.3458251953125,288.7606201171875,131.37277221679688,3889.139892578125,1.62,0.14,21.200000762939453,0.007731053518473568,0.0,-0.009448455857458026,-0.00548233660034883,-0.009999999999999787,-0.009999999999999981,0.9000015258789062
2021-03-25,33.01202392578125,290.4301147460937,133.05615234375,3909.52001953125,1.63,0.14,19.809999465942383,0.012732365577567094,0.020386895020743014,0.005764937704100511,0.005226583432729291,0.009999999999999787,0.0,-1.3900012969970703
2021-03-26,33.90613555908203,287.653564453125,135.27157592773438,3974.5400390625,1.67,0.14,18.86000061035156,0.016513194077002354,0.026724131462823167,-0.009606123625219995,0.016494418658716575,0.040000000000000036,0.0,-0.9499988555908239
2021-03-29,33.581809997558594,286.195068359375,133.16957092285156,3971.090087890625,1.73,0.14,20.739999771118164,-0.01566114578826732,-0.009611436697416795,-0.005083219339990557,-0.0008683896263867381,0.06000000000000005,0.0,1.8799991607666051
2021-03-30,34.17787170410156,291.7127990722656,134.73953247070312,3958.550048828125,1.73,0.16,19.61000061035156,0.011720240180550347,0.01759385720520807,0.019096117904831317,-0.0031628294096500294,0.0,0.01999999999999999,-1.1299991607666051
2021-03-31,33.9149055480957,287.3109130859375,132.77706909179688,3972.889892578125,1.74,0.16,19.399999618530277,-0.014671976032627284,-0.007723799026334118,-0.015204803182042108,0.003615953592419885,0.010000000000000009,0.0,-0.21000099182128196
2021-04-01,34.616172790527344,287.873291015625,134.0679931640625,4019.8701171875,1.69,0.17,17.329999923706055,0.009675533302056546,0.020466385113150114,0.0019554713251239758,0.011755830427674127,-0.050000000000000044,0.010000000000000009,-2.0699996948242223
2021-04-05,34.887908935546875,284.2708740234375,134.778564453125,4077.909912109375,1.73,0.17,17.90999984741211,0.005286085490298265,0.007819325795188809,-0.012592856200025995,0.0143349877622439,0.040000000000000036,0.0,0.5799999237060547
2021-04-06,34.7914924621582,287.3636474609375,133.83103942871094,4073.93994140625,1.67,0.16,18.1200008392334,-0.007055063861362719,-0.0027674329282376506,0.010820912661821456,-0.0009740049407969285,-0.06000000000000005,-0.010000000000000009,0.21000099182128906
2021-04-07,35.107051849365234,286.91552734375,135.92787170410156,4079.949951171875,1.68,0.16,17.15999984741211,0.015546285368948226,0.009029130267274164,-0.001560635411488481,0.0014741456981068137,0.010000000000000009,0.0,-0.9600009918212891
2021-04-08,34.80025100708008,290.9484558105469,136.09463500976562,4097.169921875,1.64,0.14,16.950000762939453,0.001226099476621911,-0.008777418080411286,0.013958281060320344,0.004211750940591775,-0.040000000000000036,-0.01999999999999999,-0.20999908447265625
2021-04-09,35.05445861816406,290.65850830078125,137.11236572265625,4128.7998046875,1.67,0.16,16.690000534057617,0.007450288006811136,0.0072782131544772465,-0.000997056609282251,0.007690288135687276,0.030000000000000027,0.01999999999999999,-0.26000022888183594
2021-04-12,35.11582565307617,291.5634765625,136.82281494140625,4127.990234375,1.69,0.18,16.90999984741211,-0.002114010244193987,0.0017490894099838159,0.003108673372136483,-0.0001960980747395339,0.020000000000000018,0.01999999999999999,0.2199993133544922
2021-04-13,34.46715545654297,287.9083557128906,135.1909637451172,4141.58984375,1.64,0.16,16.649999618530273,-0.011998441999899932,-0.018645047335886226,-0.012615520280184207,0.0032890718770625686,-0.050000000000000044,-0.01999999999999999,-0.26000022888183594
2021-04-14,34.95803451538086,294.6473999023437,132.66421508789062,4124.66015625,1.64,0.16,16.989999771118164,-0.018867087961891106,0.014141473420832688,0.023137166718674274,-0.004096104320730151,0.0,0.0,0.3400001525878906
2021-04-15,33.958740234375,297.4590148925781,133.50643920898438,4170.419921875,1.56,0.16,16.56999969482422,0.006328473243677567,-0.029002063067860063,0.009497063543194122,0.011033101401119478,-0.07999999999999985,0.0,-0.4200000762939453
2021-04-16,34.31813430786133,300.7626647949219,134.4978485107422,4185.47021484375,1.59,0.16,16.25,0.007398492259035876,0.010527646299968363,0.011045014246222881,0.0036023233905179666,0.030000000000000027,0.0,-0.31999969482421875
2021-04-19,34.335662841796875,301.4479675292969,133.9275665283203,4163.259765625,1.61,0.16,17.290000915527344,-0.004249097205398194,0.0005106355378484838,0.0022759579237301257,-0.005320689893757947,0.020000000000000018,0.0,1.0400009155273438
2021-04-20,33.38019943237305,291.5985717773437,130.9621124267578,4134.93994140625,1.58,0.15,18.68000030517578,-0.02239104225272096,-0.028221654198326104,-0.03321932035859544,-0.006825561005077803,-0.030000000000000027,-0.010000000000000009,1.3899993896484375
2021-04-21,33.94120407104492,294.5772399902344,132.07632446289062,4173.419921875,1.57,0.15,17.5,0.008471907858911111,0.01666684281400202,0.01016314147324931,0.009263020919853236,-0.010000000000000009,0.0,-1.1800003051757812
2021-04-22,33.62562942504883,290.693603515625,129.29513549804688,4134.97998046875,1.57,0.16,18.709999084472656,-0.021282307866841915,-0.009341178929219634,-0.013271440120324076,-0.009253337860554323,0.0,0.010000000000000009,1.2099990844726562
2021-04-23,34.34443283081055,298.1619567871094,131.76927185058594,4180.169921875,1.58,0.16,17.329999923706055,0.018954789384727038,0.021151376942681318,0.02536701443294695,0.01086940989553096,0.010000000000000009,0.0,-1.3799991607666016
2021-04-26,34.54603958129883,301.8258056640625,132.09390258789062,4187.6201171875,1.58,0.18,17.639999389648438,0.002460600284876475,0.00585298137673845,0.01221323049799811,0.001780684564582624,0.0,0.01999999999999999,0.3099994659423828
2021-04-27,34.95803451538086,304.558349609375,132.6992645263672,4186.72021484375,1.63,0.17,17.559999465942383,0.004572346029412082,0.011855413224167376,0.00901264460180765,-0.0002149189814442344,0.04999999999999982,-0.009999999999999981,-0.07999992370605469
2021-04-28,35.08951950073242,305.858642578125,133.5590362548828,4183.18017578125,1.63,0.17,17.280000686645508,0.006458200283678607,0.003754167911357715,0.004260349735172359,-0.0008458975873960478,0.0,0.0,-0.279998779296875
2021-04-29,36.036224365234375,310.1288452148437,136.1560516357422,4211.47021484375,1.65,0.16,17.610000610351562,0.01925806720181105,0.026622168748981098,0.013864797993936067,0.0067400415367024095,0.020000000000000018,-0.010000000000000009,0.3299999237060547
2021-04-30,35.52780532836914,306.15740966796875,134.9453125,4181.169921875,1.65,0.16,18.61000061035156,-0.00893206265608096,-0.014209026322644158,-0.012888460486185298,-0.0072207134171198275,0.0,0.0,0.9999999999999964
2021-05-03,35.55411529541016,307.6598815917969,134.55052185058594,4192.66015625,1.63,0.16,18.309999465942383,-0.0029298481200839654,0.0007402717318732185,0.004895511892259568,0.002744321649512167,-0.020000000000000018,0.0,-0.30000114440917613
2021-05-04,35.939796447753906,307.3787536621094,136.4104766845703,4164.66015625,1.61,0.16,19.479999542236328,0.01372879534405915,0.01078930735034858,-0.0009141798031931363,-0.0067007374898472305,-0.019999999999999796,0.0,1.1700000762939453
2021-05-05,36.28166961669922,314.2145690917969,138.20028686523438,4167.58984375,1.59,0.16,19.149999618530277,0.013035436059057633,0.009467426823097645,0.02199538113647355,0.0007032164471135163,-0.020000000000000018,0.0,-0.32999992370605113
2021-05-06,36.82514953613281,321.551025390625,140.98146057128906,4201.6201171875,1.58,0.16,18.38999938964844,0.01992440936651038,0.014868378569709411,0.02308014788151881,0.008132299498632055,-0.010000000000000009,0.0,-0.7600002288818359
2021-05-07,36.97417068481445,325.8738098144531,141.46397399902344,4232.60009765625,1.6,0.14,16.690000534057617,0.003416687530202726,0.004038556202935594,0.013353978495413872,0.007346291419186351,0.020000000000000018,-0.01999999999999999,-1.6999988555908239
2021-05-10,36.86021423339844,323.9320678710937,141.44644165039062,4188.43017578125,1.63,0.16,19.65999984741211,-0.00012394275845248735,-0.003086814958307178,-0.005976393226080957,-0.010490480503138024,0.029999999999999805,0.01999999999999999,2.969999313354492
2021-05-11,36.43945693969727,316.2353210449219,139.09515380859375,4152.10009765625,1.64,0.16,21.84000015258789,-0.016762882494376817,-0.011480594889909426,-0.024047203448333644,-0.008711750141781542,0.010000000000000009,0.0,2.1800003051757812
2021-05-12,36.09758377075195,311.3852844238281,138.13882446289062,4063.0400390625,1.69,0.16,27.59000015258789,-0.006899104827734168,-0.009426237877693743,-0.015455621198492088,-0.021682782358302413,0.050000000000000044,0.0,5.75
2021-05-13,36.67613220214844,315.26007080078125,141.69215393066406,4112.5,1.66,0.16,23.1299991607666,0.025397620300381687,0.01590026323606275,0.012366917679622953,0.012099644578094055,-0.030000000000000027,0.0,-4.460000991821289
2021-05-14,37.1319580078125,324.0111389160156,143.89425659179688,4173.85009765625,1.63,0.16,18.809999465942383,0.015421926427366284,0.012351805870821126,0.027379974794401844,0.014807778563623631,-0.030000000000000027,0.0,-4.319999694824219
2021-05-17,37.465065002441406,324.432861328125,144.4733428955078,4163.2900390625,1.64,0.16,19.71999931335449,0.004016311701907329,0.008930898184971578,0.0013007213310913667,-0.002533258183961915,0.010000000000000009,0.0,0.9099998474121058
2021-05-18,36.956634521484375,320.3121032714844,142.43785095214844,4127.830078125,1.64,0.16,21.34000015258789,-0.014189241396883961,-0.013663713524187961,-0.012782772703894827,-0.0085537723840327,0.0,0.0,1.620000839233402
2021-05-19,36.79008865356445,314.8821716308594,141.34994506835938,4115.68017578125,1.68,0.16,22.18000030517578,-0.0076670753875377655,-0.004516706475522265,-0.017097332665348963,-0.002947751811378411,0.040000000000000036,0.0,0.8400001525878906
2021-05-20,36.70242691040039,316.11236572265625,141.10430908203125,4159.1201171875,1.63,0.15,20.670000076293945,-0.0017392979191687865,-0.0023855976099197785,0.003899227576864632,0.01049942933450842,-0.050000000000000044,-0.010000000000000009,-1.510000228881836
2021-05-21,37.16701889038086,321.8057861328125,142.7098388671875,4155.85986328125,1.63,0.17,20.149999618530277,0.011314072420095087,0.012578897835466278,0.017850476810720176,-0.0007841880752528091,0.0,0.020000000000000018,-0.5200004577636683
2021-05-24,37.36863708496094,323.5893859863281,143.48190307617188,4197.0498046875,1.61,0.15,18.399999618530277,0.005395446260566372,0.005409992940659443,0.005527169930157596,0.009862497481216075,-0.019999999999999796,-0.020000000000000018,-1.75
2021-05-25,36.82514953613281,320.2682189941406,141.9991912841797,4188.1298828125,1.56,0.15,18.84000015258789,-0.01038755387636585,-0.014650748935376242,-0.010316555781260969,-0.002127545400828599,-0.050000000000000044,0.0,0.44000053405761363
2021-05-26,36.85144805908203,322.807373046875,141.98165893554688,4195.990234375,1.58,0.14,17.360000610351562,-0.00012347556985984421,0.0007138908398187611,0.007896947978315205,0.0018750575506104544,0.020000000000000018,-0.009999999999999981,-1.4799995422363281
2021-05-27,37.29850387573242,326.2956237792969,144.1925811767578,4200.8798828125,1.61,0.14,16.739999771118164,0.015451888543912756,0.012058301371648652,0.01074801481302297,0.001164636089862995,0.030000000000000027,0.0,-0.6200008392333984
2021-05-28,37.15825271606445,327.9706115722656,144.09608459472656,4204.10986328125,1.58,0.14,16.760000228881836,-0.0006694441862763493,-0.0037673229930135846,0.00512021364342352,0.000768586452887337,-0.030000000000000027,0.0,0.020000457763671875
2021-06-01,37.62283706665039,337.15679931640625,145.68408203125,4202.0400390625,1.62,0.16,17.899999618530273,0.01096012436881579,0.012425342533838344,0.027624096509006303,-0.0004924547586291649,0.040000000000000036,0.01999999999999999,1.1399993896484375
2021-06-02,37.64036178588867,338.0383605957031,145.69281005859375,4208.1201171875,1.59,0.13,17.479999542236328,5.9908850586952905e-05,0.00046569159488762474,0.002611279915995932,0.0014458890369002922,-0.030000000000000027,-0.03,-0.4200000762939453
2021-06-03,38.07170104980469,342.6932678222656,145.78936767578125,4192.85009765625,1.63,0.16,18.040000915527344,0.000662528470659587,0.011394325144636062,0.013676402235591686,-0.003635303056049319,0.039999999999999813,0.03,0.5600013732910156
2021-06-04,38.08930969238281,345.0999755859375,146.02622985839844,4229.89013671875,1.56,0.14,16.420000076293945,0.0016233692553524583,0.0004624057039234242,0.0069983751935867615,0.008795303383016323,-0.06999999999999984,-0.01999999999999999,-1.6200008392333984
2021-06-07,37.957275390625,342.1995544433594,145.34190368652344,4226.52001953125,1.57,0.16,16.420000076293945,-0.004697338874042313,-0.0034724618938782935,-0.008440099937587337,-0.0007970562694215079,0.010000000000000009,0.01999999999999999,0.0
2021-06-08,37.746002197265625,339.1492919921875,144.76284790039062,4227.259765625,1.53,0.14,17.06999969482422,-0.0039920515053552055,-0.00558162733771078,-0.008953659626471955,0.00017500954944121158,-0.040000000000000036,-0.01999999999999999,0.6499996185302734
2021-06-09,37.2530517578125,337.4566345214844,142.9555206298828,4219.5498046875,1.5,0.16,17.889999389648438,-0.012563334427758834,-0.013145700173812148,-0.00500338804471817,-0.0018255325906156837,-0.030000000000000027,0.01999999999999999,0.8199996948242188
2021-06-10,36.69848251342773,329.66326904296875,140.72705078125,4239.18017578125,1.45,0.14,16.100000381469727,-0.015711333115007168,-0.014998462056322054,-0.023365275088522968,0.004641454776462911,-0.050000000000000044,-0.01999999999999999,-1.789999008178711
2021-06-11,36.84812927246094,333.2866516113281,140.63052368164062,4247.43994140625,1.47,0.16,15.649999618530272,-0.0006861525130842625,0.004069445537101417,0.010931198679009942,0.0019465389328083601,0.020000000000000018,0.01999999999999999,-0.4500007629394549
2021-06-14,36.40799331665039,328.7641296386719,138.24415588378906,4255.14990234375,1.51,0.16,16.389999389648438,-0.01711468428052432,-0.012016504188630256,-0.013662372882910294,0.0018135563851361702,0.040000000000000036,0.0,0.7399997711181658
2021-06-15,36.43439483642578,327.3358459472656,136.14727783203125,4246.58984375,1.51,0.16,17.020000457763672,-0.015284142389604483,0.0007248944358061235,-0.00435386679098924,-0.00201371995427588,0.0,0.0,0.6300010681152344
2021-06-16,36.63685989379883,327.0713806152344,137.1035919189453,4223.7001953125,1.57,0.21,18.149999618530277,0.006999560456961772,0.0055415929629097326,-0.0008082592480465254,-0.005404703747026491,0.06000000000000005,0.04999999999999999,1.1299991607666051
2021-06-17,35.03477478027344,318.6962585449219,133.146728515625,4221.85986328125,1.52,0.23,17.75,-0.02928504344633833,-0.04471370116395325,-0.0259399548042584,-0.00043581054367264766,-0.050000000000000044,0.020000000000000018,-0.399999618530277
2021-06-18,34.13688659667969,307.52642822265625,129.7777099609375,4166.4501953125,1.45,0.26,20.700000762939453,-0.025628678551101135,-0.025962615349505693,-0.03567745262155991,-0.013211355687284158,-0.07000000000000006,0.03,2.950000762939453
2021-06-21,34.99076461791992,315.2051086425781,131.9798583984375,4224.7900390625,1.5,0.27,17.889999389648438,0.01682625956248213,0.024705640579261563,0.0246625364817671,0.013905163512319857,0.050000000000000044,0.010000000000000009,-2.8100013732910156
2021-06-22,35.184417724609375,315.1963195800781,131.78684997558594,4246.43994140625,1.48,0.25,16.65999984741211,-0.0014634785298693715,0.005519147704272418,-2.788401836377641e-05,0.005111406378990611,-0.020000000000000018,-0.020000000000000018,-1.2299995422363281
2021-06-23,35.38687515258789,318.2995300292969,132.585205078125,4241.83984375,1.5,0.26,16.31999969482422,0.0060396514238330815,0.005737686675413718,0.009797176328180265,-0.0010838705186495853,0.020000000000000018,0.010000000000000009,-0.3400001525878906
2021-06-24,35.94145965576172,325.0877990722656,133.80471801757812,4266.490234375,1.49,0.26,15.970000267028809,0.00915591284128595,0.015550501223184562,0.02110243905252455,0.005794429545916893,-0.010000000000000009,0.0,-0.34999942779541016
2021-06-25,36.63685989379883,325.1054077148437,135.15585327148438,4280.7001953125,1.54,0.28,15.619999885559082,0.010047172441296293,0.019163340331326356,5.416433884128253e-05,0.003325063164687565,0.050000000000000044,0.020000000000000018,-0.35000038146972656
2021-06-28,36.58406066894531,325.05255126953125,135.4014892578125,4290.60986328125,1.49,0.25,15.760000228881836,0.0018157781379822674,-0.0014421898440828607,-0.00016259570370088917,0.0023122888604717494,-0.050000000000000044,-0.030000000000000027,0.1400003433227539
2021-06-29,35.994266510009766,328.49957275390625,135.23483276367188,4291.7998046875,1.49,0.27,16.020000457763672,-0.0012315901573106529,-0.016252982539321278,0.010548671854626462,0.0002772977426878152,0.0,0.020000000000000018,0.26000022888183594
2021-06-30,36.293556213378906,334.5913391113281,136.46311950683594,4297.5,1.45,0.25,15.829999923706056,0.00904162214464162,0.008280548568766392,0.018374366585182354,0.0013272784229071918,-0.040000000000000036,-0.020000000000000018,-0.1900005340576154
2021-07-01,36.566444396972656,330.5888977050781,137.81422424316406,4319.93994140625,1.48,0.25,15.479999542236328,0.009852185723031256,0.007490789385945849,-0.012034301348329725,0.005208041432254744,0.030000000000000027,0.0,-0.35000038146972834
2021-07-02,36.2231330871582,329.85723876953125,137.68186950683594,4352.33984375,1.44,0.24,15.06999969482422,-0.0009608466291431941,-0.009433049823881092,-0.0022156514951201067,0.007472095894691671,-0.040000000000000036,-0.010000000000000009,-0.4099998474121076
2021-07-06,35.272438049316406,326.0663757324219,135.36996459960938,4343.5400390625,1.37,0.22,16.440000534057617,-0.016934221759504663,-0.026596083133802115,-0.011558983885734824,-0.0020239027700217787,-0.06999999999999984,-0.01999999999999999,1.3700008392333967
2021-07-07,34.99076461791992,324.1356201171875,135.5287628173828,4358.1298828125,1.33,0.22,16.200000762939453,0.001172380819033589,-0.008017708547822175,-0.005938958362371736,0.0033533465536629346,-0.040000000000000036,0.0,-0.23999977111816406
2021-07-08,34.13688659667969,316.4393310546875,133.1904296875,4320.81982421875,1.3,0.19,19.0,-0.017403983176236256,-0.024705640579261515,-0.024030472641587995,-0.008597881009556396,-0.030000000000000027,-0.03,2.799999237060547
2021-07-09,35.246036529541016,327.7413330078125,137.4524688720703,4369.5498046875,1.37,0.23,16.18000030517578,0.031498270082733794,0.031974566026864305,0.03509314220315216,0.011214825902413766,0.07000000000000006,0.04000000000000001,-2.8199996948242188
2021-07-12,35.7653923034668,335.44659423828125,139.42019653320312,4384.6298828125,1.38,0.23,16.170000076293945,0.014214193291022695,0.014627646363107188,0.023238082760501624,0.0034452326955940497,0.009999999999999787,0.0,-0.010000228881835938
2021-07-13,35.087581634521484,331.46173095703125,137.3465576171875,4369.2099609375,1.42,0.26,17.1200008392334,-0.014985020331278655,-0.0191334621376933,-0.011950400240842362,-0.0035230111811655838,0.040000000000000036,0.03,0.9500007629394531
2021-07-14,34.20731735229492,330.0687255859375,136.87890625,4374.2998046875,1.37,0.23,16.329999923706055,-0.0034107103982204128,-0.025407689431374083,-0.004211468772848777,0.0011642565654693257,-0.04999999999999982,-0.03,-0.7900009155273438
2021-07-15,34.18090057373047,329.14312744140625,137.1788787841797,4360.02978515625,1.31,0.23,17.010000228881836,0.002189119743031087,-0.0007725535385907559,-0.002808198149201814,-0.0032675735627459117,-0.06000000000000005,0.0,0.6800003051757812
2021-07-16,33.379852294921875,321.60552978515625,134.04635620117188,4327.16015625,1.31,0.25,18.450000762939453,-0.023100076792723728,-0.02371453204723761,-0.02316696221711047,-0.007567415006813217,0.0,0.01999999999999999,1.4400005340576172
2021-07-19,32.50839614868164,312.7190856933594,129.687255859375,4258.490234375,1.19,0.21,22.5,-0.03305985403350876,-0.026454094259261506,-0.028020434005094914,-0.015996781399983978,-0.1200000000000001,-0.04000000000000001,4.049999237060547
2021-07-20,33.177398681640625,321.5702514648437,132.10508728027344,4323.06005859375,1.23,0.2,19.729999542236328,0.018471893720834142,0.02037048248994584,0.027910733604749074,0.0150488060047999,0.040000000000000036,-0.009999999999999981,-2.770000457763672
2021-07-21,33.855201721191406,329.2753601074219,134.88462829589844,4358.68994140625,1.3,0.22,17.90999984741211,0.02082208622567887,0.020223775809663655,0.023678330159586577,0.008208041662144044,0.07000000000000006,0.01999999999999999,-1.8199996948242188
2021-07-22,33.41507339477539,328.578857421875,133.1815948486328,4367.47998046875,1.27,0.2,17.690000534057617,-0.012706236092710347,-0.013085559884292268,-0.0021174993706391,0.0020146392092429753,-0.030000000000000027,-0.01999999999999999,-0.2199993133544922
2021-07-23,33.18620681762695,329.7601928710937,132.9257049560547,4411.7900390625,1.3,0.22,17.200000762939453,-0.0019232089584787135,-0.006872765126796296,0.0035888398740343335,0.010094332386254415,0.030000000000000027,0.01999999999999999,-0.48999977111816406
2021-07-26,33.56471633911133,331.3911437988281,133.81692504882812,4422.2998046875,1.29,0.22,17.579999923706055,0.006682272039088977,0.011341073967675523,0.004933679009775765,0.0023793669227295928,-0.010000000000000009,0.0,0.37999916076660156
2021-07-27,33.432674407958984,330.4566650390625,133.64047241210938,4401.4599609375,1.25,0.2,19.36000061035156,-0.0013194823848187048,-0.003941708793192512,-0.002823849737834501,-0.004723583382178003,-0.040000000000000036,-0.01999999999999999,1.7800006866455043
2021-07-28,33.56471633911133,329.9189758300781,133.86105346679688,4400.64013671875,1.26,0.2,18.309999465942383,0.0016491951136223659,0.003941708793192485,-0.0016284347711464878,-0.000186279231552706,0.010000000000000009,0.0,-1.0500011444091761
2021-07-29,34.04887008666992,332.8458557128906,135.00820922851562,4419.14990234375,1.28,0.2,17.700000762939453,0.008533238133405122,0.014321441836408624,0.008832390528042291,0.004197331845272641,0.020000000000000018,0.0,-0.6099987030029297
2021-07-30,33.76718521118164,330.491943359375,133.93161010742188,4395.259765625,1.24,0.19,18.239999771118164,-0.00800628835579784,-0.008307368932853533,-0.007097205186888612,-0.005420713608261166,-0.040000000000000036,-0.010000000000000009,0.5399990081787109
2021-08-02,33.41507339477539,333.4100341796875,133.39334106445312,4387.16015625,1.2,0.17,19.459999084472656,-0.004027082156395964,-0.010482381744434346,0.008790784516405395,-0.001844505670060361,-0.040000000000000036,-0.01999999999999999,1.2199993133544922
2021-08-03,33.93443298339844,335.32305908203125,134.9110870361328,4423.14990234375,1.19,0.17,18.040000915527344,0.011313731731874454,0.015423123691215816,0.005721356218248466,0.008169961338918062,-0.010000000000000009,0.0,-1.4199981689453125
2021-08-04,33.68795394897461,333.1191711425781,133.4551239013672,4402.66015625,1.19,0.17,17.969999313354492,-0.010850676131941,-0.007289897241105192,-0.006594125342991967,-0.004643150661295458,0.0,0.0,-0.07000160217285156
2021-08-05,34.3481559753418,338.7965393066406,135.1405487060547,4429.10009765625,1.23,0.21,17.280000686645508,0.012550067616934016,0.019408009958528132,0.016899450905639525,0.005987485990419113,0.040000000000000036,0.03999999999999998,-0.6899986267089844
2021-08-06,35.34286117553711,350.77740478515625,138.97897338867188,4436.52001953125,1.31,0.21,16.149999618530273,0.02800731270862804,0.028548091173574333,0.034752099726501506,0.0016738645485288822,0.08000000000000007,0.0,-1.1300010681152344
2021-08-09,35.80060577392578,352.5318298339844,138.82901000976562,4432.35009765625,1.33,0.23,16.719999313354492,-0.0010796190349744031,0.012868389318110037,0.0049890676861739066,-0.0009403502649549345,0.020000000000000018,0.020000000000000018,0.5699996948242188
2021-08-10,36.469608306884766,359.6639099121094,140.53204345703125,4436.75,1.36,0.24,16.790000915527344,0.012192498012162196,0.018514450294296037,0.020029096234980663,0.0009921869538634502,0.030000000000000027,0.009999999999999981,0.07000160217285156
2021-08-11,36.92734909057617,364.8829650878906,142.20863342285156,4442.41015625,1.35,0.23,16.170000076293945,0.011859698686799064,0.012473179666413765,0.014406646758409228,0.0012749307180154837,-0.010000000000000009,-0.009999999999999981,-0.6200008392333984
2021-08-12,37.10341262817383,365.8614807128906,142.76451110839844,4460.830078125,1.36,0.23,15.59000015258789,0.0039012686019552307,0.004756505686378173,0.002678135196189037,0.00413780773547866,0.010000000000000009,0.0,-0.5799999237060547
2021-08-13,36.64566421508789,362.1412048339844,141.16734313964844,4468.0,1.29,0.23,15.449999809265137,-0.011250479940072944,-0.012413831088852592,-0.010220589395753318,0.0016060163209228441,-0.07000000000000006,0.0,-0.1400003433227539
2021-08-16,36.34636688232422,359.9989624023437,140.2408447265625,4479.7099609375,1.26,0.21,16.1200008392334,-0.006584753398807634,-0.008200868113402465,-0.0059330551406681815,0.0026174222619943593,-0.030000000000000027,-0.020000000000000018,0.6700010299682617
2021-08-17,36.17031478881836,357.0191345214844,138.5465850830078,4448.080078125,1.26,0.23,17.90999984741211,-0.012154640567225289,-0.004855501805399444,-0.008311770787581838,-0.007085743507137991,0.0,0.020000000000000018,1.789999008178711
2021-08-18,35.906246185302734,351.5796813964844,137.28480529785156,4400.27001953125,1.27,0.23,21.56999969482422,-0.009148984709304066,-0.007327480153765286,-0.015353003276265015,-0.01080665284525433,0.010000000000000009,0.0,3.6599998474121094
2021-08-19,35.378074645996094,346.9689636230469,136.13766479492188,4405.7998046875,1.24,0.22,21.670000076293945,-0.008391023848996386,-0.014819000834223722,-0.013201041228269445,0.001255903256156918,-0.030000000000000027,-0.010000000000000009,0.10000038146972656
2021-08-20,35.53652572631836,348.9966125488281,136.52590942382812,4441.669921875,1.26,0.23,18.559999465942383,0.002847794337069818,0.004468793257827857,0.005826882053331911,0.00810860389074176,0.020000000000000018,0.010000000000000009,-3.1100006103515625
2021-08-23,36.01186752319336,353.9159240722656,138.2730712890625,4479.52978515625,1.25,0.23,17.149999618530273,0.012716098171260452,0.013287476322250077,0.013997166313336333,0.008487667984412181,-0.010000000000000009,0.0,-1.4099998474121094
2021-08-24,36.51362228393555,360.1840209960937,139.12899780273438,4486.22998046875,1.29,0.24,17.219999313354492,0.006171037099569871,0.013836866665812131,0.017555687976317052,0.0014946188019620721,0.040000000000000036,0.009999999999999981,0.06999969482421875
2021-08-25,37.10341262817383,364.2040710449219,141.99685668945312,4496.18994140625,1.35,0.23,16.790000915527344,0.02040337685400492,0.016023545749753433,0.011099274997435907,0.00221765740325088,0.06000000000000005,-0.009999999999999981,-0.42999839782714844
2021-08-26,37.00657272338867,363.5782165527344,142.72923278808594,4470.0,1.34,0.25,18.84000015258789,0.005144436993354623,-0.0026134119293959772,-0.001719895241002852,-0.0058419498276026565,-0.010000000000000009,0.01999999999999999,2.049999237060547
2021-08-27,37.40269470214844,369.99615478515625,143.8763427734375,4509.3701171875,1.31,0.22,16.389999389648438,0.008004841555680048,0.01064721464396527,0.017498163074125102,0.008769071540452218,-0.030000000000000027,-0.03,-2.450000762939453
2021-08-30,36.672061920166016,364.6273193359375,141.57325744628906,4528.7900390625,1.29,0.2,16.190000534057617,-0.0161368963347618,-0.019727543107480344,-0.014616824063877053,0.0042973241068746,-0.020000000000000018,-0.01999999999999999,-0.1999988555908203
2021-08-31,36.75129699707031,366.31927490234375,141.14089965820312,4522.68017578125,1.3,0.2,16.479999542236328,-0.003058623802779545,0.0021583078963184833,0.004629499888535566,-0.0013500269158932096,0.010000000000000009,0.0,0.28999900817871094
2021-09-01,36.25834655761719,366.4521789550781,140.93797302246094,4524.08984375,1.31,0.2,16.110000610351562,-0.0014387938296883097,-0.013503912810816263,0.0003627435361792647,0.00031164006095334113,0.010000000000000009,0.0,-0.3699989318847656
2021-09-02,36.29373550415039,367.1963195800781,141.59097290039062,4536.9501953125,1.29,0.2,16.40999984741211,0.004622542575706628,0.0009755460721220298,0.0020286032934801403,0.002838605754404257,-0.020000000000000018,0.0,0.2999992370605469
2021-09-03,36.320274353027344,364.370361328125,140.73501586914062,4535.43017578125,1.33,0.21,16.40999984741211,-0.006063626360437027,0.0007309567426667825,-0.007725809231162392,-0.0003350872611813474,0.040000000000000036,0.009999999999999981,0.0
2021-09-07,36.559173583984375,363.4933471679688,140.48794555664062,4520.02978515625,1.38,0.22,18.13999938964844,-0.0017571138204039098,0.0065560344763293185,-0.0024098318801775583,-0.0034013524523203464,0.04999999999999982,0.010000000000000009,1.7299995422363317
2021-09-08,36.08138656616211,358.78045654296875,139.86141967773438,4514.06982421875,1.35,0.22,17.959999084472656,-0.004469615413005851,-0.013155017171673788,-0.013050334897329171,-0.001319436813816666,-0.029999999999999805,0.0,-0.1800003051757848
2021-09-09,36.2140998840332,358.4083557128906,140.47027587890625,4493.27978515625,1.3,0.23,18.799999237060547,0.004343833881022973,0.0036714177733940864,-0.0010376649972995723,-0.004616247150002522,-0.050000000000000044,0.010000000000000009,0.8400001525878906
2021-09-10,35.63014602661133,357.4339904785156,138.85546875,4458.580078125,1.35,0.23,20.950000762939453,-0.011562307805890005,-0.01625646452866328,-0.002722291692578214,-0.0077525522862761,0.050000000000000044,0.0,2.1500015258789062
2021-09-13,36.22294998168945,362.5543212890625,141.06150817871094,4468.72998046875,1.33,0.21,19.3700008392334,0.015762424470821886,0.01650081732096202,0.014223611832473648,0.002273900346369644,-0.020000000000000018,-0.020000000000000018,-1.5799999237060547
2021-09-14,35.24967956542969,357.6199951171875,138.5995635986328,4443.0498046875,1.28,0.21,19.459999084472656,-0.017607085364276017,-0.027236456473150306,-0.013703358406538763,-0.005763213966258604,-0.050000000000000044,0.0,0.08999824523925781
2021-09-15,35.515140533447266,356.0785827636719,139.56137084960938,4480.7001953125,1.31,0.21,18.18000030517578,0.006915500812621298,0.007502660584080865,-0.004319511900260529,0.008438294222079725,0.030000000000000027,0.0,-1.279998779296875
2021-09-16,35.78940963745117,351.40997314453125,139.49961853027344,4473.75,1.34,0.23,18.690000534057617,-0.00044257221678398385,0.007692930001684475,-0.013197888068938719,-0.0015523447127638308,0.030000000000000027,0.020000000000000018,0.5100002288818359
2021-09-17,35.83365249633789,346.7856750488281,139.13784790039062,4432.990234375,1.37,0.23,20.809999465942383,-0.002596713484368239,0.0012354362741823068,-0.013246618558534389,-0.0091526302757993,0.030000000000000027,0.0,2.1199989318847656
2021-09-20,34.60380172729492,334.9769287109375,134.97288513183594,4357.72998046875,1.31,0.23,25.709999084472656,-0.03039124583340027,-0.034923913195376854,-0.03464527803182678,-0.017123077726381844,-0.06000000000000005,0.0,4.899999618530273
2021-09-21,34.62150192260742,332.9482727050781,134.9905242919922,4354.18994140625,1.33,0.22,24.36000061035156,0.00013067815537676298,0.0005113793588468391,-0.006074519241482205,-0.0008126886585469564,0.020000000000000018,-0.010000000000000009,-1.3499984741210973
2021-09-22,35.515140533447266,341.479248046875,137.5759735107422,4395.64013671875,1.32,0.25,20.8700008392334,0.0189717135938772,0.025484167560663358,0.02529976940581956,0.009474585224220084,-0.010000000000000009,0.03,-3.4899997711181605
2021-09-23,36.88654708862305,347.1400451660156,142.2262725830078,4448.97998046875,1.41,0.27,18.6299991607666,0.03324295913203951,0.03788780756921976,0.016441376803462013,0.012061680369935969,0.08999999999999986,0.020000000000000018,-2.240001678466797
2021-09-24,37.28468704223633,346.245361328125,143.8675079345703,4455.47998046875,1.47,0.29,17.75,0.011473533980198037,0.01073580026865225,-0.002580626376134325,0.0014599428113642636,0.06000000000000005,0.019999999999999962,-0.8799991607666016
2021-09-27,38.2756462097168,354.18280029296875,147.34417724609375,4443.10986328125,1.48,0.31,18.76000022888184,0.023878399667589225,0.026231117441553153,0.02266550433577559,-0.002780243920187674,0.010000000000000009,0.020000000000000018,1.0100002288818395
2021-09-28,38.18717575073242,345.0494079589844,146.55003356933594,4352.6298828125,1.54,0.31,23.25,-0.0054042956980613855,-0.002314078821464007,-0.02612554660841079,-0.020574317739894057,0.06000000000000005,0.0,4.4899997711181605
2021-09-29,38.107547760009766,340.9654846191406,146.4353485107422,4359.4599609375,1.55,0.3,22.559999465942383,-0.0007828722623427112,-0.002087379466656152,-0.011906364217963124,0.0015679543362838073,0.010000000000000009,-0.010000000000000009,-0.6900005340576172
2021-09-30,37.5589714050293,334.8883361816406,144.44107055664062,4307.5400390625,1.52,0.28,23.13999938964844,-0.01371241580276036,-0.014500097867456511,-0.017984102605855666,-0.011981202945014901,-0.030000000000000027,-0.019999999999999962,0.5799999237060582
2021-10-01,38.11639404296875,336.633544921875,147.47657775878906,4357.0400390625,1.48,0.27,21.100000381469727,0.020797760159151156,0.014732210843759105,0.005197783478179077,0.011425952113334161,-0.040000000000000036,-0.010000000000000009,-2.0399990081787145
2021-10-04,38.34642791748047,331.4511413574219,147.31773376464844,4300.4599609375,1.49,0.27,22.959999084472656,-0.0010776599364659047,0.006016899784967612,-0.015514522697581256,-0.013070952048643704,0.010000000000000009,0.0,1.8599987030029297
2021-10-05,39.125038146972656,341.78045654296875,149.7234649658203,4345.72021484375,1.54,0.28,21.299999237060547,0.01619831736228093,0.02010124465114216,0.030688178788434058,0.010469517498601526,0.050000000000000044,0.010000000000000009,-1.6599998474121094
2021-10-06,39.14273452758789,343.7648010253906,150.0430908203125,4363.5498046875,1.53,0.3,21.0,0.002132499236148942,0.0004522009586339199,0.005789114584135707,0.004094399349624824,-0.010000000000000009,0.019999999999999962,-0.2999992370605469
2021-10-07,39.03656005859375,346.0415954589844,150.992919921875,4399.759765625,1.58,0.32,19.540000915527344,0.00631042280411499,-0.002716180411514826,0.006601280339417616,0.008264039225065405,0.050000000000000044,0.020000000000000018,-1.4599990844726562
2021-10-08,39.23121643066406,347.98162841796875,151.10833740234375,4391.33984375,1.61,0.32,18.770000457763672,0.0007640980187009847,0.004974122995412574,0.0055907005568851835,-0.0019155566024214522,0.030000000000000027,0.0,-0.7700004577636719
2021-10-12,38.52338790893555,342.4183349609375,146.79396057128906,4350.64990234375,1.59,0.35,19.850000381469727,-0.028967070988182395,-0.01820723239712316,-0.016116495277395736,-0.009309147330894718,-0.020000000000000018,0.02999999999999997,1.0799999237060547
2021-10-13,38.16947937011719,342.2234191894531,142.92349243164062,4363.7998046875,1.56,0.37,18.63999938964844,-0.02672050568539258,-0.009229308110012923,-0.0005693949443454241,0.0030179558702319183,-0.030000000000000027,0.020000000000000018,-1.2100009918212855
2021-10-14,39.87710189819336,346.55535888671875,145.11619567871094,4438.259765625,1.52,0.36,16.860000610351562,0.015225301893663246,0.04376604499843459,0.012578775518777952,0.016919162285711567,-0.040000000000000036,-0.010000000000000009,-1.7799987792968786
2021-10-15,41.02731704711914,359.7283630371094,147.90362548828125,4471.3701171875,1.59,0.41,16.299999237060547,0.01902611150182544,0.028435842391124885,0.03730662774147729,0.007432520637190081,0.07000000000000006,0.04999999999999999,-0.5600013732910156
2021-10-18,40.94769287109375,366.478759765625,147.8503875732422,4486.4599609375,1.59,0.44,16.309999465942383,-0.00036001483167029836,-0.001942645719611089,0.01859136587546037,0.0033690878018038262,0.0,0.030000000000000027,0.010000228881835938
2021-10-19,41.12464904785156,365.1233215332031,149.64356994628906,4519.6298828125,1.65,0.41,15.699999809265137,0.012055398403865032,0.00431220669059728,-0.003705401660046136,0.007366142784235753,0.05999999999999983,-0.030000000000000027,-0.6099996566772461
2021-10-20,41.66435623168945,361.3407287597656,151.65870666503906,4536.18994140625,1.65,0.4,15.489999771118164,0.01337637928445975,0.013038321399026387,-0.010413803563115949,0.003657333598560689,0.0,-0.009999999999999953,-0.21000003814697266
2021-10-21,41.43431854248047,361.0749206542969,150.46917724609375,4549.77978515625,1.68,0.45,15.010000228881836,-0.007874384515788823,-0.005536508914122284,-0.0007358869306876199,0.002991393168360022,0.030000000000000027,0.04999999999999999,-0.4799995422363281
2021-10-22,42.08905029296875,367.0368957519531,152.4931640625,4544.89990234375,1.66,0.48,15.43000030517578,0.013361508360558768,0.015678131063389947,0.016376903146827722,-0.0010731292246643565,-0.020000000000000018,0.02999999999999997,0.42000007629394354
2021-10-25,42.03596496582031,367.4177856445313,151.7475128173828,4566.47998046875,1.64,0.47,15.239999771118164,-0.004901729418569262,-0.001262058236335187,0.0010372047081259389,0.004736959440853509,-0.020000000000000018,-0.010000000000000009,-0.1900005340576154
2021-10-26,42.434120178222656,369.9514465332031,152.1558380126953,4574.7900390625,1.63,0.47,15.979999542236328,0.0026872059153637095,0.009427199237679275,0.006872190347879505,0.0018181414322441137,-0.010000000000000009,0.0,0.7399997711181641
2021-10-27,41.620113372802734,364.0869445800781,148.9866485595703,4551.68017578125,1.54,0.5,16.979999542236328,-0.02104855077211763,-0.01936921484799573,-0.015979073590489317,-0.0050643703711055294,-0.08999999999999986,0.030000000000000027,1.0
2021-10-28,42.27485656738281,367.4798278808594,151.23260498046875,4596.419921875,1.57,0.5,16.530000686645508,0.014962386955619453,0.015608956971723634,0.009275729175250163,0.009781288424184026,0.030000000000000027,0.0,-0.4499988555908203
2021-10-29,42.27485656738281,366.177490234375,150.8153533935547,4605.3798828125,1.55,0.48,16.260000228881836,-0.0027628185575080785,0.0,-0.00355026517764446,0.0019474372317175562,-0.020000000000000018,-0.020000000000000018,-0.2700004577636719
2021-11-01,42.336795806884766,369.1452941894531,150.73548889160156,4613.669921875,1.58,0.5,16.40999984741211,-0.0005296917973449169,0.0014640832279712707,0.008072155883181263,0.0017984589459023885,0.030000000000000027,0.020000000000000018,0.14999961853027344
2021-11-02,42.36333847045898,375.4793090820313,151.3302459716797,4630.64990234375,1.56,0.46,16.030000686645508,0.003937936548407422,0.0006267443297349813,0.017013049642700204,0.003673607120388547,-0.020000000000000018,-0.03999999999999998,-0.37999916076660156
2021-11-03,42.79688262939453,370.2082824707031,151.38352966308594,4660.56982421875,1.6,0.47,15.100000381469728,0.0003520400870084566,0.010181934683936194,-0.014137594522912801,0.00644049461289024,0.040000000000000036,0.009999999999999953,-0.9300003051757795
2021-11-04,41.876708984375,361.5001831054688,149.39505004882812,4680.06005859375,1.53,0.41,15.4399995803833,-0.013222408237405144,-0.02173546329366281,-0.02380322473707651,0.004173222342817036,-0.07000000000000006,-0.06,0.33999919891357244
2021-11-05,41.55818939208984,360.6231384277344,149.18194580078125,4697.52978515625,1.45,0.39,16.479999542236328,-0.0014274661959581987,-0.007635201716738451,-0.0024290729376106363,0.003725850045284445,-0.08000000000000007,-0.019999999999999962,1.0399999618530273
2021-11-08,41.88556289672852,361.7393493652344,150.07859802246094,4701.7001953125,1.51,0.45,17.219999313354492,0.005992469928924164,0.007846607453179555,0.003090447925414385,0.0008873940607025194,0.06000000000000005,0.06,0.7399997711181641
2021-11-09,41.478553771972656,359.090576171875,148.94227600097656,4685.25,1.46,0.41,17.780000686645508,-0.007600322185871586,-0.009764689533423111,-0.007349265122244793,-0.0035049109264001276,-0.050000000000000044,-0.040000000000000036,0.5600013732910156
2021-11-10,41.788230895996094,353.5715637207031,148.80023193359375,4646.7099609375,1.56,0.51,18.729999542236328,-0.0009541404023522848,0.007438225291254211,-0.015488749792292941,-0.008259842163861058,0.10000000000000009,0.10000000000000003,0.9499988555908203
2021-11-12,41.505104064941406,358.7007751464844,148.12557983398438,4682.85009765625,1.58,0.53,16.290000915527344,-0.004544254718515382,-0.006798333183174938,0.01440263733637274,0.007747485897119087,0.020000000000000018,0.020000000000000018,-2.4399986267089844
2021-11-15,41.62895965576172,358.6122131347656,147.85926818847656,4682.7998046875,1.63,0.53,16.489999771118164,-0.0017994956103391838,0.002979661450758577,-0.0002469271116390565,-1.0739878017001878e-05,0.04999999999999982,0.0,0.1999988555908203
2021-11-16,41.6555061340332,357.08843994140625,146.79396057128906,4700.89990234375,1.63,0.54,16.3700008392334,-0.007230955950862022,0.0006374893305435384,-0.00425813638480206,0.0038577790571266367,0.0,0.010000000000000009,-0.11999893188476562
2021-11-17,41.15119171142578,346.8654479980469,146.00392150878906,4688.669921875,1.6,0.52,17.110000610351562,-0.005396493814703926,-0.012180673087827252,-0.029046535209095774,-0.0026050154828958787,-0.029999999999999805,-0.020000000000000018,0.7399997711181641
2021-11-18,40.98307800292969,346.7059020996094,144.7433319091797,4704.5400390625,1.59,0.52,17.59000015258789,-0.008671431862666716,-0.004093637012895565,-0.0004600706220902644,0.0033790647401719144,-0.010000000000000009,0.0,0.4799995422363281
2021-11-19,40.16908264160156,343.18023681640625,142.85250854492188,4697.9599609375,1.54,0.52,17.90999984741211,-0.01314935991911337,-0.02006163866399966,-0.010221095274578092,-0.001399644604988097,-0.050000000000000044,0.0,0.31999969482421875
2021-11-22,40.94769287109375,350.9493713378906,145.89739990234375,4682.93994140625,1.63,0.63,19.170000076293945,0.021090945060574216,0.019197857360379957,0.022386190937568173,-0.003202258316960725,0.08999999999999986,0.10999999999999999,1.260000228881836
2021-11-23,42.02711486816406,359.967529296875,149.38613891601562,4690.7001953125,1.67,0.6,19.3799991607666,0.02363085577896137,0.026019533509899852,0.025371859125134375,0.001655761383195201,0.040000000000000036,-0.030000000000000027,0.20999908447265625
2021-11-24,42.14214324951172,353.6335144042969,148.21435546875,4701.4599609375,1.64,0.64,18.57999992370605,-0.007874916372658854,0.0027332652213489734,-0.01775272415741301,0.0022912237766672798,-0.030000000000000027,0.040000000000000036,-0.7999992370605504
2021-11-26,40.48759841918945,344.951904296875,143.7490997314453,4594.6201171875,1.48,0.5,28.6200008392334,-0.030590156761882415,-0.040052551950731034,-0.02485610734919425,-0.022987011159321162,-0.15999999999999992,-0.14,10.040000915527347
2021-11-29,40.337188720703125,342.42724609375,143.12770080566406,4655.27001953125,1.52,0.51,22.959999084472656,-0.004332172531699232,-0.00372187487121508,-0.007345784504351569,0.013113836082824229,0.040000000000000036,0.010000000000000009,-5.660001754760742
2021-11-30,39.346229553222656,337.510498046875,140.99716186523438,4567.0,1.43,0.52,27.190000534057617,-0.014997482828151975,-0.024873688419865543,-0.014462599820789774,-0.019143381187850562,-0.09000000000000008,0.010000000000000009,4.230001449584961
2021-12-01,38.788822174072266,335.2753601074219,140.1626739501953,4513.0400390625,1.43,0.56,31.1200008392334,-0.005936056713118914,-0.014268035230403252,-0.0066444504906388435,-0.011885541457955926,0.0,0.040000000000000036,3.9300003051757812
2021-12-02,39.90900802612305,345.12481689453125,143.1099395751953,4577.10009765625,1.44,0.63,27.950000762939453,0.020809438249296024,0.028469946653744842,0.02895397503965714,0.014094638396057768,0.010000000000000009,0.06999999999999995,-3.1700000762939453
2021-12-03,39.00218963623047,340.8412475585937,140.5177764892578,4538.43017578125,1.35,0.6,30.670000076293945,-0.01827913927075349,-0.022984274408129075,-0.012489320501841502,-0.00848445514173865,-0.08999999999999986,-0.030000000000000027,2.719999313354492
2021-12-06,39.25111770629883,346.692138671875,142.17779541015625,4591.669921875,1.43,0.65,27.18000030517578,0.01174435092990263,0.006362131344235773,0.017020358506036833,0.011662599309686139,0.07999999999999985,0.050000000000000044,-3.489999771118164
2021-12-07,39.74898147583008,356.319091796875,144.31723022460938,4686.75,1.48,0.7,21.88999938964844,0.014935509471943144,0.012604297105934355,0.02738947695841727,0.020495603186252546,0.050000000000000044,0.04999999999999993,-5.29000091552734
2021-12-08,39.260013580322266,353.8344116210937,142.66612243652344,4701.2099609375,1.52,0.68,19.899999618530277,-0.011506772018349872,-0.012377682766904388,-0.0069976147485816395,0.003080535586585806,0.040000000000000036,-0.019999999999999907,-1.989999771118164
2021-12-09,39.55339431762695,353.09521484375,142.44418334960938,4667.4501953125,1.49,0.7,21.57999992370605,-0.0015568650254899593,0.0074449792299806595,-0.002091288917812002,-0.007206988232523656,-0.030000000000000027,0.019999999999999907,1.6800003051757741
2021-12-10,39.58007049560547,348.2595520019531,141.87600708007812,4712.02001953125,1.48,0.67,18.690000534057617,-0.003996740611397533,0.0006742072788537786,-0.013789710137339794,0.009503769118209724,-0.010000000000000009,-0.029999999999999916,-2.889999389648434
2021-12-13,38.74436569213867,342.542236328125,140.1893310546875,4668.97021484375,1.42,0.66,20.309999465942383,-0.01195961290811644,-0.021340377530093543,-0.01655307301517342,-0.009178158342793815,-0.06000000000000005,-0.010000000000000009,1.6199989318847656
2021-12-14,39.23334503173828,346.26470947265625,141.26348876953125,4634.08984375,1.44,0.67,21.88999938964844,0.007632987516478877,0.012541680038885698,0.010808570985079842,-0.0074987228546236715,0.020000000000000018,0.010000000000000009,1.5799999237060582
2021-12-15,39.06441879272461,347.2354431152344,140.2070770263672,4709.85009765625,1.47,0.69,19.290000915527344,-0.007506409777307279,-0.004314976389255446,0.002799521450576388,0.016216267351890877,0.030000000000000027,0.019999999999999907,-2.5999984741210973
2021-12-16,40.00680923461914,353.87890625,142.39976501464844,4668.669921875,1.44,0.64,20.56999969482422,0.015517897395169993,0.0238376231078164,0.01895172159215734,-0.008781863311112446,-0.030000000000000027,-0.04999999999999993,1.279998779296875
2021-12-17,39.01107406616211,340.0130920410156,139.15951538085938,4620.64013671875,1.41,0.66,21.56999969482422,-0.023017480980856226,-0.025204114254014774,-0.03997065900157877,-0.01034096458405368,-0.030000000000000027,0.020000000000000018,1.0
2021-12-20,38.3709831237793,330.93829345703125,136.6562042236328,4568.02001953125,1.43,0.65,22.8700008392334,-0.018152554179048853,-0.016544030108056704,-0.027052189475134134,-0.01145339832325659,0.020000000000000018,-0.010000000000000009,1.3000011444091797
2021-12-21,39.28668212890625,338.6950378417969,138.5648193359375,4649.22998046875,1.48,0.7,21.01000022888184,0.01386991215221668,0.02358405818660556,0.023168175719731746,0.017621755385195486,0.050000000000000044,0.04999999999999993,-1.860000610351559
2021-12-22,39.36669921875,340.48504638671875,139.10629272460938,4696.56005859375,1.46,0.68,18.6299991607666,0.003900110969485335,0.002034677113126571,0.005271098876498355,0.010128728029127596,-0.020000000000000018,-0.019999999999999907,-2.380001068115238
2021-12-23,39.49114990234375,342.8984375,139.6033935546875,4725.7900390625,1.5,0.71,17.959999084472656,0.0035671624035289486,0.003156332268762053,0.0070630947434631485,0.006204412685251626,0.040000000000000036,0.029999999999999916,-0.6700000762939453
2021-12-27,39.68674850463867,345.570068359375,140.40235900878906,4791.18994140625,1.48,0.76,17.68000030517578,0.0057067943436507175,0.004940747459236123,0.007761122686377812,0.013744051573605864,-0.020000000000000018,0.050000000000000044,-0.279998779296875
2021-12-28,39.74009704589844,345.1871337890625,140.82847595214844,4786.35009765625,1.49,0.74,17.540000915527344,0.0030303737462527465,0.0013433379838397642,-0.001108738666350398,-0.0010106653988873737,0.010000000000000009,-0.020000000000000018,-0.1399993896484375
2021-12-29,39.6778564453125,343.9314880371094,140.75746154785156,4793.06005859375,1.55,0.75,16.950000762939453,-0.0005043888656721676,-0.001567419219271753,-0.003644211901387806,0.0014009134018576786,0.06000000000000005,0.010000000000000009,-0.5900001525878906
2021-12-30,39.58895111083984,343.3258972167969,140.68643188476562,4778.72998046875,1.52,0.73,17.329999923706055,-0.0005047518617489229,-0.0022431929452946743,-0.0017623411258886525,-0.002994233841904309,-0.030000000000000027,-0.020000000000000018,0.37999916076660156
2021-12-31,39.55339431762695,340.6809997558594,140.57102966308594,4766.18017578125,1.52,0.73,17.219999313354492,-0.0008206162959780122,-0.0008985529911391153,-0.00773357887136161,-0.0026296343734744394,0.0,0.0,-0.1100006103515625
2022-01-03,41.05587768554688,352.0621643066406,143.544921875,4796.56005859375,1.63,0.78,16.600000381469727,0.020935120406266713,0.03728249523303066,0.032861208291657444,0.006353824170388397,0.10999999999999988,0.050000000000000044,-0.6199989318847656
2022-01-04,42.6650390625,362.8824157714844,148.9866485595703,4793.5400390625,1.66,0.77,16.90999984741211,0.03720866431118379,0.038445818332628126,0.030271095146306996,-0.0006298202522032699,0.030000000000000027,-0.010000000000000009,0.3099994659423828
2022-01-05,41.94491195678711,355.0010681152344,146.26287841796875,4700.580078125,1.71,0.83,19.729999542236328,-0.01845115515387673,-0.017022690270866524,-0.021958060049572545,-0.019583264304501073,0.050000000000000044,0.05999999999999994,2.8199996948242188
2022-01-06,42.78950881958008,353.487060546875,147.81678771972656,4696.0498046875,1.73,0.88,19.61000061035156,0.010568046300662765,0.019935814222460282,-0.004273917407300089,-0.0009642337401809882,0.020000000000000018,0.050000000000000044,-0.11999893188476918
2022-01-07,43.72299575805664,354.0035705566406,149.2813720703125,4677.02978515625,1.76,0.87,18.76000022888184,0.009859342215677446,0.02158123091402672,0.0014601185622041457,-0.004058441082336512,0.030000000000000027,-0.010000000000000009,-0.8500003814697195
2022-01-10,43.50074005126953,355.48193359375,149.42428588867188,4670.2900390625,1.78,0.92,19.399999618530277,0.0009568873267457924,-0.005096231794070053,0.004167428842671156,-0.0014420705375388979,0.020000000000000018,0.050000000000000044,0.6399993896484375
2022-01-11,43.74966430664063,358.937255859375,149.57606506347656,4713.06982421875,1.75,0.9,18.40999984741211,0.0010152442119761842,0.00570598916032725,0.009673170204644867,0.009118286452399373,-0.030000000000000027,-0.020000000000000018,-0.9899997711181676
2022-01-12,43.43850326538086,347.5915832519531,150.42446899414062,4726.35009765625,1.74,0.92,17.6200008392334,0.005656031213945136,-0.007137719967860295,-0.03211941924000469,0.0028137920146670695,-0.010000000000000009,0.020000000000000018,-0.7899990081787109
2022-01-13,43.3495979309082,348.0279846191406,150.23695373535156,4659.02978515625,1.7,0.91,20.309999465942383,-0.001247351797909071,-0.0020487915819305536,0.001254712905145814,-0.014346029234400533,-0.040000000000000036,-0.010000000000000009,2.6899986267089844
2022-01-14,42.59391784667969,339.2471008300781,141.00286865234375,4662.85009765625,1.78,0.99,19.190000534057617,-0.06343350404169172,-0.017585958703232894,-0.025554139256531026,0.0008196442695905652,0.08000000000000007,0.07999999999999996,-1.1199989318847656
2022-01-18,41.12699890136719,315.61187744140625,135.09091186523438,4577.10986328125,1.87,1.06,22.790000915527344,-0.04283226220723197,-0.035046656121394924,-0.0722155301149941,-0.0185591053980085,0.09000000000000008,0.07000000000000006,3.6000003814697266
2022-01-19,41.287017822265625,309.3067626953125,133.0011444091797,4532.759765625,1.83,1.04,23.850000381469727,-0.015590240251028982,0.0038832986996752733,-0.020179678772373838,-0.009736790941460195,-0.040000000000000036,-0.020000000000000018,1.0599994659423828
2022-01-20,40.673587799072266,310.0014343261719,131.8669891357422,4482.72998046875,1.83,1.08,25.59000015258789,-0.008563976269914954,-0.014969178743736865,0.0022433803574474034,-0.011098742304330734,0.0,0.040000000000000036,1.739999771118164
2022-01-21,39.9356803894043,306.2699890136719,129.56295776367188,4397.93994140625,1.75,1.01,28.850000381469727,-0.017626833155940075,-0.018308763719500885,-0.01210989434945577,-0.019095995324635427,-0.08000000000000007,-0.07000000000000006,3.260000228881836
2022-01-24,39.60673141479492,305.806884765625,129.4468231201172,4410.1298828125,1.75,0.99,29.899999618530277,-0.0008967588091935602,-0.008271080608455451,-0.0015132227870564812,0.0027679047582695165,0.0,-0.020000000000000018,1.0499992370605504
2022-01-25,40.38909149169922,304.1683349609375,130.85784912109375,4356.4501953125,1.78,1.02,31.15999984741211,0.01084144828786619,0.019560646888763425,-0.005372525614017203,-0.012246590556866267,0.030000000000000027,0.030000000000000027,1.2600002288818324
2022-01-26,40.80694580078125,305.1745300292969,132.0991668701172,4349.93017578125,1.85,1.13,31.959999084472656,0.009441291878407658,0.010292571210680309,0.0033025609741574816,-0.0014977569258856588,0.07000000000000006,0.10999999999999988,0.7999992370605469
2022-01-27,40.42465972900391,303.7052001953125,129.76829528808594,4326.509765625,1.81,1.18,30.489999771118164,-0.017802388443312885,-0.009412319049034813,-0.004826347842489277,-0.005398635199970923,-0.040000000000000036,0.050000000000000044,-1.4699993133544922
2022-01-28,40.780269622802734,309.0307312011719,130.9292755126953,4431.85009765625,1.78,1.15,27.65999984741211,0.008906779577191215,0.008758388680394814,0.017383230969781102,0.024055967914736694,-0.030000000000000027,-0.030000000000000027,-2.8299999237060547
2022-01-31,41.02030944824219,315.8612365722656,132.70648193359375,4515.5498046875,1.79,1.18,24.82999992370605,0.013482490838009634,0.005868919686479452,0.021862266694056554,0.018709826222984446,0.010000000000000009,0.030000000000000027,-2.8299999237060582
2022-02-01,41.73153305053711,324.2145690917969,134.98370361328125,4546.5400390625,1.81,1.18,21.959999084472656,0.017014270508070237,0.017189734846784488,0.026102554512618177,0.006839560348317067,0.020000000000000018,0.0,-2.870000839233395
2022-02-02,41.68708801269531,323.3241271972656,133.90316772460938,4589.3798828125,1.78,1.16,22.09000015258789,-0.008037147368261442,-0.001065590427673383,-0.002750237046511057,0.009378400448324454,-0.030000000000000027,-0.020000000000000018,0.13000106811523438
2022-02-03,41.278133392333984,319.6015930175781,132.79576110839844,4477.43994140625,1.82,1.19,24.350000381469727,-0.008304592639525049,-0.009858538931102556,-0.011580111548048517,-0.024693471720120656,0.040000000000000036,0.030000000000000027,2.260000228881836
2022-02-04,42.92285537719727,327.3671569824219,136.2428741455078,4500.52978515625,1.93,1.31,23.21999931335449,0.025626815157754626,0.03907154150133811,0.024007146961473085,0.005143678439863626,0.10999999999999988,0.1200000000000001,-1.130001068115238
2022-02-07,43.1273307800293,327.85699462890625,136.69839477539062,4483.8701171875,1.92,1.3,22.86000061035156,0.0033378686529197854,0.004752477520868589,0.0014951760753461997,-0.003708580927828488,-0.010000000000000009,-0.010000000000000009,-0.3599987030029297
2022-02-08,43.90079879760742,329.5934753417969,139.27035522460938,4521.5400390625,1.96,1.35,21.440000534057617,0.018640044700934118,0.017775594796678344,0.005282480826122085,0.00836611346663433,0.040000000000000036,0.050000000000000044,-1.4200000762939418
2022-02-09,43.811893463134766,333.5386962890625,139.85084533691406,4587.18017578125,1.94,1.36,19.959999084472656,0.004159418546830288,-0.0020271949846182307,0.011898887323297943,0.014412842079264784,-0.020000000000000018,0.010000000000000009,-1.480001449584961
2022-02-10,43.607421875,330.0121154785156,139.27035522460938,4504.080078125,2.03,1.61,23.90999984741211,-0.004159418546830394,-0.004677958417307319,-0.010629522118522675,-0.01828182448505601,0.08999999999999986,0.25,3.950000762939453
2022-02-11,42.60280227661133,323.3241271972656,137.45745849609375,4418.64013671875,1.92,1.5,27.36000061035156,-0.01310256920090753,-0.023307330105977877,-0.020474057519668062,-0.019151682638086528,-0.10999999999999988,-0.1100000000000001,3.4500007629394496
2022-02-14,42.15827560424805,320.81268310546875,136.180419921875,4401.669921875,1.98,1.58,28.32999992370605,-0.009333852849427591,-0.010489030083835614,-0.007797898762425335,-0.0038479907556283146,0.06000000000000005,0.08000000000000007,0.9699993133544922
2022-02-15,42.48722457885742,324.10772705078125,138.1719207763672,4471.06982421875,2.05,1.58,25.700000762939453,0.0145180888864857,0.007772430428045964,0.010218540351187872,0.015643717646064172,0.06999999999999984,0.0,-2.629999160766598
2022-02-16,42.389427185058594,320.6435546875,138.42196655273438,4475.009765625,2.03,1.52,24.290000915527344,0.001808035939609658,-0.0023044602972929467,-0.010745866805974098,0.0008808197202838003,-0.020000000000000018,-0.06000000000000005,-1.4099998474121094
2022-02-17,40.95808029174805,310.8563537597656,135.23373413085938,4380.259765625,1.97,1.49,28.11000061035156,-0.023302103167863297,-0.03434986054419471,-0.030999164160317328,-0.021400504136936647,-0.05999999999999983,-0.030000000000000027,3.819999694824215
2022-02-18,40.86028289794922,308.1669006347656,135.8678436279297,4348.8701171875,1.92,1.47,27.75,0.004678029974702335,-0.0023905987986531175,-0.008689399076031662,-0.007191961663866342,-0.050000000000000044,-0.020000000000000018,-0.36000061035155895
2022-02-22,40.504669189453125,306.5905456542969,135.62672424316406,4304.759765625,1.94,1.56,28.809999465942383,-0.0017762377350755698,-0.008741256861278551,-0.00512839151401895,-0.010194735435016016,0.020000000000000018,0.09000000000000008,1.0599994659423828
2022-02-23,39.81121063232422,303.8476867675781,132.7868194580078,4225.5,1.99,1.58,31.020000457763672,-0.0211614564801607,-0.017268709289073803,-0.008986584391854575,-0.018583735748788438,0.050000000000000044,0.020000000000000018,2.210000991821289
2022-02-24,38.762149810791016,302.9571533203125,129.08963012695312,4288.7001953125,1.96,1.54,30.31999969482422,-0.028238010766809846,-0.02670429664752065,-0.0029351581522544727,0.014846105252724002,-0.030000000000000027,-0.040000000000000036,-0.7000007629394531
2022-02-25,40.02458953857422,311.80029296875,132.1438446044922,4384.64990234375,1.97,1.55,27.59000015258789,0.02338409083124313,0.0320497535448555,0.028771508901447057,0.022126080551265786,0.010000000000000009,0.010000000000000009,-2.729999542236328
2022-02-28,39.29557418823242,303.93682861328125,126.6337432861328,4373.93994140625,1.83,1.44,30.149999618530277,-0.042592052270208874,-0.01838210724596527,-0.025543017029473113,-0.0024455914631261143,-0.1399999999999999,-0.1100000000000001,2.5599994659423864
2022-03-01,37.75753784179688,294.0023193359375,121.85595703125,4306.259765625,1.72,1.31,33.31999969482422,-0.038459341731917986,-0.039926762767594486,-0.03323222299316518,-0.015594467786613053,-0.1100000000000001,-0.1299999999999999,3.1700000762939418
2022-03-02,38.3709831237793,301.3299560546875,124.38329315185548,4386.5400390625,1.86,1.5,30.739999771118164,0.020528204754012225,0.01611639243926995,0.024618207672831335,0.018471046780652183,0.14000000000000012,0.18999999999999995,-2.5799999237060547
2022-03-03,37.96001052856445,298.6783752441406,123.49918365478516,4363.490234375,1.86,1.53,30.479999542236328,-0.007133325900246661,-0.010768275028582065,-0.008838537513368615,-0.005268520744245652,0.0,0.030000000000000027,-0.26000022888183594
2022-03-04,36.584205627441406,295.3191223144531,120.02523803710938,4328.8701171875,1.74,1.5,31.979999542236328,-0.028532508319031105,-0.036916644067935885,-0.011310784159624757,-0.007965684543001903,-0.1200000000000001,-0.030000000000000027,1.5
2022-03-07,34.25246047973633,288.3498229980469,115.39031982421876,4201.08984375,1.78,1.55,36.45000076293945,-0.039381570761156726,-0.0658582060808278,-0.023882135988039673,-0.029962586814416495,0.040000000000000036,0.050000000000000044,4.470001220703125
2022-03-08,34.475799560546875,287.88397216796875,114.5776596069336,4170.7001953125,1.86,1.63,35.130001068115234,-0.007067623954250571,0.006499214932222395,-0.0016168816736395388,-0.007260043975698096,0.08000000000000007,0.07999999999999985,-1.3199996948242188
2022-03-09,36.66459274291992,298.83062744140625,119.16789245605467,4277.8798828125,1.94,1.68,32.45000076293945,0.03928051682852775,0.06155389808332158,0.037319424939538236,0.025373598122141117,0.07999999999999985,0.050000000000000044,-2.6800003051757812
2022-03-10,36.33404541015625,295.525146484375,117.7568817138672,4259.52001953125,1.98,1.72,30.229999542236328,-0.011911185138916798,-0.009056322154257562,-0.01112301817162036,-0.004301049920247209,0.040000000000000036,0.040000000000000036,-2.220001220703125
2022-03-11,36.0302963256836,292.92730712890625,115.10455322265624,4204.31005859375,2.0,1.75,30.75,-0.022781300831743418,-0.008395042672163384,-0.008829451612009584,-0.013046278933238144,0.020000000000000018,0.030000000000000027,0.5200004577636719
2022-03-14,36.80753707885742,291.1177978515625,116.24763488769533,4173.10986328125,2.14,1.87,31.770000457763672,0.009881825421516072,0.021342486987768545,-0.006196490825146944,-0.007448675095533314,0.14000000000000012,0.1200000000000001,1.0200004577636719
2022-03-15,37.0755615234375,294.8622436523437,118.3105697631836,4262.4501953125,2.15,1.85,29.82999992370605,0.017590414895303448,0.007255397388606329,0.012780287730809362,0.021182629724144964,0.009999999999999787,-0.020000000000000018,-1.9400005340576207
2022-03-16,38.23696517944336,305.25360107421875,123.59742736816406,4357.85986328125,2.19,1.95,26.670000076293945,0.04371661652982007,0.03084468905371254,0.03463463344712576,0.022136921648393443,0.040000000000000036,0.09999999999999987,-3.159999847412106
2022-03-17,38.44244003295898,307.50201416015625,125.16024780273438,4411.669921875,2.2,1.94,25.670000076293945,0.01256516805279778,0.005359335919691104,0.007338727287283608,0.012272205068700267,0.010000000000000231,-0.010000000000000009,-1.0
2022-03-18,38.32630920410156,309.3921813964844,125.11559295654295,4463.1201171875,2.14,1.97,23.8700008392334,-0.0003568450436910034,-0.0030254737401630856,0.006128030268468134,0.011594814411888112,-0.06000000000000005,0.030000000000000027,-1.7999992370605469
2022-03-21,38.2726936340332,303.6769104003906,124.71370697021484,4461.18017578125,2.32,2.14,23.530000686645508,-0.003217287428687995,-0.0013999027882295042,-0.018645326104051434,-0.0004347548543014596,0.17999999999999972,0.17000000000000015,-0.3400001525878906
2022-03-22,39.46983337402344,307.26910400390625,127.36605072021484,4511.60986328125,2.38,2.18,22.940000534057617,0.021044463549261296,0.03079998611754696,0.011759582402040952,0.011240699554074212,0.06000000000000005,0.040000000000000036,-0.5900001525878906
2022-03-23,38.49604797363281,300.6401672363281,124.8297882080078,4456.240234375,2.32,2.13,23.56999969482422,-0.02011411474507479,-0.024981082091072245,-0.021809831973184517,-0.012348630252495208,-0.06000000000000005,-0.050000000000000266,0.6299991607666016
2022-03-24,38.478172302246094,301.1955871582031,125.64248657226562,4520.16015625,2.34,2.13,21.670000076293945,0.00648935070339458,-0.0004644586627574655,0.0018457530165108473,0.014242012281618024,0.020000000000000018,0.0,-1.8999996185302734
2022-03-25,39.06780624389648,302.3242492675781,126.74092864990234,4543.06005859375,2.48,2.3,20.809999465942383,0.008704605351516344,0.015207630788379759,0.003740269522389843,0.005053380704237665,0.14000000000000012,0.16999999999999993,-0.8600006103515625
2022-03-28,38.90700149536133,300.3625183105469,125.80321502685548,4575.52001953125,2.46,2.35,19.6299991607666,-0.007426170481014968,-0.004124536659011512,-0.00650997496776787,0.007119551020042568,-0.020000000000000018,0.050000000000000266,-1.1800003051757812
2022-03-29,38.8087272644043,304.26812744140625,126.0800552368164,4631.60009765625,2.41,2.35,18.899999618530277,0.002198163626696459,-0.0025290706246247872,0.01291917133306406,0.01218204410139109,-0.04999999999999982,0.0,-0.7299995422363246
2022-03-30,38.41564178466797,300.6222839355469,125.50848388671876,4602.4501953125,2.35,2.31,19.32999992370605,-0.004543707240739193,-0.010180436034920425,-0.012054704743539282,-0.006313588999088777,-0.06000000000000005,-0.040000000000000036,0.43000030517577414
2022-03-31,36.82540512084961,295.7042541503906,121.7398681640625,4530.41015625,2.32,2.28,20.559999465942383,-0.030486816843131852,-0.042276751263169106,-0.01649479262761292,-0.015776335226881762,-0.03000000000000025,-0.03000000000000025,1.2299995422363317
2022-04-01,36.53952407836914,295.8117980957031,120.8379135131836,4545.85986328125,2.39,2.44,19.6299991607666,-0.007436450289931517,-0.007793437343383337,0.0003636213965423049,0.0034044209614630277,0.07000000000000028,0.16000000000000014,-0.9300003051757812
2022-04-04,36.47698974609375,294.0112609863281,121.37372589111328,4582.64013671875,2.42,2.43,18.56999969482422,0.004424339418875795,-0.0017128823135871094,-0.006105365582571697,0.008058382532133647,0.029999999999999805,-0.009999999999999787,-1.0599994659423828
2022-04-05,35.86055374145508,290.2040710449219,119.96125793457033,4525.1201171875,2.54,2.51,21.030000686645508,-0.011705589154471925,-0.01704373406014551,-0.013033700516876932,-0.01263115907400537,0.1200000000000001,0.07999999999999963,2.460000991821289
2022-04-06,35.46746826171875,283.3064270019531,118.29686737060548,4481.14990234375,2.61,2.5,22.100000381469727,-0.013971549859335776,-0.011022020467854292,-0.02405527597844815,-0.009764433912479721,0.06999999999999984,-0.009999999999999787,1.0699996948242188
2022-04-07,35.19050598144531,281.41619873046875,117.93700408935548,4500.2099609375,2.66,2.47,21.549999237060547,-0.003046671989808175,-0.007839559560458717,-0.006694384976020713,0.004244365552037262,0.050000000000000266,-0.029999999999999805,-0.5500011444091797
2022-04-08,35.4406623840332,287.9018859863281,120.09618377685548,4488.27978515625,2.72,2.53,21.15999984741211,0.018142334940837987,0.007083486068790475,0.022785040626516838,-0.0026545466755523947,0.06000000000000005,0.05999999999999961,-0.3899993896484375
2022-04-11,35.36919021606445,287.3375244140625,119.6553726196289,4412.52978515625,2.79,2.5,24.3700008392334,-0.003677237058022224,-0.002018707555973028,-0.0019621804178748797,-0.017021334584696127,0.06999999999999984,-0.029999999999999805,3.210000991821289
2022-04-12,34.99396514892578,286.4595947265625,118.34187316894533,4397.4501953125,2.72,2.39,24.26000022888184,-0.011038050314774867,-0.010665485994410332,-0.0030600724308122757,-0.0034233005304522353,-0.06999999999999984,-0.10999999999999988,-0.11000061035155895
2022-04-13,34.68128204345703,288.4214172363281,114.52728271484376,4446.58984375,2.7,2.37,21.81999969482422,-0.03276459423186134,-0.008975503272764754,0.0068251693291531456,0.011112603268901934,-0.020000000000000018,-0.020000000000000018,-2.4400005340576207
2022-04-14,33.564552307128906,288.12579345703125,113.46568298339844,4392.58984375,2.83,2.47,22.700000762939453,-0.009312632961850068,-0.0327295998181316,-0.0010254973043714673,-0.012218480383508163,0.1299999999999999,0.10000000000000009,0.8800010681152344
2022-04-18,34.70808029174805,295.50714111328125,115.57090759277344,4391.68994140625,2.85,2.46,22.170000076293945,0.018383821508570215,0.03350200206312965,0.02529583514714837,-0.0002048892724065068,0.020000000000000018,-0.010000000000000231,-0.5300006866455078
2022-04-19,35.351314544677734,300.9447326660156,117.96399688720705,4462.2099609375,2.93,2.61,21.3700008392334,0.020495206641334064,0.018363056926545284,0.018233632726638378,0.01593004474938665,0.08000000000000007,0.1499999999999999,-0.7999992370605469
2022-04-20,35.43172073364258,305.5223388671875,118.37785339355467,4459.4501953125,2.85,2.6,20.31999969482422,0.0035021891286970814,0.002271906629428804,0.015096262768405862,-0.0006186664061825758,-0.08000000000000007,-0.009999999999999787,-1.0500011444091797
2022-04-21,34.76168441772461,299.46661376953125,117.4601821899414,4393.66015625,2.9,2.68,22.68000030517578,-0.007782254739237586,-0.01909172710370511,-0.020019960134895872,-0.014862855551311067,0.04999999999999982,0.08000000000000007,2.3600006103515625
2022-04-22,33.55562210083008,286.4506530761719,114.08644104003906,4271.77978515625,2.9,2.72,28.209999084472656,-0.02914298537209677,-0.035311334556724173,-0.044436657370443125,-0.028132076377366966,0.0,0.040000000000000036,5.529998779296875
2022-04-25,33.31440734863281,287.9287414550781,114.05046844482422,4296.1201171875,2.81,2.63,27.020000457763672,-0.0003153597161827247,-0.007214466642879925,0.005146743270147656,0.0056817651441118085,-0.08999999999999986,-0.0900000000000003,-1.1899986267089844
2022-04-26,32.56395721435547,280.4935607910156,110.6767120361328,4175.2001953125,2.77,2.54,33.52000045776367,-0.03002760854586916,-0.02278388671426567,-0.02616225550051374,-0.028550008928597752,-0.040000000000000036,-0.08999999999999986,6.5
2022-04-27,32.38528060913086,280.5921630859375,109.23724365234376,4183.9599609375,2.82,2.58,31.600000381469727,-0.013091383288970191,-0.005502052432397769,0.00035146963018636065,0.0020958490249645954,0.04999999999999982,0.040000000000000036,-1.9200000762939453
2022-04-28,32.885581970214844,285.2323608398437,110.964599609375,4287.5,2.85,2.63,29.989999771118164,0.01568916375692311,0.01533030634514383,0.016401911135927337,0.024445655340832175,0.03000000000000025,0.04999999999999982,-1.6100006103515625
2022-04-29,31.87604713439941,273.65869140625,107.38394927978516,4131.93017578125,2.89,2.7,33.400001525878906,-0.03280050514809594,-0.031179469515330002,-0.04142247116662159,-0.03695915978469415,0.040000000000000036,0.07000000000000028,3.410001754760742
2022-05-02,32.28700256347656,278.0749206542969,108.36457061767578,4155.3798828125,2.99,2.73,32.34000015258789,0.009090473402001115,0.012809897615184269,0.016008898021850793,0.005659199293818601,0.10000000000000009,0.029999999999999805,-1.0600013732910156
2022-05-03,33.17146301269531,281.8731384277344,110.68569946289062,4175.47998046875,2.97,2.78,29.25,0.021193452297790443,0.027025206659561842,0.013566529848795061,0.004825465075359521,-0.020000000000000018,0.04999999999999982,-3.0900001525878906
2022-05-04,34.50260162353516,290.3384704589844,114.34735107421876,4300.169921875,2.93,2.66,25.420000076293945,0.03254610657085145,0.03934477208298012,0.029590275928808887,0.029425221557325833,-0.040000000000000036,-0.11999999999999966,-3.8299999237060547
2022-05-05,33.53774642944336,280.4488525390625,111.48640441894533,4146.8701171875,3.05,2.71,31.200000762939453,-0.02533810512693123,-0.028363166969702872,-0.03465601746961549,-0.03630067756409906,0.11999999999999966,0.04999999999999982,5.780000686645508
2022-05-06,33.45734024047852,280.3502197265625,111.30647277832033,4123.33984375,3.12,2.72,30.190000534057617,-0.0016152372733684048,-0.0024003619240795643,-0.0003517581194224597,-0.00569038441395277,0.07000000000000028,0.010000000000000231,-1.010000228881836
2022-05-09,32.49247741699219,276.7043762207031,109.6331024169922,3991.239990234375,3.05,2.61,34.75,-0.015148054465591518,-0.029262603227021868,-0.013089903899908818,-0.03256151953960419,-0.07000000000000028,-0.11000000000000032,4.559999465942383
2022-05-10,31.947519302368164,273.2733459472656,106.96110534667967,4001.050048828125,2.99,2.62,32.9900016784668,-0.024674091318005333,-0.01691406376040273,-0.012477140970088174,0.002454881760409255,-0.05999999999999961,0.010000000000000231,-1.7599983215332031
2022-05-11,31.777772903442383,270.12921142578125,106.2863540649414,3935.179931640625,2.91,2.66,32.560001373291016,-0.006328361758471408,-0.0053274545953488775,-0.011572156096518042,-0.016600232095697796,-0.08000000000000007,0.040000000000000036,-0.43000030517578125
2022-05-12,31.33107566833496,268.2121276855469,106.1963882446289,3930.080078125,2.84,2.56,31.770000457763672,-0.0008468059543159292,-0.014156642227748479,-0.007122216723018263,-0.0012968049941124407,-0.07000000000000028,-0.10000000000000009,-0.7900009155273438
2022-05-13,31.42042350769043,275.0023193359375,107.1410140991211,4023.889892578125,2.93,2.61,28.8700008392334,0.008855756351996591,0.0028476737897039314,0.025001342942002847,0.023589267956869442,0.0900000000000003,0.04999999999999982,-2.8999996185302734
2022-05-16,31.098804473876957,271.822265625,106.3943099975586,4008.010009765625,2.88,2.58,27.46999931335449,-0.006993757574535918,-0.0102887345655381,-0.011631114067906023,-0.003954208517722458,-0.050000000000000266,-0.029999999999999805,-1.4000015258789098
2022-05-17,32.15299606323242,280.3592224121094,109.92098999023438,4088.85009765625,2.98,2.71,26.100000381469727,0.03260973688383777,0.03333625939703266,0.03092330058267674,0.01996891958146264,0.10000000000000009,0.1299999999999999,-1.369998931884762
2022-05-18,31.16133499145508,274.7694396972656,108.04069519042967,3923.679931640625,2.89,2.68,30.959999084472656,-0.017253871425892905,-0.031327573289354066,-0.02013937318368976,-0.041233809291248875,-0.08999999999999986,-0.029999999999999805,4.85999870300293
2022-05-19,30.777177810668945,276.0862731933594,106.43928527832033,3900.7900390625,2.84,2.63,29.350000381469727,-0.014933232166683873,-0.012404628054593967,0.004781055995899403,-0.005850864777347809,-0.050000000000000266,-0.050000000000000266,-1.6099987030029297
2022-05-20,30.250080108642575,274.83209228515625,105.56661224365234,3901.360107421875,2.78,2.6,29.43000030517578,-0.008232581958113185,-0.017274602452013395,-0.004553063224714768,0.0001461310919903067,-0.06000000000000005,-0.029999999999999805,0.07999992370605469
2022-05-23,32.04578399658203,283.6199951171875,112.09818267822266,3973.75,2.86,2.65,28.479999542236328,0.06003296898989439,0.05766679745257692,0.03147495913502743,0.018384995412060758,0.08000000000000007,0.04999999999999982,-0.9500007629394531
2022-05-24,31.849241256713867,281.2371520996094,113.6815948486328,3941.47998046875,2.76,2.5,29.450000762939453,0.014026394637099466,-0.0061520708062645585,-0.008437025765571787,-0.008153950903558081,-0.10000000000000009,-0.1499999999999999,0.970001220703125
2022-05-25,32.01898956298828,282.0881042480469,114.47329711914062,3978.72998046875,2.75,2.48,28.3700008392334,0.006940069891499259,0.005315591297563165,0.003021177503068282,0.009406385648931585,-0.009999999999999787,-0.020000000000000018,-1.0799999237060547
2022-05-26,32.760494232177734,289.9084777832031,116.45255279541016,4057.840087890625,2.75,2.46,27.5,0.017142335042869276,0.02289419468657226,0.02734583076461744,0.019688166007720866,0.0,-0.020000000000000018,-0.8700008392333984
2022-05-27,33.073184967041016,294.3426818847656,118.09896087646484,4158.240234375,2.74,2.47,25.71999931335449,0.014039006583929488,0.00949948689194103,0.015179393895074854,0.024441130195822013,-0.009999999999999787,0.010000000000000231,-1.7800006866455114
2022-05-31,33.23399353027344,294.5860595703125,118.96263122558594,4132.14990234375,2.85,2.53,26.190000534057617,0.007286495992021428,0.004850421391761571,0.0008265098381859124,-0.006294135193666945,0.10999999999999988,0.05999999999999961,0.47000122070312855
2022-06-01,32.760494232177734,290.0795288085937,116.87540435791016,4101.22998046875,2.94,2.66,25.690000534057617,-0.017700973131789033,-0.014349908283702618,-0.015416060397171725,-0.007510905041155451,0.08999999999999986,0.13000000000000034,-0.5
2022-06-02,32.97614669799805,292.24267578125,118.75569915771484,4176.81982421875,2.92,2.65,24.71999931335449,0.015959987320509142,0.006561127444074027,0.007429415898593556,0.018263225415545106,-0.020000000000000018,-0.010000000000000231,-0.9700012207031286
2022-06-03,32.51790237426758,287.2224426269531,117.10033416748048,4108.5400390625,2.96,2.66,24.790000915527344,-0.01403731037734258,-0.01399369280452799,-0.017327561581375397,-0.016482405609817057,0.040000000000000036,0.010000000000000231,0.07000160217285512
2022-06-06,32.48194885253906,288.8719177246094,116.71345520019533,4121.43017578125,3.04,2.73,25.06999969482422,-0.003309294301285563,-0.0011062648518929156,0.005726421637246089,0.003132489407036025,0.08000000000000007,0.06999999999999984,0.279998779296875
2022-06-07,32.66166305541992,289.77313232421875,117.01934814453124,4160.68017578125,2.98,2.75,24.020000457763672,0.002617459890955707,0.005517491386574474,0.0031149158822593747,0.00947833153171984,-0.06000000000000005,0.020000000000000018,-1.0499992370605469
2022-06-08,32.24833679199219,283.6173095703125,115.15704345703124,4115.77001953125,3.03,2.78,23.959999084472656,-0.01604249781796901,-0.012735536927053577,-0.021472486540435962,-0.010852623040155319,0.04999999999999982,0.029999999999999805,-0.060001373291015625
2022-06-09,31.00835609436035,274.1899108886719,112.73694610595705,4017.820068359375,3.04,2.83,26.09000015258789,-0.02123959771524138,-0.039209749976889655,-0.03380485621711401,-0.02408645766515553,0.010000000000000231,0.050000000000000266,2.1300010681152344
2022-06-10,29.80432891845703,258.6877746582031,107.5548858642578,3900.860107421875,3.15,3.06,27.75,-0.04705591089702169,-0.03960307091231507,-0.058199140488714975,-0.029542414811409477,0.10999999999999988,0.22999999999999998,1.6599998474121094
2022-06-13,28.771018981933597,255.3529510498047,104.35208129882812,3749.6298828125,3.43,3.4,34.02000045776367,-0.030230704763084214,-0.035285053533995095,-0.012975121337006264,-0.03953993199003993,0.28000000000000025,0.33999999999999986,6.270000457763672
2022-06-14,28.2678337097168,254.65000915527344,102.61572265625,3735.47998046875,3.49,3.45,32.689998626708984,-0.01677941542929324,-0.017644054969529626,-0.0027566206258253156,-0.003780818039489633,0.06000000000000005,0.050000000000000266,-1.3300018310546875
2022-06-15,28.797971725463867,261.4366149902344,103.83026885986328,3789.989990234375,3.33,3.2,29.6200008392334,0.011766372475796927,0.0185804182848621,0.02630177474605212,0.014487058836534478,-0.16000000000000014,-0.25,-3.069997787475586
2022-06-16,28.61826515197754,256.84912109375,102.0489273071289,3666.77001953125,3.28,3.14,32.95000076293945,-0.01730515797921346,-0.006259802804156039,-0.017703028987497413,-0.033052207113840666,-0.050000000000000266,-0.06000000000000005,3.3299999237060547
2022-06-17,28.6811637878418,252.1714324951172,101.68907165527344,3674.840087890625,3.25,3.17,31.1299991607666,-0.003532537159513861,0.002195437626239615,-0.018379691141860322,0.0021984473410133873,-0.029999999999999805,0.029999999999999805,-1.8200016021728516
2022-06-21,29.516796112060547,256.6959228515625,104.2081298828125,3764.7900390625,3.31,3.21,30.190000534057617,0.024470307586717616,0.028718867768114123,0.017783060920078735,0.024182474960671992,0.06000000000000005,0.040000000000000036,-0.9399986267089844
2022-06-22,29.29216194152832,256.4525756835937,103.6233367919922,3759.889892578125,3.16,3.06,28.950000762939453,-0.0056275851152705935,-0.007639491345231382,-0.0009484474256689134,-0.0013024200953574458,-0.1499999999999999,-0.1499999999999999,-1.239999771118164
2022-06-23,28.824926376342773,257.921630859375,102.4897689819336,3795.72998046875,3.09,3.01,29.049999237060547,-0.010999584282205419,-0.016079457715627722,0.005712025025201882,0.00948707248555652,-0.07000000000000028,-0.050000000000000266,0.09999847412109375
2022-06-24,29.031591415405277,272.8649597167969,105.54863739013672,3911.739990234375,3.13,3.04,27.229999542236328,0.02940888580977033,0.007144084225236302,0.05632123733245494,0.030105539729901033,0.040000000000000036,0.03000000000000025,-1.8199996948242188
2022-06-27,29.067527770996094,271.0894775390625,104.70293426513672,3900.110107421875,3.2,3.08,26.950000762939453,-0.008044721657231137,0.0012370707396935773,-0.006528077947066897,-0.0029774998903406716,0.07000000000000028,0.040000000000000036,-0.279998779296875
2022-06-28,28.98666381835937,269.9267883300781,104.19912719726562,3821.550048828125,3.2,3.1,28.36000061035156,-0.004823389880440342,-0.002785811074788037,-0.004298173908338837,-0.0203486731494949,0.0,0.020000000000000018,1.4099998474121058
2022-06-29,28.62724876403809,273.3426818847656,103.7313003540039,3818.830078125,3.1,3.06,28.15999984741211,-0.004499847744029425,-0.01247683765101733,0.012575485126400906,-0.0007119988201726959,-0.10000000000000009,-0.040000000000000036,-0.20000076293944957
2022-06-30,27.97132110595703,267.7006530761719,101.31121826171876,3785.3798828125,2.98,2.92,28.709999084472656,-0.02360675723248543,-0.02317927917037023,-0.020856862917154384,-0.008797866246367652,-0.1200000000000001,-0.14000000000000012,0.5499992370605469
2022-07-01,28.357690811157227,269.6924743652344,102.60671997070312,3825.330078125,2.88,2.84,26.700000762939453,0.012706279300513703,0.013718535139826288,0.007412935925280286,0.010498511296639174,-0.10000000000000009,-0.08000000000000007,-2.009998321533203
2022-07-05,28.070158004760746,267.8629150390625,102.21644592285156,3831.389892578125,2.82,2.82,27.540000915527344,-0.0038108435485086287,-0.010191254887875933,-0.006806987434696584,0.0015828751061934918,-0.06000000000000005,-0.020000000000000018,0.8400001525878906
2022-07-06,27.83654022216797,264.762451171875,101.55387878417967,3845.080078125,2.93,2.97,26.729999542236328,-0.006503100730074286,-0.00835746519814357,-0.011642325298437868,0.003566795705066178,0.11000000000000032,0.15000000000000036,-0.8100013732910156
2022-07-07,28.62724876403809,269.1246643066406,104.1224594116211,3902.6201171875,3.01,3.03,26.07999992370605,0.024978217677391775,0.028009464116563493,0.016341695034929285,0.014853723180930391,0.07999999999999963,0.05999999999999961,-0.649999618530277
2022-07-08,28.564355850219727,267.2048645019531,103.79571533203124,3899.3798828125,3.09,3.12,24.63999938964844,-0.003143009012764417,-0.002199376625118077,-0.007159061364514683,-0.00083061639612735,0.08000000000000007,0.0900000000000003,-1.44000053405761
2022-07-11,28.2678337097168,264.2396545410156,102.43427276611328,3854.429931640625,2.99,3.07,26.170000076293945,-0.01320334017925965,-0.010435101428207335,-0.011159173254717356,-0.011594417660525545,-0.09999999999999964,-0.050000000000000266,1.5300006866455043
2022-07-12,28.17798614501953,263.6538391113281,102.53411865234376,3818.800048828125,2.96,3.03,27.290000915527344,0.0009742565030355821,-0.0031835002418175236,-0.002219446449732944,-0.00928686849749371,-0.03000000000000025,-0.040000000000000036,1.1200008392333984
2022-07-13,27.71074867248535,261.5087890625,101.57202911376952,3801.780029296875,2.91,3.13,26.81999969482422,-0.009427414849199607,-0.01672066329238537,-0.008169134141891797,-0.00446686411181668,-0.04999999999999982,0.10000000000000009,-0.470001220703125
2022-07-14,27.072784423828125,253.7937164306641,98.0232162475586,3790.3798828125,2.96,3.15,26.399999618530277,-0.03556384214357275,-0.02329141817312628,-0.029946096104414715,-0.003003138812764307,0.04999999999999982,0.020000000000000018,-0.42000007629394176
2022-07-15,28.977680206298828,264.8616027832031,102.5159683227539,3863.159912109375,2.93,3.13,24.229999542236328,0.0448142238599899,0.06799692712619257,0.04268563889859774,0.01901923165863364,-0.029999999999999805,-0.020000000000000018,-2.170000076293949
2022-07-18,28.98666381835937,271.5220642089844,101.46312713623048,3830.85009765625,2.96,3.15,25.299999237060547,-0.010323121925490947,0.0003099702854792786,0.024835967960676077,-0.008398742485835936,0.029999999999999805,0.020000000000000018,1.0699996948242188
2022-07-19,29.966062545776367,286.6547241210937,103.97722625732422,3936.68994140625,3.01,3.23,24.5,0.02447644383329193,0.033229636961339584,0.054235035792271916,0.02725351764373082,0.04999999999999982,0.08000000000000007,-0.7999992370605469
2022-07-20,29.97504997253418,289.7191467285156,103.95909118652344,3959.89990234375,3.04,3.25,23.8799991607666,-0.0001744290854978323,0.00029987520910340317,0.010633554494779549,0.0058784939410571665,0.03000000000000025,0.020000000000000018,-0.6200008392333984
2022-07-21,30.235631942749023,294.3066711425781,104.66703033447266,3998.949951171875,2.91,3.1,23.11000061035156,0.0067867039856178155,0.008655726487679406,0.01571032864950326,0.00981306668950467,-0.1299999999999999,-0.1499999999999999,-0.7699985504150426
2022-07-22,30.03795051574707,291.95428466796875,104.15876007080078,3961.6298828125,2.77,2.98,23.030000686645508,-0.0048678974600545565,-0.006559495146664358,-0.00802509215791129,-0.009376287293813849,-0.14000000000000012,-0.1200000000000001,-0.07999992370605113
2022-07-25,30.307506561279297,292.1255187988281,104.57626342773438,3966.840087890625,2.81,3.0,23.36000061035156,0.004000324494637084,0.008933823735236032,0.0005863381501936593,0.001314302973305868,0.040000000000000036,0.020000000000000018,0.32999992370605113
2022-07-26,29.696504592895508,287.1053161621094,102.94254302978516,3921.050048828125,2.81,3.02,24.690000534057617,-0.015745600882154143,-0.020366074721174587,-0.0173344650888321,-0.011610342599263359,0.0,0.020000000000000018,1.3299999237060582
2022-07-27,30.18170738220215,292.5040588378906,104.59441375732422,4023.610107421875,2.78,2.96,23.239999771118164,0.01591914652325119,0.016206676632076224,0.01862943922781551,0.025820048778629066,-0.03000000000000025,-0.06000000000000005,-1.4500007629394531
2022-07-28,29.939109802246094,296.6229248046875,104.2041473388672,4072.429931640625,2.68,2.85,22.32999992370605,-0.003738214199190254,-0.008070379214219301,0.013983175763996474,0.012060319791912806,-0.09999999999999964,-0.10999999999999988,-0.9099998474121129
2022-07-29,30.37939453125,300.48052978515625,104.70331573486328,4130.2900390625,2.67,2.89,21.32999992370605,0.004778856041135779,0.014598921296541176,0.012921240439368714,0.014107775781753557,-0.010000000000000231,0.040000000000000036,-1.0
2022-08-01,30.289535522460938,299.2997741699219,103.65956115722656,4118.6298828125,2.6,2.9,22.84000015258789,-0.010018707014594386,-0.002962276553073068,-0.003937298816980029,-0.002827076544916728,-0.06999999999999984,0.009999999999999787,1.5100002288818395
2022-08-02,29.68752670288086,295.51434326171875,102.04400634765624,4091.18994140625,2.75,3.06,23.93000030517578,-0.01570792424632713,-0.020075309309096904,-0.012728285705954455,-0.00668468837887098,0.1499999999999999,0.16000000000000014,1.0900001525878906
2022-08-03,30.226640701293945,300.2821960449219,103.11499786376952,4155.169921875,2.73,3.1,21.950000762939453,0.010440694515049516,0.01799669668889832,0.016005311377106993,0.015517456270090707,-0.020000000000000018,0.040000000000000036,-1.9799995422363281
2022-08-04,30.0109920501709,299.1104736328125,101.98046875,4151.93994140625,2.68,3.03,21.440000534057617,-0.011063537433085377,-0.007159961722996316,-0.003909703818356471,-0.0007776424495837734,-0.04999999999999982,-0.07000000000000028,-0.5100002288818359
2022-08-05,30.51417350769043,301.6341247558594,105.06639862060548,4145.18994140625,2.83,3.24,21.149999618530277,0.029811206006585447,0.01662756461571792,0.008401793291870161,-0.0016270690189191196,0.1499999999999999,0.2100000000000004,-0.2900009155273402
2022-08-08,30.09185791015625,301.64312744140625,103.78663635253906,4140.06005859375,2.77,3.21,21.290000915527344,-0.012255299864188196,-0.013936647002500462,2.9845930755000544e-05,-0.0012383171221209141,-0.06000000000000005,-0.03000000000000025,0.14000129699706676
2022-08-09,30.47822570800781,303.39166259765625,104.72148895263672,4122.47021484375,2.8,3.28,21.770000457763672,0.00896712166929386,0.012757883605510667,0.0057799652283004165,-0.004257744235926498,0.029999999999999805,0.06999999999999984,0.4799995422363281
2022-08-10,31.51153945922852,313.5672302246094,107.45342254638672,4210.240234375,2.78,3.23,19.739999771118164,0.025753135119498397,0.033341293342843074,0.0329892009243828,0.021067158460407496,-0.020000000000000018,-0.04999999999999982,-2.030000686645508
2022-08-11,32.26631164550781,316.9649963378906,109.04175567626952,4207.27001953125,2.87,3.23,20.200000762939453,0.014673413434547408,0.02366989204463663,0.010777558574347312,-0.0007057229222018175,0.0900000000000003,0.0,0.46000099182128906
2022-08-12,32.61674118041992,318.8938293457031,110.84793853759766,4280.14990234375,2.84,3.25,19.530000686645508,0.01642845055345386,0.010801986869332625,0.006066877885824456,0.017174046951492668,-0.03000000000000025,0.020000000000000018,-0.6700000762939453
2022-08-15,32.571807861328125,320.723388671875,111.1474609375,4297.14013671875,2.79,3.2,19.950000762939453,0.002698457556891288,-0.0013785650046948313,0.005720810085779706,0.003961684056233163,-0.04999999999999982,-0.04999999999999982,0.4200000762939453
2022-08-16,32.9222297668457,319.93023681640625,112.20935821533205,4305.2001953125,2.82,3.25,19.690000534057617,0.009508599582188417,0.010700981711683929,-0.002476072027514903,0.0018739228259478625,0.029999999999999805,0.04999999999999982,-0.26000022888183594
2022-08-17,32.715572357177734,318.8216857910156,111.26544952392578,4274.0400390625,2.89,3.28,19.899999618530277,-0.008447612634540034,-0.006296922987424141,-0.003470994290966996,-0.007264114867648021,0.07000000000000028,0.029999999999999805,0.2099990844726598
2022-08-18,32.5987663269043,319.524658203125,110.4031982421875,4283.740234375,2.88,3.22,19.559999465942383,-0.007779680521267873,-0.0035767384973127386,0.0022024805276796445,0.0022669896063847975,-0.010000000000000231,-0.05999999999999961,-0.3400001525878942
2022-08-19,31.87993621826172,314.79296875,107.6712646484375,4228.47998046875,2.98,3.25,20.600000381469727,-0.02505636365269063,-0.02229759168547601,-0.014919267630237392,-0.012983928713038868,0.10000000000000009,0.029999999999999805,1.0400009155273438
2022-08-22,31.19706153869629,308.6191711425781,105.89232635498048,4137.990234375,3.03,3.32,23.799999237060547,-0.01665995061100746,-0.0216529443100914,-0.019807119733709355,-0.021632366466494565,0.04999999999999982,0.06999999999999984,3.1999988555908203
2022-08-23,30.91850852966309,306.60015869140625,104.84854888916016,4128.72998046875,3.05,3.29,24.11000061035156,-0.009905871367047061,-0.008968922799690913,-0.006563576928109179,-0.002240370434437464,0.020000000000000018,-0.029999999999999805,0.3100013732910121
2022-08-24,31.01735115051269,308.1864624023437,105.1026840209961,4140.77001953125,3.11,3.36,22.81999969482422,0.002420897962177295,0.003191776307706967,0.005160513182621147,0.002911916698724165,0.06000000000000005,0.06999999999999984,-1.2900009155273402
2022-08-25,31.57443618774414,312.2873229980469,107.5986557006836,4199.1201171875,3.03,3.35,21.780000686645508,0.023470338821720744,0.017801049354265394,0.013218673875067014,0.013993241836107048,-0.08000000000000007,-0.009999999999999787,-1.039999008178711
2022-08-26,30.57706451416016,303.1933898925781,104.07707214355467,4057.659912109375,3.04,3.37,25.559999465942383,-0.03327645117972139,-0.03209760954784076,-0.029552818695045464,-0.03426857631703952,0.010000000000000231,0.020000000000000018,3.779998779296875
2022-08-29,30.460262298583984,300.9582214355469,103.82294464111328,4030.610107421875,3.12,3.42,26.209999084472656,-0.002444710038411809,-0.003827243565532811,-0.007399396486797018,-0.0066886751973248065,0.08000000000000007,0.04999999999999982,0.6499996185302734
2022-08-30,30.630979537963867,300.69677734375,103.8410873413086,3986.159912109375,3.11,3.46,26.209999084472656,0.0001747312721252297,0.005588941348325074,-0.0008690831416116643,-0.011089416492117008,-0.010000000000000231,0.040000000000000036,0.0
2022-08-31,30.19968032836914,302.09527587890625,103.2239227294922,3955.0,3.15,3.45,25.8700008392334,-0.005961088637440758,-0.014180560853815041,0.004640077906985611,-0.007847738208153028,0.040000000000000036,-0.009999999999999787,-0.3399982452392578
2022-09-01,30.27203750610352,302.84893798828125,103.9318618774414,3966.85009765625,3.26,3.51,25.559999465942383,0.006834874587437276,0.002393092667360724,0.0024916760323397155,0.0029917522671948716,0.10999999999999988,0.05999999999999961,-0.3100013732910156
2022-09-02,30.23585700988769,301.0146484375,103.20574188232422,3924.260009765625,3.2,3.4,25.46999931335449,-0.0070110202712389815,-0.0011958935546256993,-0.006075197225589716,-0.010794552570724387,-0.05999999999999961,-0.10999999999999988,-0.09000015258789418
2022-09-06,29.90121459960937,296.4832458496094,103.23297119140624,3908.18994140625,3.33,3.5,26.90999984741211,0.0002638004164481247,-0.011129436652094827,-0.01516821903822363,-0.004103464690895143,0.1299999999999999,0.10000000000000009,1.4400005340576207
2022-09-07,30.362483978271484,300.17919921875,105.19344329833984,3979.8701171875,3.27,3.45,24.63999938964844,0.018812681989084607,0.015308665014584341,0.012388916622558347,0.018174848666169877,-0.06000000000000005,-0.04999999999999982,-2.2700004577636683
2022-09-08,31.339296340942383,304.55615234375,107.64403533935548,4006.179931640625,3.29,3.48,23.61000061035156,0.023028842073499714,0.031665017602275275,0.014475851448300759,0.006588966880442448,0.020000000000000018,0.029999999999999805,-1.029998779296882
2022-09-09,31.60158920288086,308.84234619140625,108.16136169433594,4067.360107421875,3.33,3.56,22.790000915527344,0.004794387471639188,0.008334626309751085,0.013975461695137886,0.01515601498121106,0.040000000000000036,0.08000000000000007,-0.8199996948242152
2022-09-12,31.900043487548828,311.09442138671875,109.44112396240234,4110.41015625,3.37,3.58,23.8700008392334,0.01176252210080285,0.009399962477202558,0.007265531647594584,0.010528651483995635,0.040000000000000036,0.020000000000000018,1.0799999237060547
2022-09-13,30.75140190124512,298.2085876464844,105.63818359375,3932.68994140625,3.42,3.75,27.270000457763672,-0.035366830968453174,-0.03667178953819883,-0.042303271651488,-0.04419916303197406,0.04999999999999982,0.16999999999999993,3.3999996185302734
2022-09-14,30.63382148742676,297.1824645996094,105.39311981201172,3946.010009765625,3.41,3.78,26.15999984741211,-0.0023225359265945035,-0.003830907541811583,-0.0034468911111650022,0.003381289078844715,-0.009999999999999787,0.029999999999999805,-1.1100006103515625
2022-09-15,31.212665557861328,301.1416931152344,106.98145294189452,3901.35009765625,3.45,3.87,26.270000457763672,0.01495812539492798,0.01871928385254282,0.01323458614884081,-0.011382272168149512,0.040000000000000036,0.0900000000000003,0.1100006103515625
2022-09-16,30.85993385314941,296.2289428710937,106.26444244384766,3873.330078125,3.45,3.85,26.299999237060547,-0.006724754995368877,-0.01136525632519742,-0.016448284224624625,-0.007208049775663175,0.0,-0.020000000000000018,0.029998779296875
2022-09-19,31.37546157836914,298.45379638671875,107.24466705322266,3899.889892578125,3.49,3.95,25.76000022888184,0.009182104676043978,0.016567405521650987,0.00748252387095429,0.006833697724705768,0.040000000000000036,0.10000000000000009,-0.5399990081787074
2022-09-20,30.9051513671875,293.5500183105469,105.12992095947266,3855.929931640625,3.57,3.96,27.15999984741211,-0.019915904374974234,-0.01510322808370367,-0.016567089991491583,-0.011336114736600402,0.07999999999999963,0.009999999999999787,1.3999996185302699
2022-09-21,29.982614517211918,291.2344970703125,102.09845733642578,3789.929931640625,3.51,4.02,27.989999771118164,-0.02925931203451224,-0.030305183336331344,-0.007919270366371729,-0.01726467409850635,-0.06000000000000005,0.05999999999999961,0.8299999237060547
2022-09-22,29.39472007751465,284.1604919433594,100.93669128417967,3757.989990234375,3.7,4.11,27.350000381469727,-0.011444114377261996,-0.01980262856848287,-0.02458958349816778,-0.008463293830453985,0.1900000000000004,0.09000000000000075,-0.6399993896484375
2022-09-23,28.698291778564453,274.2167663574219,99.0579071044922,3693.22998046875,3.69,4.2,29.920000076293945,-0.018788901956784926,-0.02397746793283351,-0.03562027931001942,-0.017382828767330778,-0.010000000000000231,0.08999999999999986,2.5699996948242188
2022-09-26,28.065170288085938,267.5423278808594,96.92501831054688,3655.0400390625,3.88,4.27,32.2599983215332,-0.021766926911247843,-0.02230828507601321,-0.024641122825033255,-0.010394360890280502,0.18999999999999995,0.0699999999999994,2.339998245239258
2022-09-27,27.649126052856445,264.6001281738281,96.07183837890624,3647.2900390625,3.97,4.3,32.599998474121094,-0.008841444405941886,-0.014935196030348742,-0.01105805280010642,-0.0021226109548247284,0.0900000000000003,0.03000000000000025,0.3400001525878906
2022-09-28,28.101354598999023,273.1452331542969,98.01416015625,3719.0400390625,3.72,4.07,30.18000030517578,0.020015731557377063,0.016223661570695342,0.03178390721811091,0.019481144181152356,-0.25,-0.22999999999999954,-2.4199981689453125
2022-09-29,27.730525970458984,268.89532470703125,96.35319519042967,3640.469970703125,3.76,4.16,31.84000015258789,-0.017091402983168285,-0.013283954539349687,-0.01568146691591225,-0.0213527948230975,0.03999999999999959,0.08999999999999986,1.6599998474121094
2022-09-30,27.314477920532227,266.1166076660156,94.84654998779295,3585.6201171875,3.83,4.22,31.6200008392334,-0.015760234269910883,-0.015116938631734503,-0.010387588981080175,-0.0151813515462093,0.07000000000000028,0.05999999999999961,-0.2199993133544922
2022-10-03,28.119441986083984,271.656005859375,97.77816772460938,3678.429931640625,3.67,4.12,30.100000381469727,0.03044099585075293,0.029044334346152827,0.020601994159468433,0.02555457753093017,-0.16000000000000014,-0.09999999999999964,-1.5200004577636719
2022-10-04,29.286182403564453,285.93115234375,102.3525848388672,3790.929931640625,3.62,4.1,29.06999969482422,0.04572224846627878,0.04065459174434974,0.05121447420255006,0.030125341416799834,-0.04999999999999982,-0.020000000000000462,-1.0300006866455078
2022-10-05,28.87013816833496,280.60064697265625,101.0888671875,3783.280029296875,3.76,4.15,28.549999237060547,-0.012423563563596116,-0.014308034924624315,-0.01881858242827916,-0.0020199875589381176,0.13999999999999968,0.05000000000000071,-0.5200004577636719
2022-10-06,28.45408821105957,276.6686706542969,99.02843475341795,3744.52001953125,3.83,4.23,30.520000457763672,-0.02059297449696512,-0.014515931189893085,-0.014111817916512908,-0.010297922911395202,0.07000000000000028,0.08000000000000007,1.970001220703125
2022-10-07,27.811925888061523,273.4085388183594,97.05044555664062,3639.659912109375,3.89,4.3,31.36000061035156,-0.020176128020979223,-0.022826930866379543,-0.011853499661131514,-0.028403196531478058,0.06000000000000005,0.0699999999999994,0.8400001525878871
2022-10-11,26.925559997558597,267.1699523925781,93.36915588378906,3588.840087890625,3.93,4.3,33.630001068115234,-0.038669846701061106,-0.03238889623651824,-0.023082174045436124,-0.01406119154597646,0.040000000000000036,0.0,2.2700004577636754
2022-10-12,27.006967544555664,268.1688842773437,94.88013458251952,3577.030029296875,3.91,4.28,33.56999969482422,0.01605329979388222,0.003018868669175198,0.0037319655355849747,-0.0032961996501662937,-0.020000000000000018,-0.019999999999999574,-0.060001373291015625
2022-10-13,28.66211700439453,278.8480834960937,100.15482330322266,3669.909912109375,3.97,4.47,31.940000534057617,0.05410286804493801,0.05948139592167945,0.03905018267311434,0.025634259307631132,0.06000000000000005,0.1899999999999995,-1.6299991607666016
2022-10-14,28.671157836914062,272.4187316894531,101.82146453857422,3583.070068359375,4.0,4.48,32.02000045776367,0.016503710231720058,0.00031537820295429736,-0.023326792636305854,-0.023947120744528417,0.029999999999999805,0.010000000000000675,0.07999992370605469
2022-10-17,30.40770530700684,278.52117919921875,106.09797668457033,3677.949951171875,4.02,4.45,31.3700008392334,0.04114204357226222,0.05880437629817437,0.02215376657893462,0.026135524557561848,0.019999999999999574,-0.03000000000000025,-0.6499996185302734
2022-10-18,31.547319412231445,285.00494384765625,108.82688903808594,3719.97998046875,4.01,4.43,30.5,0.025395470234331436,0.03679258187354299,0.02301242308223206,0.011362768207087462,-0.009999999999999787,-0.020000000000000462,-0.8700008392333984
2022-10-19,30.679039001464844,283.1070861816406,106.69322204589844,3695.159912109375,4.14,4.55,30.76000022888184,-0.019800812960098807,-0.02790896949687438,-0.006681304481146352,-0.006694455239684375,0.1299999999999999,0.1200000000000001,0.2600002288818395
2022-10-20,30.48006248474121,282.2442932128906,106.34525299072266,3665.780029296875,4.24,4.62,29.979999542236328,-0.0032667278956274425,-0.006506871877875364,-0.0030522385547210856,-0.007982686738766696,0.10000000000000053,0.07000000000000028,-0.7800006866455114
2022-10-21,31.61062812805176,295.220947265625,111.93126678466795,3752.75,4.21,4.49,29.690000534057617,0.051194088562295306,0.03642061637107877,0.044951065864496424,0.023447759860447268,-0.03000000000000025,-0.1299999999999999,-0.28999900817871094
2022-10-24,31.719158172607425,298.4900817871094,112.0686264038086,3797.340087890625,4.25,4.5,29.850000381469727,0.0012264259094281731,0.0034274598776195225,0.011012655656071842,0.011811940205111494,0.040000000000000036,0.009999999999999787,0.15999984741210938
2022-10-25,32.00858688354492,301.8500366210937,112.36165618896484,3859.110107421875,4.1,4.42,28.459999084472656,0.002611322752752179,0.009083349824376903,0.011193621127808442,0.01613577001587496,-0.15000000000000036,-0.08000000000000007,-1.3900012969970703
2022-10-26,32.288970947265625,304.83770751953125,113.65286254882812,3830.60009765625,4.04,4.39,27.280000686645508,0.011425995238316618,0.008721508264244334,0.009849201930584748,-0.007415140398989885,-0.05999999999999961,-0.03000000000000025,-1.1799983978271484
2022-10-27,32.44272232055664,306.19073486328125,114.1015853881836,3807.300048828125,3.96,4.3,27.38999938964844,0.0039404141084812385,0.0047504291844067854,0.0044286958228079805,-0.006101185053184453,-0.08000000000000007,-0.08999999999999986,0.10999870300293324
2022-10-28,32.72309875488281,310.4042663574219,115.45689392089844,3901.06005859375,4.02,4.41,25.75,0.011808095997507394,0.0086050681104813,0.01366730860481549,0.024328036770856338,0.05999999999999961,0.11000000000000032,-1.639999389648441
2022-10-31,32.59648132324219,312.8470458984375,115.27371978759766,3871.97998046875,4.1,4.51,25.8799991607666,-0.0015877751880337392,-0.0038768647954665514,0.007838866927651598,-0.007482327030336412,0.08000000000000007,0.09999999999999964,0.12999916076660156
2022-11-01,32.7411994934082,316.54302978515625,117.35245513916016,3856.10009765625,4.07,4.54,25.809999465942383,0.017872371281345802,0.004429860534243373,0.011744787580110523,-0.0041096637203590055,-0.02999999999999936,0.03000000000000025,-0.06999969482421875
2022-11-02,32.6417121887207,317.6418151855469,116.2718734741211,3759.68994140625,4.1,4.61,25.86000061035156,-0.00925065790288653,-0.003043222729271772,0.0034651931801339716,-0.025319843737482882,0.02999999999999936,0.07000000000000028,0.050001144409176135
2022-11-03,32.4608154296875,316.8062744140625,116.48249816894533,3719.889892578125,4.14,4.71,25.299999237060547,0.0018098457256023055,-0.00555730264899683,-0.0026339152666037687,-0.010642422531956597,0.040000000000000036,0.09999999999999964,-0.5600013732910121
2022-11-04,33.27481842041016,325.0155029296875,119.66927337646484,3770.550048828125,4.17,4.66,24.549999237060547,0.026990851262586716,0.024767224495572695,0.025582417170093828,0.013526823285563951,0.03000000000000025,-0.04999999999999982,-0.75
2022-11-07,33.47380447387695,329.2381286621094,120.30115509033205,3806.800048828125,4.22,4.72,24.350000381469727,0.0052663420097761645,0.005962269611330556,0.012908401763240086,0.00956806167935914,0.04999999999999982,0.05999999999999961,-0.1999988555908203
2022-11-08,33.56424331665039,330.56396484375,120.37439727783205,3828.110107421875,4.14,4.67,25.540000915527344,0.0006086383850816094,0.0026981363753849977,0.004018895905947342,0.005582282828760321,-0.08000000000000007,-0.04999999999999982,1.1900005340576172
2022-11-09,33.030616760253906,328.72955322265625,118.80850982666016,3748.570068359375,4.12,4.61,26.09000015258789,-0.013093827167342479,-0.01602640135784606,-0.005564794146052808,-0.020996784712303443,-0.019999999999999574,-0.05999999999999961,0.5499992370605469
2022-11-10,34.486785888671875,343.5406188964844,123.69854736328124,3956.3701171875,3.82,4.34,23.530000686645508,0.040334500205546096,0.04314132098981586,0.044069968696646436,0.05395251566479769,-0.30000000000000027,-0.27000000000000046,-2.559999465942383
2022-11-14,34.15214157104492,347.2183837890625,122.62711334228516,3957.25,3.88,4.4,23.729999542236328,-0.008699384181347265,-0.00975093817833345,0.010648575351716929,0.0002223717598509513,0.06000000000000005,0.0600000000000005,0.1999988555908203
2022-11-15,34.097869873046875,347.69061279296875,121.73887634277344,3991.72998046875,3.8,4.37,24.540000915527344,-0.0072697588772643144,-0.0015903794970541152,0.0013591105566916842,0.008675376414669186,-0.08000000000000007,-0.03000000000000025,0.8100013732910156
2022-11-16,33.79035568237305,347.1911315917969,121.90370178222656,3958.7900390625,3.67,4.35,24.11000061035156,0.001353010347092867,-0.009059488340040691,-0.0014376008327491219,-0.008286283111873759,-0.1299999999999999,-0.020000000000000462,-0.4300003051757848
2022-11-17,33.61851119995117,344.8755187988281,121.37257385253906,3946.56005859375,3.77,4.43,23.93000030517578,-0.004366465839516859,-0.0050985830985019725,-0.006691902963543755,-0.0030941046442292835,0.10000000000000009,0.08000000000000007,-0.1800003051757777
2022-11-18,33.6365966796875,344.3487854003906,122.56304168701172,3965.340087890625,3.82,4.51,23.1200008392334,0.009760586071466728,0.000537817297226808,-0.0015284820856635653,0.00474729564815821,0.04999999999999982,0.08000000000000007,-0.8099994659423828
2022-11-21,33.74513626098633,345.2658996582031,121.839599609375,3949.93994140625,3.83,4.48,22.36000061035156,-0.0059201012452818405,0.003221635017058838,0.0026597890629602066,-0.003891249800275618,0.010000000000000231,-0.02999999999999936,-0.7600002288818395
2022-11-22,33.90794372558594,348.58953857421875,123.6619110107422,4003.580078125,3.76,4.47,21.290000915527344,0.014845895379786448,0.004813018976227094,0.009580278984987018,0.01348860626982839,-0.07000000000000028,-0.010000000000000675,-1.0699996948242152
2022-11-23,34.016475677490234,350.7508544921875,124.98059844970705,4027.260009765625,3.71,4.46,20.350000381469727,0.010607195092112323,0.003195670871288428,0.006181032357093299,0.0058972660417383116,-0.04999999999999982,-0.009999999999999787,-0.9400005340576172
2022-11-25,34.097869873046875,353.1210021972656,125.2187042236328,4026.1201171875,3.68,4.42,20.5,0.0019033294118971002,0.002389929276741599,0.006734625459882191,-0.0002830842622024787,-0.029999999999999805,-0.040000000000000036,0.14999961853027344
2022-11-28,33.33812713623047,347.2183837890625,123.03008270263672,3963.93994140625,3.69,4.46,22.209999084472656,-0.017632941978106095,-0.022533214205607315,-0.016856850539657776,-0.015564696794064813,0.009999999999999787,0.040000000000000036,1.7099990844726562
2022-11-29,33.46475601196289,348.4443054199219,125.05386352539062,3957.6298828125,3.75,4.48,21.88999938964844,0.01631565240409123,0.0037911246170995753,0.003524475062127,-0.0015931337016243704,0.06000000000000005,0.020000000000000462,-0.3199996948242152
2022-11-30,34.23354721069336,352.95965576171875,126.53736877441406,4080.110107421875,3.68,4.38,20.57999992370605,0.011793117184198924,0.022713250197810238,0.012875355627074642,0.030478643521294944,-0.06999999999999984,-0.10000000000000053,-1.30999946594239
2022-12-01,33.25101852416992,350.82080078125,124.76083374023438,4076.570068359375,3.53,4.25,19.84000015258789,-0.014139095405314002,-0.029120676942985372,-0.006078206763225574,-0.0008680098296065889,-0.15000000000000036,-0.1299999999999999,-0.7399997711181605
2022-12-02,32.82344436645508,347.8684387207031,123.77181243896484,4071.699951171875,3.51,4.28,19.059999465942383,-0.007958926420529049,-0.012942371602963363,-0.008451195369118362,-0.001195374663761461,-0.020000000000000018,0.03000000000000025,-0.7800006866455078
2022-12-05,31.358762741088867,339.6054382324219,120.30115509033205,3998.840087890625,3.6,4.41,20.75,-0.028441423366571558,-0.045649286040857724,-0.024039890692743197,-0.01805624963097222,0.0900000000000003,0.1299999999999999,1.6900005340576172
2022-12-06,30.021446228027344,331.7172546386719,120.50260925292967,3941.260009765625,3.51,4.34,22.170000076293945,0.0016731815646258746,-0.04358174076590811,-0.02350150454154243,-0.014503869422986057,-0.0900000000000003,-0.07000000000000028,1.4200000762939453
2022-12-07,29.78490829467773,328.98419189453125,120.4202117919922,3933.919921875,3.42,4.26,22.68000030517578,-0.0006840154352564434,-0.007910168362520235,-0.008273262750059714,-0.001864107253381664,-0.08999999999999986,-0.08000000000000007,0.5100002288818359
2022-12-08,29.51198959350586,327.3023376464844,121.68390655517578,3963.510009765625,3.48,4.31,22.290000915527344,0.010439361777680406,-0.009205224491079094,-0.005125376963044304,0.007493634413933237,0.06000000000000005,0.04999999999999982,-0.3899993896484375
2022-12-09,29.4574031829834,328.271240234375,121.02458953857422,3934.3798828125,3.57,4.33,22.82999992370605,-0.005433008312432209,-0.001851347743075748,0.0029558948867028033,-0.0073767194642132125,0.08999999999999986,0.020000000000000462,0.5399990081787074
2022-12-12,29.775814056396484,331.9639892578125,122.90187072753906,3990.56005859375,3.61,4.39,25.0,0.015392493720814176,0.010751195200669207,0.011186278360840645,0.01417830729965003,0.040000000000000036,0.05999999999999961,2.170000076293949
2022-12-13,29.79401016235352,337.0004577636719,122.78282165527344,4019.64990234375,3.51,4.22,22.549999237060547,-0.0009691208713781569,0.000610916911761975,0.01505779175792341,0.007263223255457212,-0.10000000000000009,-0.16999999999999993,-2.450000762939453
2022-12-14,29.366430282592773,329.4046630859375,122.16926574707033,3995.320068359375,3.49,4.23,21.13999938964844,-0.005009609820996922,-0.014455177203892373,-0.022797314755095194,-0.006071116623835963,-0.019999999999999574,0.010000000000000675,-1.4099998474121058
2022-12-15,28.9024658203125,319.76141357421875,119.13817596435548,3895.75,3.44,4.23,22.82999992370605,-0.025123545241486873,-0.01592528085990896,-0.029711838817237195,-0.02523747790182607,-0.050000000000000266,0.0,1.69000053405761
2022-12-16,28.83878326416016,316.58056640625,118.39640045166016,3852.360107421875,3.48,4.17,22.6200008392334,-0.006245641667443111,-0.0022057916301701013,-0.009997371731314283,-0.011200239946011676,0.040000000000000036,-0.0600000000000005,-0.2099990844726527
2022-12-19,29.16628837585449,314.9901428222656,119.1015396118164,3817.659912109375,3.57,4.25,22.420000076293945,0.0059380829319966005,0.011292412290023635,-0.005036417688686798,-0.0090483289411038,0.08999999999999986,0.08000000000000007,-0.20000076293945312
2022-12-20,29.28454971313477,314.8804016113281,119.67845916748048,3821.6201171875,3.69,4.25,21.479999542236328,0.004832236210961352,0.004046528758806682,-0.0003484564027251385,0.001036800697890769,0.1200000000000001,0.0,-0.9400005340576172
2022-12-21,29.730323791503903,320.0631103515625,121.02458953857422,3878.43994140625,3.68,4.21,20.06999969482422,0.01118510473753296,0.015107464621005309,0.01632530689157195,0.014758548669054294,-0.009999999999999787,-0.040000000000000036,-1.4099998474121094
2022-12-22,29.46649932861328,315.8767395019531,119.6509780883789,3822.389892578125,3.67,4.24,21.96999931335449,-0.01141475537756675,-0.00891352595430832,-0.013166123572541186,-0.014557142498145655,-0.010000000000000231,0.03000000000000025,1.8999996185302699
2022-12-23,29.539281845092773,315.8127746582031,120.21875,3844.820068359375,3.75,4.31,20.8700008392334,0.004734011052584879,0.0024669634718515816,-0.0002025198852752265,0.005850952271915072,0.08000000000000007,0.0699999999999994,-1.0999984741210902
2022-12-27,29.59386444091797,312.5771179199219,120.63996124267578,3829.25,3.84,4.32,21.649999618530277,0.0034975830427334304,0.0018460919046284219,-0.010298336663624966,-0.004057844034659477,0.08999999999999986,0.010000000000000675,0.7799987792968786
2022-12-28,29.812198638916016,311.5716247558594,121.29932403564452,3783.219970703125,3.88,4.31,22.13999938964844,0.0054506602734248535,0.007350602606949246,-0.0032219692683967353,-0.012093470442948605,0.040000000000000036,-0.010000000000000675,0.48999977111816406
2022-12-29,30.14880752563477,313.9115905761719,121.99526977539062,3849.280029296875,3.83,4.34,21.440000534057617,0.0057210283799994386,0.011227710952874925,0.007482140781266868,0.01731063431499432,-0.04999999999999982,0.03000000000000025,-0.6999988555908239
2022-12-30,30.1306095123291,313.8658447265625,122.80113220214844,3839.5,3.88,4.41,21.670000076293945,0.00658396390901486,-0.0006037886480243252,-0.00014573906966972613,-0.002543975646110833,0.04999999999999982,0.07000000000000028,0.22999954223632812
2023-01-03,30.485410690307617,316.4617614746094,123.73518371582033,3824.139892578125,3.79,4.4,22.899999618530277,0.007577431174216398,0.01170664879610888,0.008236768940525281,-0.004008572481273608,-0.08999999999999986,-0.009999999999999787,1.2299995422363317
2023-01-04,31.05854797363281,317.8145751953125,124.8890151977539,3852.969970703125,3.69,4.36,22.01000022888184,0.009281797754863232,0.01862583639908626,0.004265698383585291,0.007510694562138916,-0.10000000000000009,-0.040000000000000036,-0.8899993896484375
2023-01-05,30.9948673248291,314.2132263183594,124.86135864257812,3808.10009765625,3.71,4.45,22.459999084472656,-0.00022147358471233153,-0.0020524469395337068,-0.01139629568670583,-0.011713869136457158,0.020000000000000018,0.08999999999999986,0.44999885559081676
2023-01-06,31.304174423217773,318.161865234375,127.25064849853516,3895.080078125,3.55,4.24,21.1299991607666,0.018954760771216484,0.009929836197198573,0.012488443293142646,0.02258383558903089,-0.16000000000000014,-0.20999999999999996,-1.3299999237060547
2023-01-09,30.83110809326172,322.6590576171875,126.72479248046876,3892.090087890625,3.53,4.19,21.96999931335449,-0.004141004874203245,-0.015227273509663183,0.014035953116064709,-0.0007679273259905782,-0.020000000000000018,-0.04999999999999982,0.8400001525878871
2023-01-10,31.04035186767578,326.6441650390625,127.85952758789062,3919.25,3.61,4.24,20.57999992370605,0.008914473771883962,0.006763847896304534,0.012275181525016773,0.006953997970593733,0.08000000000000007,0.04999999999999982,-1.3899993896484375
2023-01-11,31.27688789367676,333.1522216796875,128.8096923828125,3969.610107421875,3.54,4.2,21.09000015258789,0.007403841687352949,0.00759138764340506,0.01972810960264655,0.012767571192293676,-0.06999999999999984,-0.040000000000000036,0.5100002288818395
2023-01-12,31.358762741088867,338.1429748535156,128.6805419921875,3983.169921875,3.43,4.12,18.82999992370605,-0.001003147958359529,0.0026143224574099355,0.014869300874704599,0.0034100849120427303,-0.10999999999999988,-0.08000000000000007,-2.2600002288818395
2023-01-13,32.050167083740234,341.8540344238281,131.92774963378906,3999.090087890625,3.49,4.22,18.350000381469727,0.024921507175813762,0.021808655279569565,0.010915037459398157,0.003988892144656051,0.06000000000000005,0.09999999999999964,-0.4799995422363246
2023-01-17,31.40424919128418,319.8437194824219,129.8889923095703,3990.969970703125,3.53,4.18,19.36000061035156,-0.01557424111604438,-0.02035918825245908,-0.0665513461456261,-0.002032555430996314,0.03999999999999959,-0.040000000000000036,1.0100002288818324
2023-01-18,30.676456451416016,319.0850830078125,125.98683166503906,3928.860107421875,3.37,4.06,20.34000015258789,-0.030502789464831676,-0.023447738773261846,-0.0023747147668583325,-0.015684966977744675,-0.1599999999999997,-0.1200000000000001,0.9799995422363317
2023-01-19,30.23068046569824,320.6024169921875,124.30786895751952,3898.85009765625,3.39,4.09,20.520000457763672,-0.01341608820728842,-0.014638151394347565,0.004743993997281412,-0.007667671901812428,0.020000000000000018,0.03000000000000025,0.18000030517578125
2023-01-20,30.794723510742188,312.458251953125,124.61226654052734,3972.610107421875,3.48,4.14,19.850000381469727,0.0024457461758382515,0.018486042562970244,-0.025730912610044898,0.01874167355235196,0.08999999999999986,0.04999999999999982,-0.6700000762939453
2023-01-23,31.222301483154297,319.1307983398437,126.63255310058594,4019.81005859375,3.52,4.21,19.809999465942383,0.01608256128937684,0.01378926988345331,0.021130178388790596,0.011811315951328555,0.040000000000000036,0.07000000000000028,-0.04000091552734375
2023-01-24,31.44973373413086,318.3903503417969,127.72111511230467,4016.949951171875,3.46,4.12,19.200000762939453,0.008559488569357348,0.0072578861865973615,-0.0023228980952988655,-0.0007117563642918193,-0.06000000000000005,-0.08999999999999986,-0.6099987030029297
2023-01-25,31.722658157348636,319.57861328125,128.3392333984375,4016.219970703125,3.46,4.11,19.07999992370605,0.004827920373936027,0.008640677141334005,0.003725147715037721,-0.00018174157346566321,0.0,-0.009999999999999787,-0.12000083923340199
2023-01-26,32.150238037109375,324.4596252441406,129.13253784179688,4060.429931640625,3.49,4.17,18.729999542236328,0.0061622829557631585,0.013388660681253542,0.01515781245698783,0.010947708029114303,0.03000000000000025,0.05999999999999961,-0.350000381469723
2023-01-27,32.25030899047852,323.298828125,129.4462127685547,4070.56005859375,3.52,4.19,18.51000022888184,0.00242614739130676,0.0031077696861377645,-0.0035840469720691695,0.002491734021703855,0.029999999999999805,0.020000000000000462,-0.21999931335448863
2023-01-30,32.11384582519531,326.7356262207031,128.34841918945312,4017.77001953125,3.55,4.25,19.940000534057617,-0.008516858606653712,-0.004240353039607696,0.01057430139805285,-0.013053569315292663,0.029999999999999805,0.05999999999999961,1.4300003051757777
2023-01-31,32.27760696411133,334.3679504394531,129.11410522460938,4076.60009765625,3.52,4.21,19.399999618530277,0.0059479591779926805,0.005086435695693035,0.02309067323661103,0.014536304416419527,-0.029999999999999805,-0.040000000000000036,-0.5400009155273402
2023-02-01,32.67787551879883,334.2765197753906,128.77276611328125,4119.2099609375,3.39,4.09,17.8700008392334,-0.0026472019214483383,0.012324552321886605,-0.0002734806573752468,0.01039805629688473,-0.1299999999999999,-0.1200000000000001,-1.5299987792968786
2023-02-02,32.868927001953125,337.7134094238281,128.17315673828125,4179.759765625,3.4,4.09,18.729999542236328,-0.004667211347657816,0.0058294841806680545,0.01022908072585735,0.014592384626854379,0.009999999999999787,0.0,0.8599987030029297
2023-02-03,33.141845703125,338.152099609375,130.15652465820312,4136.47998046875,3.53,4.3,18.32999992370605,0.015355625272617619,0.00826896111256847,0.0012981584095974178,-0.010408592637285455,0.1299999999999999,0.20999999999999996,-0.399999618530277
2023-02-06,33.0872688293457,338.9290771484375,130.92221069335938,4111.080078125,3.63,4.44,19.43000030517578,0.005865573306124945,-0.0016481236845321352,0.002295080432857071,-0.006159393193939262,0.10000000000000009,0.14000000000000057,1.1000003814697301
2023-02-07,33.4511604309082,342.2196044921875,132.5181427001953,4164.0,3.67,4.47,18.65999984741211,0.012116226767769857,0.010937896596803944,0.009661775849939758,0.012790364037397075,0.040000000000000036,0.02999999999999936,-0.7700004577636719
2023-02-08,33.20552444458008,342.85943603515625,131.58642578125,4117.85986328125,3.63,4.45,19.6299991607666,-0.007055696079721393,-0.00737021646666186,0.0018679063032235707,-0.011142573012411353,-0.040000000000000036,-0.019999999999999574,0.9699993133544922
2023-02-09,32.495933532714844,336.36053466796875,129.5384521484375,4081.5,3.67,4.48,20.709999084472656,-0.015686101159827402,-0.02160130157585076,-0.01913695116018958,-0.008869009831037385,0.040000000000000036,0.03000000000000025,1.0799999237060547
2023-02-10,32.36857223510742,339.3677673339844,130.11041259765625,4090.4599609375,3.74,4.5,20.530000686645508,0.00440565280278139,-0.003927000129674741,0.008900774203996644,0.0021928557092171274,0.07000000000000028,0.019999999999999574,-0.17999839782714844
2023-02-13,32.4322509765625,341.8721923828125,131.52186584472656,4137.2900390625,3.72,4.52,20.34000015258789,0.010789700327630745,0.0019653689196076213,0.0073525819958957395,0.011383569951155146,-0.020000000000000018,0.019999999999999574,-0.1900005340576172
2023-02-14,32.40496063232422,339.8247985839844,132.10301208496094,4136.1298828125,3.77,4.6,18.90999984741211,0.004408894837051316,-0.0008418112121941361,-0.00600677421791014,-0.0002804538554937624,0.04999999999999982,0.08000000000000007,-1.4300003051757812
2023-02-15,32.350379943847656,342.1647644042969,132.6565704345703,4147.60009765625,3.81,4.62,18.229999542236328,0.00418159864853498,-0.0016857513501231792,0.006862201798020695,0.002769337533076689,0.040000000000000036,0.020000000000000462,-0.6800003051757812
2023-02-16,32.09564971923828,338.3806457519531,130.82997131347656,4090.409912109375,3.86,4.62,20.170000076293945,-0.013865060211299518,-0.007905267477807666,-0.01112095562197271,-0.013884689204881605,0.04999999999999982,0.0,1.9400005340576172
2023-02-17,32.15933609008789,336.8266906738281,131.21743774414062,4079.090087890625,3.82,4.6,20.020000457763672,0.002957226056381199,0.0019823019459793145,-0.0046029056199344,-0.0027712421722827342,-0.040000000000000036,-0.020000000000000462,-0.14999961853027344
2023-02-21,31.40424919128418,330.0809936523437,128.8096923828125,3997.340087890625,3.95,4.67,22.8700008392334,-0.018519715055144926,-0.02375959181089193,-0.02023046741579497,-0.020244783973471698,0.13000000000000034,0.07000000000000028,2.8500003814697266
2023-02-22,31.195009231567383,329.87078857421875,127.82258605957033,3991.050048828125,3.93,4.66,22.290000915527344,-0.007692806199186337,-0.006685086828154678,-0.0006370316465373872,-0.0015747954856433837,-0.020000000000000018,-0.009999999999999787,-0.5799999237060547
2023-02-23,31.16771507263184,332.2930603027344,128.84658813476562,4012.320068359375,3.88,4.66,21.13999938964844,0.007979201330957942,-0.0008753357388674926,0.007316263301000683,0.005315278263237728,-0.050000000000000266,0.0,-1.1500015258789027
2023-02-24,31.12222671508789,332.57647705078125,130.00894165039062,3970.0400390625,3.95,4.78,21.670000076293945,0.008980772626165324,-0.0014605364630186698,0.0008525485055053692,-0.010593464619774184,0.07000000000000028,0.1200000000000001,0.5300006866455043
2023-02-27,31.12222671508789,334.11199951171875,131.14361572265625,3982.239990234375,3.92,4.78,20.950000762939453,0.008689795909704846,0.0,0.0046064248299613995,0.0030682925395522777,-0.03000000000000025,0.0,-0.7199993133544922
2023-02-28,31.20410919189453,321.4249572753906,132.24142456054688,3970.14990234375,3.92,4.81,20.700000762939453,0.008336200067665176,0.0026275417197118393,-0.03871216259845017,-0.0030406198309477117,0.0,0.02999999999999936,-0.25
2023-03-01,31.05854797363281,318.7369079589844,131.50340270996094,3951.389892578125,4.01,4.89,20.57999992370605,-0.005596498589251979,-0.004675723461902799,-0.008398079488558561,-0.004736464203492832,0.08999999999999986,0.08000000000000007,-0.12000083923340199
2023-03-02,30.664825439453125,321.3790283203125,130.13809204101562,3981.35009765625,4.08,4.89,19.59000015258789,-0.010436594264044797,-0.012757820988999793,0.008255177589424385,0.0075535937311959735,0.07000000000000028,0.0,-0.9899997711181605
2023-03-03,31.27830696105957,328.7345275878906,132.52740478515625,4045.639892578125,3.97,4.86,18.489999771118164,0.018193319467045173,0.01980854236584105,0.022629317864290805,0.01601874917648306,-0.10999999999999988,-0.02999999999999936,-1.1000003814697266
2023-03-06,31.21419906616211,328.6976928710937,131.7524871826172,4048.419921875,3.98,4.89,18.61000061035156,-0.005864387317700627,-0.0020516993624128516,-0.00011205631756153963,0.0006869307788483012,0.009999999999999787,0.02999999999999936,0.12000083923339488
2023-03-07,30.216157913208008,318.5987854003906,127.87794494628906,3986.3701171875,3.97,5.0,19.59000015258789,-0.02984881140010362,-0.03249627802219881,-0.031205876529337016,-0.015445590479262547,-0.009999999999999787,0.11000000000000032,0.9799995422363317
2023-03-08,29.813278198242188,321.55389404296875,127.12149810791016,3992.010009765625,3.98,5.05,19.11000061035156,-0.005932946740738876,-0.01342294014828106,0.00923257756683899,0.0014137941356032722,0.009999999999999787,0.04999999999999982,-0.4799995422363317
2023-03-09,27.96367645263672,314.9256591796875,120.23959350585938,3918.320068359375,3.93,4.9,22.61000061035156,-0.05565694239965925,-0.06404747294963523,-0.020828554364447728,-0.018631857945482354,-0.04999999999999982,-0.14999999999999947,3.5
2023-03-10,27.716455459594727,301.6506652832031,123.29307556152344,3861.590087890625,3.7,4.6,24.799999237060547,0.02507788457015737,-0.008880101721215816,-0.04306699800359659,-0.01458396943606664,-0.22999999999999998,-0.3000000000000007,2.189998626708988
2023-03-13,26.104928970336918,290.456298828125,121.07907104492188,3855.760009765625,3.55,4.03,26.520000457763672,-0.01812043743742182,-0.0599021507856878,-0.037816479715877246,-0.001510901840738768,-0.15000000000000036,-0.5699999999999994,1.720001220703125
2023-03-14,26.33384323120117,296.5689697265625,124.18791961669922,3919.2900390625,3.64,4.2,23.729999542236328,0.025352087320800094,0.00873078088458477,0.02082667364437298,0.016342388235363665,0.0900000000000003,0.16999999999999993,-2.7900009155273438
2023-03-15,26.086612701416016,287.3999328613281,118.3207778930664,3891.929931640625,3.51,3.93,26.13999938964844,-0.04839650633680493,-0.009432667400528323,-0.031405064255541244,-0.007005363929353597,-0.13000000000000034,-0.27,2.409999847412113
2023-03-16,26.526124954223636,290.06964111328125,120.61781311035156,3960.280029296875,3.56,4.14,22.989999771118164,0.01922758458590415,0.01670783527194622,0.00924629588320812,0.017409576249031722,0.050000000000000266,0.20999999999999952,-3.149999618530277
2023-03-17,25.47313690185547,279.4367980957031,116.06062316894533,3916.639892578125,3.39,3.81,25.51000022888184,-0.03851430933497905,-0.040505652631396244,-0.03734489377717268,-0.011080621273953702,-0.16999999999999993,-0.3299999999999996,2.5200004577636754
2023-03-20,25.409040451049805,284.9510803222656,117.28755950927734,3951.570068359375,3.47,3.92,24.149999618530277,0.010516024878707533,-0.0025194080931330203,0.019541375399534662,0.008878869635940853,0.08000000000000007,0.10999999999999988,-1.3600006103515625
2023-03-21,26.17818069458008,292.085693359375,120.43331909179688,4002.8701171875,3.59,4.17,21.3799991607666,0.026467538237454614,0.029821231912918345,0.02472971207968541,0.012898647518559103,0.11999999999999966,0.25,-2.7700004577636754
2023-03-22,25.308319091796875,288.76239013671875,117.3244857788086,3936.969970703125,3.48,3.96,22.26000022888184,-0.02615275244040978,-0.03379310633911069,-0.011443059143274838,-0.016600248639842885,-0.10999999999999988,-0.20999999999999996,0.8800010681152379
2023-03-23,24.694839477539062,289.8486633300781,117.01080322265624,3948.719970703125,3.38,3.76,22.61000061035156,-0.0026772130211216755,-0.024538865771741167,0.0037547657033670176,0.0029800838691824228,-0.10000000000000009,-0.20000000000000018,0.35000038146971946
2023-03-24,24.850496292114254,287.74969482421875,115.23037719726562,3970.989990234375,3.38,3.76,21.739999771118164,-0.015332861321569144,0.006283430086288414,-0.007267949140498764,0.005623963084303207,0.0,0.0,-0.8700008392333949
2023-03-27,26.086612701416016,293.2364196777344,118.532958984375,3977.530029296875,3.53,3.94,20.600000381469727,0.028257652342159004,0.0485445355642281,0.018888189709235073,0.0016455995637670831,0.1499999999999999,0.18000000000000016,-1.1399993896484375
2023-03-28,25.747827529907227,293.15362548828125,118.89273834228516,3971.27001953125,3.55,4.02,19.96999931335449,0.0030306713834375707,-0.013072003641098397,-0.0002823860694288082,-0.0015750832883878866,0.020000000000000018,0.07999999999999963,-0.6300010681152379
2023-03-29,26.251428604125977,295.2525634765625,119.13257598876952,4027.81005859375,3.57,4.08,19.1200008392334,0.0020152287442735638,0.019370154791085656,0.007134346750396419,0.014136870775046802,0.020000000000000018,0.0600000000000005,-0.8499984741210902
2023-03-30,25.912641525268555,295.63922119140625,118.77281188964844,4050.830078125,3.55,4.1,19.020000457763672,-0.0030244323305600035,-0.012989471163947205,0.0013087261663276538,0.005698999199482652,-0.020000000000000018,0.019999999999999574,-0.10000038146972656
2023-03-31,26.187335968017575,301.1351928710937,120.21192169189452,4109.31005859375,3.48,4.06,18.700000762939453,0.012043674722551408,0.010544994504490209,0.018419446065050166,0.014333327782036555,-0.06999999999999984,-0.040000000000000036,-0.31999969482421875
2023-04-03,26.17818069458008,300.5919494628906,120.07355499267578,4124.509765625,3.43,3.97,18.549999237060547,-0.001151686039637653,-0.00034966803019497627,-0.001805614264591859,0.003692022565802823,-0.04999999999999982,-0.08999999999999941,-0.15000152587890625
2023-04-04,25.61963653564453,297.0293273925781,118.46836853027344,4100.60009765625,3.35,3.84,19.0,-0.013458520563697065,-0.021567156256462446,-0.011922816042418386,-0.005813839745162529,-0.08000000000000007,-0.13000000000000034,0.4500007629394531
2023-04-05,25.308319091796875,295.9982604980469,118.64502716064452,4090.3798828125,3.3,3.79,19.07999992370605,0.001490077458871755,-0.012225950082648273,-0.0034773017462416565,-0.002495481657121423,-0.050000000000000266,-0.04999999999999982,0.07999992370605113
2023-04-06,25.4914493560791,296.7991638183594,118.51486206054688,4105.02001953125,3.3,3.82,18.399999618530277,-0.0010976992238883327,0.007209917020508363,0.002702116354664821,0.0035727731328032467,0.0,0.029999999999999805,-0.6800003051757741
2023-04-10,25.5830135345459,299.1559143066406,118.90536499023438,4109.10986328125,3.41,4.0,18.96999931335449,0.0032895536044216865,0.0035855208799085853,0.007909196046461262,0.0009958070170100843,0.11000000000000032,0.18000000000000016,0.5699996948242116
2023-04-11,26.28805351257324,301.37451171875,119.49108123779295,4108.93994140625,3.43,4.03,19.100000381469727,0.004913810045084269,0.0271859994775144,0.007388826309542344,-4.135333298352082e-05,0.020000000000000018,0.03000000000000025,0.13000106811523793
2023-04-12,26.07745742797852,304.0166320800781,119.47248840332033,4091.949951171875,3.41,3.95,19.09000015258789,-0.00015561229302084586,-0.008043355872867773,0.008728694377698304,-0.0041434563234613855,-0.020000000000000018,-0.08000000000000007,-0.010000228881835938
2023-04-13,26.150707244873047,305.75653076171875,119.92806243896484,4146.22021484375,3.45,3.96,17.799999237060547,0.003805961047042367,0.0028049947908674574,0.005706723449175272,0.013175510497831548,0.040000000000000036,0.009999999999999787,-1.2900009155273438
2023-04-14,27.029727935791016,310.1661071777344,128.98382568359375,4137.64013671875,3.52,4.08,17.06999969482422,0.07279493085596453,0.03306105913090244,0.014318849430817394,-0.0020715175845779886,0.06999999999999984,0.1200000000000001,-0.7299995422363281
2023-04-17,27.80802154541016,312.7069702148437,130.0065460205078,4151.31982421875,3.6,4.18,16.950000762939453,0.007897788988836448,0.028387228905325416,0.008158571057633587,0.0033007035826147536,0.08000000000000007,0.09999999999999964,-0.11999893188476562
2023-04-18,27.981992721557617,307.3951721191406,131.46621704101562,4154.8701171875,3.58,4.19,16.829999923706055,0.011165110789343364,0.006236662325001277,-0.017132429188884902,0.0008548548034659753,-0.020000000000000018,0.010000000000000675,-0.12000083923339844
2023-04-19,27.524171829223636,310.1386108398437,131.2989044189453,4154.52001953125,3.6,4.24,16.459999084472656,-0.001273476812692688,-0.016496591991661026,0.008885203838901007,-8.426554793962826e-05,0.020000000000000018,0.04999999999999982,-0.37000083923339844
2023-04-20,27.37767219543457,311.8140563964844,130.91769409179688,4129.7900390625,3.54,4.14,17.170000076293945,-0.0029076007993443466,-0.005336796390030396,0.005387707771724815,-0.005970335188311131,-0.06000000000000005,-0.10000000000000053,0.7100009918212891
2023-04-21,27.35020065307617,314.5297241210937,130.66661071777344,4133.52001953125,3.57,4.17,16.770000457763672,-0.00191971342711874,-0.0010039324839750028,0.008671546924473684,0.0009027812573008861,0.029999999999999805,0.03000000000000025,-0.39999961853027344
2023-04-24,27.24947929382324,316.64715576171875,130.8433074951172,4137.0400390625,3.52,4.12,16.889999389648438,0.001351358338078368,-0.0036894528906755873,0.006709496661035996,0.0008512167782723126,-0.04999999999999982,-0.04999999999999982,0.11999893188476562
2023-04-25,26.407087326049805,312.5228271484375,127.998291015625,4071.6298828125,3.4,3.86,18.76000022888184,-0.021983568889978097,-0.03140197899954925,-0.01311056726058517,-0.01593718381857645,-0.1200000000000001,-0.26000000000000023,1.870000839233402
2023-04-26,26.04083251953125,309.83477783203125,125.72968292236328,4055.989990234375,3.43,3.9,18.84000015258789,-0.017882683681383616,-0.01396664581813919,-0.008638332721374748,-0.0038485835033448754,0.03000000000000025,0.040000000000000036,0.07999992370605113
2023-04-27,26.4528751373291,314.4745483398437,127.42183685302734,4135.35009765625,3.53,4.07,17.030000686645508,0.013368903611341687,0.015699065615555754,0.014863964826124417,0.019377193402696356,0.09999999999999964,0.17000000000000037,-1.8099994659423828
2023-04-28,26.809972763061523,316.1683959960937,128.52821350097656,4169.47998046875,3.44,4.04,15.779999732971191,0.008645308234304637,0.013409083081753577,0.005371824880215123,0.008219331313243467,-0.08999999999999986,-0.03000000000000025,-1.2500009536743164
2023-05-01,26.5902156829834,313.5263671875,131.2802734375,4167.8701171875,3.59,4.14,16.079999923706055,0.02118608908259911,-0.008230619668477629,-0.008391507971108169,-0.0003861810485107871,0.1499999999999999,0.09999999999999964,0.3000001907348633
2023-05-02,25.78445243835449,306.8981018066406,129.16046142578125,4119.580078125,3.44,3.97,17.780000686645508,-0.016279011240208148,-0.03077162504274467,-0.02136768584589119,-0.011653906680571788,-0.1499999999999999,-0.16999999999999948,1.7000007629394531
2023-05-03,25.5097599029541,302.5528869628906,126.427001953125,4090.75,3.38,3.89,18.34000015258789,-0.021390436451231804,-0.010710571381597764,-0.014259681427053245,-0.007022908054892971,-0.06000000000000005,-0.08000000000000007,0.5599994659423828
2023-05-04,24.713153839111328,295.749755859375,124.69767761230467,4061.219970703125,3.37,3.75,20.09000015258789,-0.013772853231591787,-0.031725474253708384,-0.02274241776303864,-0.007244913455062742,-0.009999999999999787,-0.14000000000000012,1.75
2023-05-05,25.37241554260254,301.0523376464844,127.13365173339844,4136.25,3.44,3.92,17.190000534057617,0.01934668023896148,0.026326935660776794,0.017770451496299564,0.018306166381879797,0.06999999999999984,0.16999999999999993,-2.8999996185302734
2023-05-08,25.354103088378903,300.58282470703125,127.4404296875,4138.1201171875,3.52,4.0,16.979999542236328,0.0024101283279757053,-0.0007220071675869245,-0.0015607898744817753,0.0004520264848820656,0.08000000000000007,0.08000000000000007,-0.21000099182128906
2023-05-09,25.326635360717773,298.9808654785156,126.82681274414062,4119.169921875,3.53,4.01,17.709999084472656,-0.004826560658854374,-0.0010839514652357485,-0.005343762695570541,-0.004589938949059595,0.009999999999999787,0.009999999999999787,0.7299995422363281
2023-05-10,25.01531219482422,296.9372253417969,126.89187622070312,4137.64013671875,3.43,3.9,16.940000534057617,0.0005128788758461861,-0.012368497837103568,-0.006858822310814796,0.004473942241914432,-0.09999999999999964,-0.10999999999999988,-0.7699985504150391
2023-05-11,25.07940673828125,295.2525634765625,126.4920654296875,4130.6201171875,3.39,3.89,16.93000030517578,-0.003155773173452853,0.002558935544390632,-0.005689616544090129,-0.0016980648897067581,-0.040000000000000036,-0.009999999999999787,-0.010000228881835938
2023-05-12,24.804718017578125,294.1294250488281,124.67908477783205,4124.080078125,3.46,3.98,17.030000686645508,-0.014436468021368803,-0.011013182990087802,-0.00381124570862831,-0.0015845615894390477,0.06999999999999984,0.08999999999999986,0.10000038146972656
2023-05-15,25.317480087280277,296.495361328125,125.72968292236328,4136.27978515625,3.5,3.99,17.1200008392334,0.008391114405679153,0.02046119198263005,0.00801168182934451,0.002953797680316935,0.040000000000000036,0.010000000000000231,0.09000015258789062
2023-05-16,25.05194091796875,295.3353881835937,124.8836441040039,4109.89990234375,3.54,4.06,17.989999771118164,-0.006751772081605474,-0.010543763419451386,-0.003919953908570295,-0.006398107681917463,0.040000000000000036,0.0699999999999994,0.8699989318847656
2023-05-17,26.159868240356445,303.9613647460937,128.72348022460938,4158.77001953125,3.57,4.12,16.8700008392334,0.03028408286223873,0.043275183608134614,0.028788984033615128,0.011820688622071574,0.029999999999999805,0.0600000000000005,-1.1199989318847656
2023-05-18,26.068302154541016,303.40899658203125,129.69973754882812,4198.0498046875,3.65,4.24,16.049999237060547,0.007555528306204099,-0.00350639047619095,-0.0018188846592375562,0.009400723063727155,0.08000000000000007,0.1200000000000001,-0.8200016021728516
2023-05-19,25.738676071166992,300.2513732910156,129.40219116210938,4191.97998046875,3.7,4.28,16.809999465942383,-0.0022967526254806464,-0.012725333257926111,-0.010461684244571766,-0.0014469138806754414,0.050000000000000266,0.040000000000000036,0.7600002288818359
2023-05-22,25.94927024841309,299.1190490722656,128.3330078125,4192.6298828125,3.72,4.29,17.209999084472656,-0.008296806079545744,0.008148721609471684,-0.0037783831954546912,0.00015502267980239146,0.020000000000000018,0.009999999999999787,0.39999961853027344
2023-05-23,26.169021606445312,297.8763122558594,126.994140625,4145.580078125,3.7,4.26,18.530000686645508,-0.010487560507251312,0.008432842001203656,-0.004163310779122341,-0.011285468768284297,-0.020000000000000018,-0.03000000000000025,1.3200016021728516
2023-05-24,25.72951316833496,294.4148254394531,125.83194732666016,4115.240234375,3.73,4.31,20.030000686645508,-0.009193683245492251,-0.016937624434428044,-0.011688597063145232,-0.007345512678305211,0.029999999999999805,0.04999999999999982,1.5
2023-05-25,25.793609619140625,298.16168212890625,126.13876342773438,4151.27978515625,3.83,4.5,19.13999938964844,0.002435332676528185,0.0024880667321223854,0.012646153116753586,0.008719456079011883,0.10000000000000009,0.1900000000000004,-0.8900012969970668
2023-05-26,25.921798706054688,305.6460876464844,127.3195571899414,4205.4501953125,3.8,4.54,17.950000762939453,0.009317526463489576,0.00495749153315554,0.024791959429296677,0.012964680931640788,-0.03000000000000025,0.040000000000000036,-1.189998626708988
2023-05-30,25.876014709472656,304.55975341796875,127.80304718017578,4205.52001953125,3.69,4.46,17.459999084472656,0.003790260531786719,-0.0017677969584571412,-0.003560553842916911,1.660313066576836e-05,-0.10999999999999988,-0.08000000000000007,-0.4900016784667969
2023-05-31,25.44566345214844,300.450439453125,126.1760025024414,4179.830078125,3.64,4.4,17.940000534057617,-0.012812607481385073,-0.01677113297148261,-0.013584489011599211,-0.006127358186214099,-0.04999999999999982,-0.05999999999999961,0.48000144958496094
2023-06-01,25.63948631286621,293.4934997558594,127.91462707519533,4221.02001953125,3.61,4.33,15.649999618530272,0.013685287888993241,0.007588263582011955,-0.023427321745238424,0.009806215085853812,-0.03000000000000025,-0.07000000000000028,-2.2900009155273455
2023-06-02,26.497825622558597,300.2185974121094,130.60159301757812,4282.3701171875,3.69,4.5,14.600000381469728,0.02078834903515234,0.03292908039463563,0.02265537567077977,0.014429812390107408,0.08000000000000007,0.16999999999999993,-1.0499992370605433
2023-06-05,26.340925216674805,298.5117492675781,129.3185272216797,4273.7900390625,3.69,4.46,14.729999542236328,-0.009872850295249256,-0.00593885603077529,-0.005701574265739591,-0.002005591490657713,0.0,-0.040000000000000036,0.1299991607665998
2023-06-06,26.97775650024414,303.1405029296875,129.55093383789062,4283.85009765625,3.7,4.51,13.960000038146973,0.0017955511453507987,0.023888871526838037,0.015387110981076675,0.002351130233850576,0.010000000000000231,0.04999999999999982,-0.7699995040893555
2023-06-07,27.20849227905273,311.442626953125,130.80613708496094,4267.52001953125,3.79,4.56,13.9399995803833,0.009642242229794533,0.008516447571408382,0.027018734058154744,-0.003819293926420617,0.08999999999999986,0.04999999999999982,-0.020000457763671875
2023-06-08,26.97775650024414,311.18280029296875,130.8433074951172,4293.93017578125,3.73,4.52,13.649999618530272,0.0002841237478333377,-0.00851644757140838,-0.0008346163322884617,0.00616957160752325,-0.06000000000000005,-0.040000000000000036,-0.2899999618530291
2023-06-09,27.01468086242676,311.6930236816406,131.10365295410156,4298.85986328125,3.75,4.59,13.829999923706056,0.001987772977108606,0.001367760736230969,0.0016382832120049315,0.0011474010230505239,0.020000000000000018,0.07000000000000028,0.1800003051757848
2023-06-12,26.885461807250977,314.9118347167969,131.09434509277344,4338.93017578125,3.73,4.55,15.010000228881836,-7.099872158732449e-05,-0.004794766630859547,0.010273904853837551,0.00927797498175416,-0.020000000000000018,-0.040000000000000036,1.1800003051757795
2023-06-13,27.134660720825195,317.7039489746094,132.0426788330078,4369.009765625,3.84,4.67,14.609999656677246,0.00720793928519877,0.009226216810487275,0.008827261222446437,0.006908570725908897,0.10999999999999988,0.1200000000000001,-0.40000057220458984
2023-06-14,26.876235961914062,313.9192810058594,131.54995727539062,4372.58984375,3.83,4.74,13.880000114440918,-0.0037385121129880393,-0.009569429387853868,-0.011984085083092242,0.0008190899801265841,-0.009999999999999787,0.07000000000000028,-0.7299995422363281
2023-06-15,27.106971740722656,315.1436767578125,133.0375213623047,4425.83984375,3.72,4.62,14.5,0.011244521232941021,0.008548479934414247,0.0038927655269191453,0.012104580493589997,-0.10999999999999988,-0.1200000000000001,0.619999885559082
2023-06-16,26.94084358215332,313.81719970703125,133.19558715820312,4409.58984375,3.77,4.7,13.539999961853027,0.001187424173869549,-0.006147470744605151,-0.004218001682103215,-0.0036783764677510893,0.04999999999999982,0.08000000000000007,-0.9600000381469727
2023-06-20,26.6455020904541,306.7767333984375,132.516845703125,4388.7099609375,3.74,4.68,13.880000114440918,-0.0051088533874967665,-0.01102312458694236,-0.022690419608604104,-0.004746353835236048,-0.029999999999999805,-0.020000000000000462,0.3400001525878906
2023-06-21,26.368616104125977,301.5357666015625,132.32162475585938,4365.68994140625,3.72,4.68,13.199999809265137,-0.0014742645378216525,-0.010445840220214697,-0.0172315922444986,-0.005259086366925201,-0.020000000000000018,0.0,-0.6800003051757812
2023-06-22,25.80561637878418,296.44317626953125,129.77407836914062,4381.89013671875,3.8,4.77,12.90999984741211,-0.01944043026083978,-0.021582361716627987,-0.017033086253508866,0.0037039303873345254,0.07999999999999963,0.08999999999999986,-0.28999996185302734
2023-06-23,25.611797332763672,291.9257507324219,129.0953826904297,4348.330078125,3.74,4.71,13.4399995803833,-0.005243548087767746,-0.007539078691361535,-0.015356060118341891,-0.007688288056502158,-0.05999999999999961,-0.05999999999999961,0.5299997329711914
2023-06-26,25.925600051879883,289.74591064453125,129.41148376464844,4328.81982421875,3.72,4.65,14.25,0.002445592537648637,0.012177820887051424,-0.007495122892652033,-0.004496934363132171,-0.020000000000000018,-0.05999999999999961,0.8100004196166992
2023-06-27,26.064037322998047,290.757080078125,129.4207763671875,4378.41015625,3.77,4.74,13.739999771118164,7.180405207847993e-05,0.0053255843011377774,0.003483773460051269,0.01139073352418076,0.04999999999999982,0.08999999999999986,-0.5100002288818359
2023-06-28,25.907136917114254,290.95184326171875,128.85365295410156,4376.85986328125,3.71,4.71,13.43000030517578,-0.004391641294587938,-0.006037996441656544,0.0006696242160188761,-0.0003541393883898215,-0.06000000000000005,-0.03000000000000025,-0.3099994659423846
2023-06-29,26.451675415039062,299.6990966796875,133.3536376953125,4396.43994140625,3.85,4.87,13.539999961853027,0.03432724242508978,0.02080101162976606,0.02962119383242048,0.00446356811449,0.14000000000000012,0.16000000000000014,0.10999965667724787
2023-06-30,26.479366302490234,299.1889343261719,135.222412109375,4450.3798828125,3.81,4.87,13.59000015258789,0.013916390349404324,0.0010463005857753217,-0.0017036990238663676,0.0121943502618858,-0.040000000000000036,0.0,0.05000019073486328
2023-07-03,26.9500675201416,302.9642639160156,136.31021118164062,4455.58984375,3.86,4.94,13.56999969482422,0.008012332946012666,0.017620003129843607,0.012539596470143537,0.0011699930926736418,0.04999999999999982,0.07000000000000028,-0.0200004577636701
2023-07-05,26.839317321777344,296.8792724609375,135.4021759033203,4446.81982421875,3.95,4.94,14.18000030517578,-0.006683822320243193,-0.004117926062618642,-0.020289291549843973,-0.0019702580976127164,0.0900000000000003,0.0,0.610000610351559
2023-07-06,26.10095977783203,290.339599609375,134.06349182128906,4411.58984375,4.05,4.99,15.4399995803833,-0.009935923240327178,-0.02789578992529058,-0.022274295140908312,-0.007954061175894762,0.09999999999999964,0.04999999999999982,1.2599992752075213
2023-07-07,26.331697463989254,292.3525085449219,135.12130737304688,4398.9501953125,4.06,4.94,14.829999923706056,0.007859440801227812,0.008801353499076053,0.006909024215330533,-0.002869212795733482,0.009999999999999787,-0.04999999999999982,-0.6099996566772443
2023-07-10,26.451675415039062,293.5583801269531,135.8795928955078,4409.52978515625,4.01,4.85,15.06999969482422,0.005596199131974792,0.004546058773214137,0.004116234423951846,0.002402138610626312,-0.04999999999999982,-0.09000000000000075,0.23999977111816406
2023-07-11,26.783937454223636,297.6491394042969,138.00460815429688,4439.259765625,3.99,4.88,14.84000015258789,0.015517929793201587,0.01248286009073149,0.013838878663259797,0.006719583998254874,-0.019999999999999574,0.03000000000000025,-0.2299995422363299
2023-07-12,27.09774398803711,302.7694702148437,138.68797302246094,4472.16015625,3.86,4.72,13.539999961853027,0.004939534372109218,0.011648117633899571,0.017056283267814484,0.007383905235389679,-0.13000000000000034,-0.16000000000000014,-1.3000001907348633
2023-07-13,27.38385581970215,304.8843994140625,139.3620147705078,4510.0400390625,3.76,4.59,13.609999656677246,0.0048483589139122025,0.01050315933836137,0.006960994885099976,0.008434482989627111,-0.10000000000000009,-0.1299999999999999,0.06999969482421875
2023-07-14,26.86700439453125,302.5746459960937,140.2045440673828,4505.419921875,3.83,4.74,13.34000015258789,0.0060274150893753365,-0.01905470480331307,-0.007604675794055427,-0.001024932196907484,0.07000000000000028,0.15000000000000036,-0.26999950408935547
2023-07-17,27.134660720825195,303.5115966796875,143.583984375,4522.7900390625,3.81,4.74,13.479999542236328,0.023817735574721593,0.00991297277721343,0.0030918089341164007,0.0038479695744204137,-0.020000000000000018,0.0,0.1399993896484375
2023-07-18,28.334491729736328,312.8524780273437,143.84608459472656,4554.97998046875,3.8,4.74,13.300000190734863,0.0018237499876952049,0.04326794750665492,0.03031194364186097,0.007092066941428338,-0.010000000000000231,0.0,-0.17999935150146484
2023-07-19,29.10053825378418,315.89508056640625,144.39837646484375,4565.72021484375,3.75,4.74,13.760000228881836,0.0038321121173175206,0.026676819134615098,0.00967837170167866,0.002355134827233639,-0.04999999999999982,0.0,0.46000003814697266
2023-07-20,29.24820899963379,325.4586181640625,146.17706298828125,4534.8701171875,3.85,4.8,13.989999771118164,0.012242664025167618,0.005061670321434319,0.0298251854991337,-0.006779827396257691,0.10000000000000009,0.05999999999999961,0.22999954223632812
2023-07-21,29.515867233276367,326.4790344238281,145.05368041992188,4536.33984375,3.84,4.82,13.600000381469728,-0.007714763400028158,0.009109650037329243,0.003130413127731312,0.0003240420146130911,-0.010000000000000231,0.020000000000000462,-0.3899993896484357
2023-07-24,30.13424301147461,332.9443664550781,147.90890502929688,4554.64013671875,3.86,4.81,13.90999984741211,0.019492694000982205,0.020734175649488398,0.019609674762880138,0.004026038496874852,0.020000000000000018,-0.010000000000000675,0.30999946594238104
2023-07-25,29.67276382446289,329.0205993652344,146.80426025390625,4567.4599609375,3.91,4.85,13.859999656677246,-0.007496441140888464,-0.015432584588103388,-0.011855047462909305,0.0028107195758387046,0.050000000000000266,0.040000000000000036,-0.05000019073486328
2023-07-26,29.91272735595703,331.6735534667969,147.68421936035156,4566.75,3.86,4.82,13.1899995803833,0.00597620475053131,0.008054471786069628,0.008030851638704402,-0.00015545097867591856,-0.050000000000000266,-0.02999999999999936,-0.6700000762939453
2023-07-27,29.488182067871094,328.8443908691406,146.0553741455078,4537.41015625,4.01,4.91,14.40999984741211,-0.01109051654202948,-0.014294478693989462,-0.008566549701143907,-0.006445393055197076,0.1499999999999999,0.08999999999999986,1.2200002670288086
2023-07-28,29.442028045654297,327.6571044921875,146.88853454589844,4582.22998046875,3.96,4.87,13.329999923706056,0.005688205981600024,-0.0015663963038595739,-0.0036170143701435495,0.009829375810433848,-0.04999999999999982,-0.040000000000000036,-1.079999923706053
2023-07-31,29.534326553344727,330.1059265136719,147.8714599609375,4588.9599609375,3.97,4.88,13.630000114440918,0.006669351857456834,0.0031300199434916008,0.0074459439646879285,0.0014676354365687912,0.010000000000000231,0.009999999999999787,0.3000001907348615
2023-08-01,29.183603286743164,331.8219909667969,147.14126586914062,4576.72998046875,4.05,4.92,13.93000030517578,-0.004950264981731972,-0.01194617857127525,0.005185060948431304,-0.0026686453076827116,0.07999999999999963,0.040000000000000036,0.3000001907348615
2023-08-02,28.786741256713867,325.68133544921875,145.4749298095703,4513.39013671875,4.08,4.88,16.09000015258789,-0.011389349577059208,-0.013692112173652644,-0.018679248656901078,-0.013936200638336184,0.03000000000000025,-0.040000000000000036,2.159999847412111
2023-08-03,28.989784240722656,327.5920715332031,146.36428833007812,4501.89013671875,4.2,4.9,15.920000076293944,0.006094871548058914,0.007028592257461341,0.005849745335611843,-0.0025512254502915274,0.1200000000000001,0.020000000000000462,-0.1700000762939471
2023-08-04,28.88825798034668,327.6477966308594,146.0553741455078,4478.02978515625,4.05,4.78,17.100000381469727,-0.0021128148283244847,-0.003508286065408684,0.00017009068128502546,-0.0053141693739379705,-0.15000000000000036,-0.1200000000000001,1.180000305175783
2023-08-07,29.423568725585938,329.8184509277344,146.74807739257812,4518.43994140625,4.09,4.76,15.770000457763672,0.004731532608306647,0.018360796222892453,0.006603113671131143,0.008983618964856572,0.040000000000000036,-0.020000000000000462,-1.3299999237060547
2023-08-08,28.860572814941406,323.046875,145.92428588867188,4499.3798828125,4.02,4.74,15.989999771118164,-0.005629459988784803,-0.019319609315555146,-0.020744917837146132,-0.004227205100058866,-0.07000000000000028,-0.019999999999999574,0.2199993133544922
2023-08-09,28.48216438293457,317.88018798828125,143.96775817871094,4467.7099609375,4.0,4.79,15.960000038146973,-0.01349852442094001,-0.013198320958338457,-0.016122892079136596,-0.007063619102045116,-0.019999999999999574,0.04999999999999982,-0.029999732971191406
2023-08-10,28.55599975585937,315.7559509277344,143.7524871826172,4468.830078125,4.09,4.82,15.850000381469728,-0.0014963913018546094,0.0025889828426913313,-0.006704936439722667,0.00025068252108086326,0.08999999999999986,0.03000000000000025,-0.10999965667724432
2023-08-11,28.8790283203125,316.0620422363281,144.58563232421875,4464.0498046875,4.16,4.89,14.84000015258789,0.005778961600330589,0.011248604949388055,0.0009689224930353209,-0.0010702648992294865,0.07000000000000028,0.0699999999999994,-1.0100002288818377
2023-08-14,28.546770095825195,313.2885437011719,144.88519287109375,4489.72021484375,4.19,4.96,14.81999969482422,0.0020697122316814683,-0.011571869832633672,-0.008813899762715278,0.005734004879419051,0.03000000000000025,0.07000000000000028,-0.0200004577636701
2023-08-15,27.63305282592773,308.15887451171875,141.1968231201172,4437.85986328125,4.21,4.92,16.459999084472656,-0.02578682984301692,-0.032531175837884875,-0.016509154426030143,-0.011618139396096483,0.019999999999999574,-0.040000000000000036,1.6399993896484357
2023-08-16,27.03313446044922,305.28326416015625,140.59768676757812,4404.330078125,4.28,4.97,16.780000686645508,-0.004252298993181381,-0.021949306523523934,-0.00937539576637182,-0.007584081792624527,0.07000000000000028,0.04999999999999982,0.32000160217285156
2023-08-17,27.023908615112305,303.8083801269531,139.13735961914062,4370.35986328125,4.3,4.94,17.889999389648438,-0.010440882780895373,-0.0003413374058804763,-0.004842906415363619,-0.0077428113775290805,0.019999999999999574,-0.02999999999999936,1.1099987030029297
2023-08-18,26.86700439453125,301.4059143066406,139.45559692382812,4369.7099609375,4.26,4.92,17.299999237060547,0.0022846050887598518,-0.005823047158624311,-0.007939265353560978,-0.00014871788395720285,-0.040000000000000036,-0.020000000000000462,-0.5900001525878906
2023-08-21,26.903921127319336,298.74365234375,139.93301391601562,4399.77001953125,4.34,4.97,17.1299991607666,0.00341758710517394,0.0013731115181727122,-0.008872053147300284,0.006855634859799785,0.08000000000000007,0.04999999999999982,-0.1700000762939453
2023-08-22,26.24863052368164,295.7104187011719,137.03103637695312,4387.5498046875,4.34,5.02,16.969999313354492,-0.020956393007951653,-0.024658225649398922,-0.01020519537239619,-0.0027813310465456837,0.0,0.04999999999999982,-0.15999984741210938
2023-08-23,26.25786018371582,298.994140625,137.95779418945312,4436.009765625,4.19,4.95,15.979999542236328,0.006740356103369327,0.0003515626355862741,0.011043316364106541,0.010984330710791359,-0.14999999999999947,-0.0699999999999994,-0.9899997711181641
2023-08-24,26.414756774902344,296.7957458496094,137.82676696777344,4376.31005859375,4.23,4.98,17.200000762939453,-0.0009502144064096253,0.005957442947856949,-0.007379798827067396,-0.01354935398400801,0.040000000000000036,0.03000000000000025,1.220001220703125
2023-08-25,26.30400657653809,296.97198486328125,137.65826416015625,4405.7099609375,4.25,5.03,15.68000030517578,-0.0012233174916333068,-0.004201553839538498,0.000593629494266238,0.006695501060295156,0.019999999999999574,0.04999999999999982,-1.5200004577636737
2023-08-28,26.54397773742676,302.3706359863281,138.1356658935547,4433.31005859375,4.2,4.98,15.079999923706056,0.003462021155678304,0.009081625849004875,0.018015729076777114,0.006245078594196461,-0.04999999999999982,-0.04999999999999982,-0.600000381469723
2023-08-29,26.92238044738769,308.4742431640625,139.25901794433594,4497.6298828125,4.12,4.87,14.449999809265137,0.008099349101955401,0.014155032847083467,0.01998481293507907,0.014404068712056505,-0.08000000000000007,-0.11000000000000032,-0.6300001144409197
2023-08-30,26.802396774291992,307.33306884765625,138.6973419189453,4514.8701171875,4.12,4.9,13.880000114440918,-0.004041474641406093,-0.004466612195697181,-0.0037062750001693847,0.003825854181192944,0.0,0.03000000000000025,-0.5699996948242188
2023-08-31,26.68141365051269,306.5193786621094,136.98423767089844,4507.66015625,4.09,4.85,13.56999969482422,-0.012428297178307842,-0.004524110349314672,-0.0026510952767875304,-0.0015982129743398576,-0.03000000000000025,-0.05000000000000071,-0.31000041961669744
2023-09-01,26.96991539001465,306.2294311523437,137.4429473876953,4515.77001953125,4.18,4.87,13.09000015258789,0.003343037198786175,0.010754794912519674,-0.0009463830096845077,0.001797512765518541,0.08999999999999986,0.020000000000000462,-0.4799995422363299
2023-09-05,26.662803649902344,302.8153991699219,135.9263916015625,4496.830078125,4.27,4.94,14.010000228881836,-0.011095401920690086,-0.011452527574357654,-0.011211219837767954,-0.004202997821381205,0.08999999999999986,0.07000000000000028,0.9200000762939453
2023-09-06,26.42083740234375,300.3648681640625,135.7017364501953,4465.47998046875,4.3,5.01,14.449999809265137,-0.0016541379878668796,-0.009116478017756207,-0.008125413316847093,-0.006996014491432261,0.03000000000000025,0.0699999999999994,0.4399995803833008
2023-09-07,26.17887115478516,301.14117431640625,134.54092407226562,4451.14013671875,4.27,4.94,14.399999618530272,-0.00859094204510375,-0.009200353423749755,0.002581209592386766,-0.003216433115732967,-0.03000000000000025,-0.0699999999999994,-0.05000019073486506
2023-09-08,26.392921447753903,304.4709777832031,134.64389038085938,4457.490234375,4.26,4.98,13.84000015258789,0.000765023196607725,0.008143206278859193,0.010996599093809898,0.0014256060622570594,-0.009999999999999787,0.040000000000000036,-0.559999465942381
2023-09-11,26.504594802856445,303.6572570800781,135.23370361328125,4487.4599609375,4.29,4.97,13.800000190734863,0.004370975468879973,0.004222259528327281,-0.002676150002962894,0.006700951498135517,0.03000000000000025,-0.010000000000000675,-0.039999961853027344
2023-09-12,26.96060943603516,309.5030822753906,136.99359130859375,4461.89990234375,4.27,4.98,14.229999542236328,0.012929726342090444,0.017058784233681467,0.01906842941382512,-0.005712169023003997,-0.020000000000000462,0.010000000000000675,0.42999935150146484
2023-09-13,26.87685203552246,313.3192749023437,137.05911254882812,4467.43994140625,4.25,4.96,13.479999542236328,0.0004781652620868523,-0.00311149395968358,0.012254667294802955,0.0012408621175346041,-0.019999999999999574,-0.020000000000000462,-0.75
2023-09-14,27.174654006958008,322.2891845703125,139.7177276611328,4505.10009765625,4.29,5.0,12.81999969482422,0.019211845060770172,0.01101930386844459,0.028226512975272722,0.00839458553366625,0.040000000000000036,0.040000000000000036,-0.6599998474121076
2023-09-15,26.839624404907227,320.39044189453125,139.30584716796875,4450.31982421875,4.33,5.02,13.789999961853027,-0.002952301020310693,-0.01240538274190565,-0.005908848272323177,-0.012234145842493929,0.040000000000000036,0.019999999999999574,0.9700002670288068
2023-09-18,26.76517677307129,321.1199951171875,139.59600830078125,4453.52978515625,4.32,5.05,14.0,0.002080740818393604,-0.0027776496905367967,0.002274486883083316,0.0007210276941755188,-0.009999999999999787,0.03000000000000025,0.21000003814697266
2023-09-19,26.662803649902344,319.7824401855469,139.41815185546875,4443.9501953125,4.37,5.08,14.109999656677246,-0.0012748920649963563,-0.003832196075680442,-0.004173979688271752,-0.0021533273615331264,0.04999999999999982,0.03000000000000025,0.1099996566772461
2023-09-20,26.56974029541016,314.9281005859375,138.82843017578125,4402.2001953125,4.35,5.12,15.140000343322754,-0.0042388485665058595,-0.0034964870136333114,-0.015296529490165392,-0.009439204206291041,-0.020000000000000462,0.040000000000000036,1.0300006866455078
2023-09-21,26.10441780090332,308.8857727050781,137.7424774169922,4330.0,4.49,5.12,17.540000915527344,-0.007853019315152216,-0.017668420962328936,-0.019372819731300596,-0.016536918318488084,0.14000000000000057,0.0,2.40000057220459
2023-09-22,25.72285842895508,306.6877136230469,136.4225311279297,4320.06005859375,4.44,5.1,17.200000762939453,-0.009628920148552251,-0.014724534784201224,-0.007141530533268823,-0.0022982374027607495,-0.04999999999999982,-0.020000000000000462,-0.3400001525878906
2023-09-25,25.68563461303711,307.5763244628906,137.09657287597656,4337.43994140625,4.55,5.09,16.899999618530273,0.004928673007876048,-0.0014481584742401929,0.0028932556836223323,0.0040149942038066174,0.10999999999999943,-0.009999999999999787,-0.3000011444091797
2023-09-26,25.285457611083984,302.88092041015625,135.6736602783203,4273.52978515625,4.56,5.04,18.940000534057617,-0.01043314358930416,-0.01570243865611516,-0.015383539765887955,-0.014844165482264943,0.009999999999999787,-0.04999999999999982,2.0400009155273438
2023-09-27,25.378522872924805,301.1318359375,136.46937561035156,4274.509765625,4.61,5.1,18.21999931335449,0.005847789541978365,0.003673827663240829,-0.0057915643114698195,0.00022928777229479233,0.05000000000000071,0.05999999999999961,-0.7200012207031286
2023-09-28,25.648406982421875,304.17169189453125,138.16375732421875,4299.7001953125,4.59,5.04,17.34000015258789,0.012339393973903072,0.010578203583503797,0.010044155943434522,0.005875877143000698,-0.020000000000000462,-0.05999999999999961,-0.879999160766598
2023-09-29,25.480892181396484,302.6471252441406,135.7579345703125,4288.0498046875,4.59,5.03,17.520000457763672,-0.01756622194545613,-0.006552618680241633,-0.005024794271664512,-0.002713259648289315,0.0,-0.009999999999999787,0.18000030517578125
2023-10-02,24.84806060791016,297.9049072265625,134.5877227783203,4288.39013671875,4.69,5.12,17.610000610351562,-0.00865720657129865,-0.025149139509644574,-0.015793191362931586,7.936440615299324e-05,0.10000000000000053,0.08999999999999986,0.09000015258789062
2023-10-03,24.112852096557617,286.325439453125,133.59544372558594,4229.4501953125,4.81,5.15,19.780000686645508,-0.007400043737416278,-0.030034725182645543,-0.039645268226661236,-0.013839395863449198,0.11999999999999922,0.03000000000000025,2.1700000762939453
2023-10-04,24.14077377319336,288.64508056640625,134.19454956054688,4263.75,4.73,5.05,18.57999992370605,0.0044744527392776585,0.00115728835911473,0.008068774372054856,0.008077047607828946,-0.07999999999999918,-0.10000000000000053,-1.2000007629394567
2023-10-05,24.25244903564453,290.4222412109375,134.76040649414062,4258.18994140625,4.72,5.03,18.489999771118164,0.004207825554184727,0.004615334718585138,0.006138029749900548,-0.0013048811469951228,-0.010000000000000675,-0.019999999999999574,-0.09000015258788707
2023-10-06,24.261754989624023,292.27423095703125,136.8350830078125,4308.5,4.78,5.08,17.450000762939453,0.015277992080973418,0.00038363832945828146,0.006356640448817736,0.011745642093961117,0.0600000000000005,0.04999999999999982,-1.039999008178711
2023-10-10,25.136554718017575,294.4161376953125,137.35374450683594,4358.240234375,4.66,4.96,17.030000686645508,0.0037832476425572878,0.03542190816262374,0.007301692234880847,0.01147854421937284,-0.1200000000000001,-0.1200000000000001,-0.4200000762939453
2023-10-11,25.14586067199707,292.779296875,137.8252716064453,4376.9501953125,4.58,4.99,16.09000015258789,0.003427060447895731,0.0003701474566630109,-0.005575128700402098,0.004283819500095073,-0.08000000000000007,0.03000000000000025,-0.9400005340576172
2023-10-12,25.03418731689453,289.8142395019531,137.50462341308594,4349.60986328125,4.7,5.06,16.690000534057617,-0.002329193771712709,-0.004450914016152847,-0.010178907896172505,-0.006266024940654918,0.1200000000000001,0.0699999999999994,0.6000003814697266
2023-10-13,24.903898239135746,289.2998046875,139.5698699951172,4327.77978515625,4.63,5.04,19.31999969482422,0.014907794689110762,-0.005218036371752262,-0.001776627436092912,-0.005031495660219892,-0.07000000000000028,-0.019999999999999574,2.6299991607666016
2023-10-16,25.117944717407227,294.0606689453125,139.4284210205078,4373.6298828125,4.71,5.09,17.209999084472656,-0.0010139774420388084,0.008558172672455247,0.016322566145978823,0.010538642302589985,0.08000000000000007,0.04999999999999982,-2.1100006103515625
2023-10-17,25.70424461364746,289.35595703125,139.12667846679688,4373.2001953125,4.83,5.19,17.8799991607666,-0.0021664846365352184,0.02307361864973308,-0.016128487567172462,-9.824987944376507e-05,0.1200000000000001,0.10000000000000053,0.6700000762939453
2023-10-18,25.415748596191406,282.4344787597656,137.5989532470703,4314.60009765625,4.91,5.19,19.21999931335449,-0.011041555720054665,-0.011287132966400487,-0.02421102534769611,-0.013490408251151898,0.08000000000000007,0.0,1.340000152587887
2023-10-19,25.090023040771484,279.8436279296875,137.01425170898438,4278.0,4.98,5.14,21.399999618530277,-0.004258370763686678,-0.012898726658656306,-0.00921561460582152,-0.008519032328057976,0.07000000000000028,-0.05000000000000071,2.1800003051757884
2023-10-20,24.485107421875,280.6479187011719,134.8075408935547,4224.16015625,4.93,5.07,21.709999084472656,-0.016236809230170103,-0.024405206305742874,0.002869949880141844,-0.012665149196155915,-0.05000000000000071,-0.0699999999999994,0.30999946594237926
2023-10-23,23.79643440246582,279.87164306640625,132.96859741210938,4217.0400390625,4.86,5.05,20.3700008392334,-0.013735147600306676,-0.028529317965463066,-0.002769844922518408,-0.0016869920654349177,-0.0699999999999994,-0.020000000000000462,-1.3399982452392578
2023-10-24,23.703371047973636,279.8342590332031,133.1289520263672,4247.68017578125,4.83,5.02,18.96999931335449,0.0012052319460054645,-0.0039184780942930885,-0.00013358455974277542,0.0072395235196288195,-0.03000000000000025,-0.03000000000000025,-1.4000015258789098
2023-10-25,23.777820587158203,277.5706787109375,132.4027862548828,4186.77001953125,4.95,5.08,20.190000534057617,-0.005469535103440943,0.0031359617412153405,-0.008121897070171339,-0.014443434657238052,0.1200000000000001,0.0600000000000005,1.2200012207031286
2023-10-26,24.30828666687012,277.78582763671875,132.74224853515625,4137.22998046875,4.86,5.02,20.68000030517578,0.002560579465633474,0.02206406923309067,0.0007748137784849779,-0.011903081205584871,-0.08999999999999986,-0.0600000000000005,0.48999977111816406
2023-10-27,23.424182891845703,271.1636657714844,127.9610595703125,4117.3701171875,4.84,4.99,21.270000457763672,-0.03668327144053313,-0.037048361680429014,-0.024127841270540306,-0.00481183857862075,-0.020000000000000462,-0.02999999999999936,0.5900001525878906
2023-10-30,23.908109664916992,281.3774719238281,129.59251403808594,4166.81982421875,4.88,5.03,19.75,0.012669024670325891,0.020448772275179182,0.03697451302446989,0.011938474300285915,0.040000000000000036,0.040000000000000036,-1.5200004577636719
2023-10-31,24.51302719116211,283.9777526855469,131.13912963867188,4193.7998046875,4.88,5.07,18.13999938964844,0.011863797728624413,0.024986980418476093,0.009198815132247658,0.006454084821688244,0.0,0.040000000000000036,-1.610000610351559
2023-11-01,24.56886482238769,287.2982177734375,131.0259246826172,4237.85986328125,4.77,4.95,16.8700008392334,-0.0008636159642539351,0.002275285365898021,0.011624863123166025,0.010451194990191868,-0.11000000000000032,-0.1200000000000001,-1.2699985504150426
2023-11-02,25.70424461364746,293.4714050292969,133.3646697998047,4317.77978515625,4.67,4.98,15.65999984741211,0.017692052362264343,0.045176154637125716,0.021259444421941397,0.018682938934086474,-0.09999999999999964,0.03000000000000025,-1.210000991821289
2023-11-03,26.44875907897949,306.4351806640625,134.85467529296875,4358.33984375,4.57,4.83,14.90999984741211,0.011110464982374646,0.028553103147311597,0.043226043651227807,0.00934988354455146,-0.09999999999999964,-0.15000000000000036,-0.75
2023-11-06,26.364999771118164,302.965087890625,135.87313842773438,4365.97998046875,4.67,4.93,14.890000343322754,0.007523925416582935,-0.0031718771740101184,-0.011388673287097,0.0017514577241005862,0.09999999999999964,0.09999999999999964,-0.01999950408935547
2023-11-07,26.206789016723636,303.0025329589844,135.80714416503906,4378.3798828125,4.58,4.91,14.8100004196167,-0.00048582299284667267,-0.006018864324902818,0.00012358768725803657,0.0028360934017119537,-0.08999999999999986,-0.019999999999999574,-0.07999992370605469
2023-11-08,25.95551872253418,303.5730285644531,136.47671508789062,4382.77978515625,4.49,4.93,14.449999809265137,0.004918192906142888,-0.00963424543985562,0.0018810377795355087,0.0010044110324198868,-0.08999999999999986,0.019999999999999574,-0.3600006103515625
2023-11-09,25.6204891204834,300.0375671386719,136.0712127685547,4347.35009765625,4.62,5.03,15.289999961853027,-0.002975642645559122,-0.01299186689628562,-0.01171451224264294,-0.008116690699068705,0.1299999999999999,0.10000000000000053,0.8400001525878906
2023-11-10,25.760082244873047,304.4616394042969,138.0893096923828,4415.240234375,4.61,5.04,14.170000076293944,0.014722275524445869,0.005433706326697778,0.014637409634179798,0.015495759270772258,-0.009999999999999787,0.009999999999999787,-1.1199998855590838
2023-11-13,25.778696060180664,305.7710876464844,137.4763641357422,4411.5498046875,4.63,5.02,14.760000228881836,-0.004448642379844278,0.0007223227530445577,0.004291642168459969,-0.0008361884413700847,0.019999999999999574,-0.020000000000000462,0.5900001525878924
2023-11-14,27.193265914916992,316.8174743652344,139.98484802246094,4495.7001953125,4.44,4.8,14.15999984741211,0.018082183205186363,0.05342094927247266,0.03548907498567078,0.01889537047457725,-0.1899999999999995,-0.21999999999999975,-0.6000003814697266
2023-11-15,27.56552505493164,315.7698974609375,141.21078491210938,4502.8798828125,4.53,4.9,14.18000030517578,0.008719514198488884,0.013596533752243102,-0.0033120416517301364,0.0015957382078471765,0.08999999999999986,0.10000000000000053,0.0200004577636701
2023-11-16,27.49107551574707,314.8999938964844,142.82337951660156,4508.240234375,4.45,4.83,14.31999969482422,0.011355056069852853,-0.002704474442337328,-0.002758667023923514,0.0011897193967137305,-0.08000000000000007,-0.07000000000000028,0.13999938964844105
2023-11-17,27.90055274963379,317.25701904296875,144.11534118652344,4514.02001953125,4.44,4.88,13.800000190734863,0.009005200814774964,0.014785075143665777,0.00745712226809278,0.0012812279371779871,-0.009999999999999787,0.04999999999999982,-0.5199995040893572
2023-11-20,27.9284725189209,317.5002746582031,144.55856323242188,4547.3798828125,4.42,4.89,13.40999984741211,0.0030707479089281346,0.0010001883959224209,0.0007664524049006303,0.007363103793795633,-0.020000000000000462,0.009999999999999787,-0.3900003433227539
2023-11-21,27.60274887084961,313.3099060058594,144.25680541992188,4538.18994140625,4.41,4.86,13.350000381469728,-0.0020896251034769535,-0.011731324308233428,-0.013285867663316445,-0.002022975931757968,-0.009999999999999787,-0.02999999999999936,-0.059999465942381036
2023-11-22,27.574831008911133,316.7426452636719,144.59628295898438,4556.6201171875,4.42,4.89,12.850000381469728,0.0023505214866660178,-0.0010119278294420495,0.010896783824631912,0.004052905094313324,0.009999999999999787,0.02999999999999936,-0.5
2023-11-24,27.667888641357425,317.2196960449219,144.7943115234375,4559.33984375,4.47,4.92,12.460000038146973,0.0013685904043766158,0.003369049208881733,0.0015049817322190047,0.0005966956096450322,0.04999999999999982,0.03000000000000025,-0.3900003433227557
2023-11-27,27.50968742370605,315.8727722167969,144.46424865722656,4550.43017578125,4.39,4.84,12.6899995803833,-0.0022821313170849986,-0.005734273320047698,-0.004255068344319653,-0.0019560693168983586,-0.08000000000000007,-0.08000000000000007,0.22999954223632812
2023-11-28,27.481765747070312,315.8166809082031,144.7943115234375,4554.89013671875,4.34,4.73,12.6899995803833,0.002282131317084979,-0.0010154915873375756,-0.00017759140496551257,0.0009796385280502918,-0.04999999999999982,-0.10999999999999943,0.0
2023-11-29,28.20766258239746,320.87127685546875,145.52989196777344,4550.580078125,4.27,4.64,12.979999542236328,0.005067314467684235,0.026070942808527887,0.01587811448272439,-0.0009466966151019382,-0.07000000000000028,-0.09000000000000075,0.28999996185302734
2023-11-30,28.601652145385746,322.07830810546875,147.1896514892578,4567.7998046875,4.37,4.73,12.920000076293944,0.011340392852199373,0.013870819664348295,0.003754672827388531,0.003776931264994605,0.10000000000000053,0.09000000000000075,-0.05999946594238459
2023-12-01,29.04254150390625,328.57568359375,147.90635681152344,4594.6298828125,4.22,4.56,12.630000114440918,0.004857447822502571,0.01529722000079951,0.019972493994069706,0.005856558953846637,-0.15000000000000036,-0.17000000000000082,-0.28999996185302557
2023-12-04,28.911212921142575,329.4809875488281,148.9908447265625,4569.77978515625,4.28,4.64,13.079999923706056,0.007305510006288939,-0.004532193258771265,0.0027514485177620733,-0.005423188063826943,0.0600000000000005,0.08000000000000007,0.4499998092651385
2023-12-05,28.68607711791992,322.2763366699219,148.9719696044922,4567.18017578125,4.18,4.57,12.850000381469728,-0.00012669448124210552,-0.007817623005213954,-0.022109285436590922,-0.0005690315939348026,-0.10000000000000053,-0.0699999999999994,-0.22999954223632812
2023-12-06,28.639175415039062,322.4838256835937,147.40652465820312,4549.33984375,4.12,4.6,12.970000267028809,-0.010563921031641365,-0.001636336911702762,0.0006436161318558752,-0.003913851944943747,-0.05999999999999961,0.02999999999999936,0.11999988555908025
2023-12-07,28.761119842529297,324.9827575683594,147.8591766357422,4585.58984375,4.14,4.58,13.0600004196167,0.003066067817303901,0.004248919292188915,0.00771914522748812,0.007936610684821922,0.019999999999999574,-0.019999999999999574,0.09000015258789062
2023-12-08,29.04254150390625,330.83892822265625,149.4906768798828,4604.3701171875,4.23,4.71,12.350000381469728,0.01097371730477759,0.009737233883499207,0.01785950796796222,0.0040871341465037936,0.09000000000000075,0.1299999999999999,-0.7100000381469709
2023-12-11,28.939355850219727,331.7159118652344,150.03761291503906,4622.43994140625,4.23,4.71,12.630000114440918,0.0036519865512848037,-0.003559240636352866,0.002647280199860584,0.003916813547781492,0.0,0.0,0.27999973297118963
2023-12-12,28.83616828918457,332.5174255371094,151.3767547607422,4643.7001953125,4.2,4.73,12.06999969482422,0.00888577851973683,-0.0035720202382986486,0.0024133508987319334,0.0045888127956924,-0.03000000000000025,0.020000000000000462,-0.5600004196166974
2023-12-13,30.05565452575684,342.06085205078125,151.88600158691406,4707.08984375,4.04,4.46,12.1899995803833,0.0033584559539331102,0.041420371248958206,0.028296384854908447,0.01355834517501981,-0.16000000000000014,-0.27000000000000046,0.11999988555908025
2023-12-14,31.83798217773437,361.61907958984375,154.6491241455078,4719.5498046875,3.92,4.37,12.479999542236328,0.018028585748801774,0.05760917129947632,0.05560274027048635,0.002643565185154432,-0.1200000000000001,-0.08999999999999986,0.28999996185302734
2023-12-15,31.5190372467041,358.8276672363281,155.8184356689453,4719.18994140625,3.91,4.44,12.279999732971191,0.00753261985285048,-0.010068264833457368,-0.007749153797552336,-7.625240044859478e-05,-0.009999999999999787,0.07000000000000028,-0.19999980926513672
2023-12-18,31.35957145690918,354.951904296875,156.761474609375,4740.56005859375,3.95,4.43,12.5600004196167,0.00603392457811969,-0.005072190207939051,-0.010859938237740962,0.004518122263400515,0.040000000000000036,-0.010000000000000675,0.2800006866455078
2023-12-19,31.43461036682129,360.65716552734375,158.8550567626953,4768.3701171875,3.93,4.41,12.529999732971191,0.013266813696078178,0.0023899967624960643,0.01594552767830269,0.005849267450818904,-0.020000000000000018,-0.019999999999999574,-0.030000686645507812
2023-12-20,30.93743896484375,356.008056640625,157.0632781982422,4698.35009765625,3.86,4.34,13.670000076293944,-0.011343423783658317,-0.01594245940077416,-0.012974465512540832,-0.014793147965305628,-0.07000000000000028,-0.07000000000000028,1.1400003433227521
2023-12-21,31.14381599426269,358.88427734375,157.95916748046875,4746.75,3.89,4.33,13.649999618530272,0.005687795963488395,0.006648634592982669,0.008046627682403724,0.010248769307271876,0.03000000000000025,-0.009999999999999787,-0.020000457763671875
2023-12-22,31.35957145690918,358.9596862792969,157.8648681640625,4754.6298828125,3.9,4.31,13.029999732971191,-0.0005971636643556502,0.006903828045295213,0.0002100984047943668,0.0016586821527610754,0.009999999999999787,-0.020000000000000462,-0.6199998855590803
2023-12-26,31.76292991638184,359.86505126953125,158.79849243164062,4774.75,3.89,4.26,12.989999771118164,0.005896652969492293,0.012780353787542872,0.002519015892710139,0.004222761046978559,-0.009999999999999787,-0.04999999999999982,-0.039999961853027344
2023-12-27,31.74417495727539,362.5714416503906,159.7509307861328,4781.580078125,3.79,4.2,12.43000030517578,0.005979864493484202,-0.0005906413050632143,0.007492431702953593,0.0014294356164229985,-0.10000000000000009,-0.05999999999999961,-0.5599994659423846
2023-12-28,31.78169631958008,364.3915100097656,160.59967041015625,4783.35009765625,3.84,4.26,12.470000267028809,0.0052988295120010055,0.0011812940433182627,0.005007331276383941,0.0003701061103271183,0.04999999999999982,0.05999999999999961,0.03999996185302912
2023-12-29,31.58470344543457,363.7879333496094,160.41107177734375,4769.830078125,3.88,4.23,12.449999809265137,-0.0011750301764177483,-0.006217601425912975,-0.0016577693970618338,-0.0028304770367338357,0.040000000000000036,-0.02999999999999936,-0.020000457763671875
2024-01-02,31.800460815429688,366.1737976074219,162.2782745361328,4742.830078125,3.95,4.33,13.199999809265137,0.011572886554069515,0.006807845520794489,0.006536980372281591,-0.005676660799723162,0.07000000000000028,0.09999999999999964,0.75
2024-01-03,31.4533748626709,360.0347595214844,161.57101440429688,4704.81005859375,3.91,4.33,14.039999961853027,-0.004367841958695558,-0.010974494514152543,-0.016907496527968382,-0.008048618327197648,-0.040000000000000036,0.0,0.8400001525878906
2024-01-04,31.706655502319336,361.1286315917969,162.64320373535156,4688.68017578125,3.99,4.38,14.130000114440918,0.006614103760798987,0.008020325382560565,0.0030336340493561406,-0.003434271663317429,0.08000000000000007,0.04999999999999982,0.09000015258789062
2024-01-05,32.297637939453125,364.4197998046875,163.45925903320312,4697.240234375,4.05,4.4,13.350000381469728,0.005004911612010704,0.018467487144275402,0.009072284203530479,0.0018240216394339805,0.05999999999999961,0.020000000000000462,-0.7799997329711896
2024-01-08,32.04435729980469,366.7018432617188,163.22203063964844,4763.5400390625,4.01,4.36,13.079999923706056,-0.0014523539777359816,-0.007872990167110412,0.006242602416767674,0.014015945436353141,-0.040000000000000036,-0.040000000000000036,-0.2700004577636719
2024-01-09,31.54718017578125,361.8736267089844,161.93157958984375,4756.5,4.02,4.36,12.760000228881836,-0.007937527276547306,-0.015636899946966314,-0.013254048297032245,-0.0014789938523175842,0.009999999999999787,0.0,-0.3199996948242205
2024-01-10,31.5190372467041,360.1950378417969,162.27317810058594,4783.4501953125,4.04,4.37,12.6899995803833,0.0021073018149864744,-0.0008924883113469603,-0.004649396860486758,0.005649980650495912,0.020000000000000462,0.009999999999999787,-0.07000064849853516
2024-01-11,31.09691047668457,358.1109924316406,161.5899658203125,4780.240234375,3.98,4.26,12.4399995803833,-0.004219148159325732,-0.013483247654863433,-0.005802683452457876,-0.0006712808369611647,-0.06000000000000005,-0.11000000000000032,-0.25
2024-01-12,30.76858901977539,356.2249450683594,160.4039306640625,4783.830078125,3.96,4.14,12.699999809265137,-0.00736685094399244,-0.010614140093142979,-0.005280573598179168,0.0007506937530339595,-0.020000000000000018,-0.1200000000000001,0.26000022888183594
2024-01-16,30.13070297241211,358.7711486816406,159.3981170654297,4765.97998046875,4.07,4.22,13.84000015258789,-0.00629024687119908,-0.020949648390211476,0.007122316888310294,-0.0037383190523568345,0.11000000000000032,0.08000000000000007,1.140000343322754
2024-01-17,29.83051872253418,355.6873779296875,158.5441436767578,4739.2099609375,4.1,4.34,14.789999961853027,-0.005371890105356743,-0.010012696515509657,-0.008632523197363183,-0.005632731271107821,0.02999999999999936,0.1200000000000001,0.9499998092651367
2024-01-18,29.764854431152344,355.43280029296875,158.8572540283203,4780.93994140625,4.14,4.34,14.130000114440918,0.001972962031003198,-0.0022036716771811115,-0.0007159905045322825,0.008766720726243148,0.040000000000000036,0.0,-0.6599998474121094
2024-01-19,30.22450828552246,360.4213562011719,161.59947204589844,4839.81005859375,4.15,4.39,13.300000190734863,0.017114853465417988,0.015324811910720777,0.013937578255193026,0.012238308232548512,0.010000000000000675,0.04999999999999982,-0.8299999237060547
2024-01-22,30.53407096862793,363.9670715332031,161.40969848632812,4850.43017578125,4.11,4.37,13.1899995803833,-0.0011750352542175535,0.01019001318188647,0.00978961980531411,0.0021919211872316853,-0.040000000000000036,-0.019999999999999574,-0.1100006103515625
2024-01-23,30.740442276000977,359.0728454589844,160.34701538085938,4864.60009765625,4.14,4.31,12.550000190734863,-0.006605530972151857,0.006735984563893793,-0.013538120677449998,0.002917115340764486,0.02999999999999936,-0.0600000000000005,-0.6399993896484375
2024-01-24,30.93743896484375,357.78094482421875,161.7797393798828,4868.5498046875,4.18,4.34,13.140000343322754,0.00889546382205715,0.006387941828190734,-0.00360436689019838,0.0008115989762168653,0.040000000000000036,0.03000000000000025,0.5900001525878906
2024-01-25,31.32204246520996,360.8929138183594,164.09495544433594,4894.16015625,4.14,4.28,13.449999809265137,0.01420948024749865,0.01235501433293606,0.008660363548751495,0.00524657813497798,-0.040000000000000036,-0.05999999999999961,0.3099994659423828
2024-01-26,31.35957145690918,356.2626647949219,163.46873474121094,4890.97021484375,4.15,4.34,13.260000228881836,-0.003823509655024743,0.0011974483053417985,-0.012912995452467173,-0.0006519977554263648,0.010000000000000675,0.05999999999999961,-0.18999958038330078
2024-01-29,31.52842330932617,358.87481689453125,163.89572143554688,4927.93017578125,4.08,4.29,13.600000381469728,0.0026086334567810747,0.0053699361475417215,0.007305346967857487,0.007528365505246204,-0.07000000000000028,-0.04999999999999982,0.3400001525878924
2024-01-30,32.63534164428711,364.82525634765625,167.25465393066406,4924.97021484375,4.06,4.36,13.3100004196167,0.02028714412961435,0.03450633441990046,0.016444860992443865,-0.0006008303969786162,-0.020000000000000462,0.07000000000000028,-0.2899999618530291
2024-01-31,31.903642654418945,362.1282958984375,165.44232177734375,4845.64990234375,3.99,4.27,14.350000381469728,-0.010894899637954848,-0.022675607613809764,-0.007419931615688045,-0.016236851740733683,-0.0699999999999994,-0.09000000000000075,1.0399999618530291
2024-02-01,31.472131729125977,361.9773864746094,164.84454345703125,4906.18994140625,3.87,4.2,13.880000114440918,-0.0036197562539709966,-0.013617745829848047,-0.00041681602475045264,0.012416286114049784,-0.1200000000000001,-0.0699999999999994,-0.47000026702881037
2024-02-02,31.39708709716797,365.7588806152344,165.7934112548828,4958.60986328125,4.03,4.36,13.850000381469728,0.005739633875896709,-0.002387326230578438,0.010392578594237228,0.01062777072263312,0.16000000000000014,0.16000000000000014,-0.02999973297118963
2024-02-05,30.946823120117188,361.1946411132813,165.57516479492188,4942.81005859375,4.17,4.46,13.670000076293944,-0.001317243138258813,-0.014444772696286023,-0.012557335075795463,-0.0031914247092839714,0.13999999999999968,0.09999999999999964,-0.1800003051757848
2024-02-06,30.993724822998047,363.0523986816406,166.1444854736328,4954.22998046875,4.09,4.39,13.0600004196167,0.003432544543231718,0.0015144106212229224,0.005130187741971105,0.0023077459317481074,-0.08000000000000007,-0.07000000000000028,-0.6099996566772443
2024-02-07,31.12504768371582,364.6272888183594,166.45762634277344,4995.06005859375,4.09,4.41,12.829999923706056,0.0018829763885332518,0.0042281278607837055,0.0043285325198029224,0.008207682594008628,0.0,0.020000000000000462,-0.23000049591064275
2024-02-08,31.06876373291016,363.09954833984375,165.8598175048828,4997.91015625,4.15,4.46,12.789999961853027,-0.003597821864668991,-0.0018099539130614565,-0.0041986708332432295,0.000570420540090595,0.0600000000000005,0.04999999999999982,-0.03999996185302912
2024-02-09,31.02186393737793,362.364013671875,166.05909729003906,5026.60986328125,4.17,4.48,12.93000030517578,0.0012007740458165898,-0.0015106886888230362,-0.0020277653035033955,0.0057259171287955156,0.019999999999999574,0.020000000000000462,0.14000034332275213
2024-02-12,31.53780174255371,370.2664794921875,166.7991943359375,5021.83984375,4.17,4.46,13.93000030517578,0.004446927020569981,0.01649463747118226,0.021573692035939073,-0.0009494041426524416,0.0,-0.020000000000000462,1.0
2024-02-13,30.721689224243164,357.16796875,165.34742736816406,4953.169921875,4.31,4.64,15.850000381469728,-0.008741779190722086,-0.026217987123898317,-0.03601678942259892,-0.013768609419845444,0.13999999999999968,0.17999999999999972,1.9200000762939489
2024-02-14,31.078147888183597,356.4985046386719,167.02691650390625,5000.6201171875,4.27,4.56,14.380000114440918,0.010106095497308001,0.011536037430471234,-0.0018761265455476375,0.009534168304216807,-0.040000000000000036,-0.08000000000000007,-1.4700002670288104
2024-02-15,31.959932327270508,363.4578857421875,170.67051696777344,5029.72998046875,4.24,4.56,14.010000228881836,0.0215799203756761,0.02797807150975822,0.019333387322328952,0.00580437267404004,-0.02999999999999936,0.0,-0.36999988555908203
2024-02-16,31.97869682312012,362.5337829589844,169.8734893798828,5005.56982421875,4.3,4.64,14.239999771118164,-0.004680916582516798,0.0005869533531660183,-0.002545768283936173,-0.0048150435759610425,0.05999999999999961,0.08000000000000007,0.22999954223632812
2024-02-20,31.856735229492188,362.6091918945313,170.53768920898438,4975.509765625,4.27,4.59,15.420000076293944,0.003902343482021022,-0.003821129993277028,0.00020798363476948783,-0.0060234264658172495,-0.03000000000000025,-0.04999999999999982,1.1800003051757795
2024-02-21,31.61284828186035,366.1455383300781,171.6478729248047,4981.7998046875,4.32,4.64,15.34000015258789,0.006488804520058236,-0.007685197680974007,0.009705252115073714,0.0012634014951035982,0.05000000000000071,0.04999999999999982,-0.07999992370605291
2024-02-22,31.52842330932617,368.22015380859375,173.7068634033203,5087.02978515625,4.33,4.69,14.539999961853027,0.01192405754439831,-0.0026741628959289017,0.00565010326553228,0.02090288866640342,0.009999999999999787,0.05000000000000071,-0.8000001907348633
2024-02-23,31.81921768188477,368.76708984375,174.579833984375,5088.7998046875,4.26,4.67,13.75,0.005012952924848665,0.009180970612294198,0.0014842485817091048,0.000347887026502183,-0.07000000000000028,-0.020000000000000462,-0.7899999618530273
2024-02-26,31.52842330932617,367.9844055175781,173.9820098876953,5069.52978515625,4.28,4.69,13.739999771118164,-0.0034302359445364913,-0.009180970612294165,-0.002124690958999928,-0.003793939244668484,0.020000000000000462,0.020000000000000462,-0.010000228881835938
2024-02-27,32.15692138671875,368.5408020019531,174.06744384765625,5078.18017578125,4.31,4.7,13.43000030517578,0.0004909300144559556,0.01973824544438405,0.0015108691041016654,0.001704895538720964,0.02999999999999936,0.009999999999999787,-0.3099994659423846
2024-02-28,32.18506622314453,373.4032287597656,174.94984436035156,5069.759765625,4.27,4.64,13.84000015258789,0.005056496756009923,0.000874851376725404,0.013107447925600587,-0.001659531321112244,-0.040000000000000036,-0.0600000000000005,0.40999984741211115
2024-02-29,32.61017608642578,369.4809875488281,176.5439453125,5096.27001953125,4.25,4.64,13.399999618530272,0.009070498133298528,0.013121826474025532,-0.010559593461701036,0.0052154704557999644,-0.019999999999999574,0.0,-0.44000053405761896
2024-03-01,32.44956970214844,368.5787658691406,175.81329345703125,5137.080078125,4.19,4.54,13.109999656677246,-0.004147227996547967,-0.004937206826611026,-0.002444848469008629,0.007975936433387976,-0.05999999999999961,-0.09999999999999964,-0.28999996185302557
2024-03-04,33.205322265625,372.5199890136719,177.13223266601562,5130.9501953125,4.22,4.61,13.489999771118164,0.007473931533234274,0.023022989552096317,0.010636262102448293,-0.0011939745749630112,0.02999999999999936,0.07000000000000028,0.38000011444091797
2024-03-05,33.43204116821289,371.2474670410156,178.9066162109375,5078.64990234375,4.13,4.54,14.460000038146973,0.009967441704161977,0.006804584266427009,-0.003421830853050746,-0.010245406275917994,-0.08999999999999986,-0.07000000000000028,0.9700002670288086
2024-03-06,33.46037673950195,369.9748229980469,179.83645629882812,5104.759765625,4.11,4.55,14.5,0.005183889203274331,0.0008471983483379388,-0.0034339099366762927,0.005127932853001643,-0.019999999999999574,0.009999999999999787,0.039999961853027344
2024-03-07,33.65876007080078,368.8921508789063,178.26136779785156,5157.35986328125,4.09,4.5,14.4399995803833,-0.008797030044223449,0.005911396314927851,-0.002930630092573578,0.010251402284983627,-0.020000000000000462,-0.04999999999999982,-0.06000041961669922
2024-03-08,33.63041687011719,367.5245666503906,178.59344482421875,5123.68994140625,4.09,4.48,14.739999771118164,0.001861132934044756,-0.0008424297531448262,-0.00371416283230582,-0.006549922992050337,0.0,-0.019999999999999574,0.3000001907348633
2024-03-11,33.90437698364258,366.736328125,178.65988159179688,5117.93994140625,4.1,4.51,15.220000267028809,0.0003719308593174896,0.008113199157149696,-0.002147026578144275,-0.0011228682680281005,0.009999999999999787,0.02999999999999936,0.48000049591064453
2024-03-12,33.97050476074219,368.6547546386719,180.13058471679688,5175.27001953125,4.16,4.58,13.84000015258789,0.00819816299619154,0.0019485204636112451,0.005217443916687773,0.011139512586668012,0.0600000000000005,0.07000000000000028,-1.380000114440918
2024-03-13,34.08386993408203,372.5770263671875,181.59185791015625,5165.31005859375,4.19,4.61,13.75,0.008079571353109436,0.0033316088409411576,0.010583216851436383,-0.0019263840021219723,0.03000000000000025,0.03000000000000025,-0.09000015258789062
2024-03-14,33.7154426574707,369.0630798339844,178.3562469482422,5150.47998046875,4.29,4.68,14.399999618530272,-0.017978692331250712,-0.01086827842518555,-0.009476221146764168,-0.002875221051495188,0.09999999999999964,0.0699999999999994,0.6499996185302717
2024-03-15,33.45093536376953,367.7334899902344,180.5670928955078,5117.08984375,4.31,4.72,14.40999984741211,0.012319476965425,-0.007876222267215337,-0.003609113672458084,-0.0065040228597376655,0.019999999999999574,0.040000000000000036,0.010000228881837714
2024-03-18,34.017730712890625,365.0364379882813,182.806396484375,5149.419921875,4.34,4.73,14.329999923706056,0.012325235616950108,0.01680213101658566,-0.007361285113014371,0.006298184238480456,0.03000000000000025,0.010000000000000675,-0.07999992370605291
2024-03-19,34.036624908447266,369.1106262207031,183.8785552978516,5178.509765625,4.3,4.68,13.81999969482422,0.005847864024384936,0.000555267796442802,0.011099220460897799,0.00563325304434312,-0.040000000000000036,-0.05000000000000071,-0.5100002288818359
2024-03-20,34.716793060302734,376.52777099609375,186.28868103027344,5224.6201171875,4.27,4.59,13.039999961853027,0.01302200493940489,0.01978637171273293,0.019895406299967156,0.008864765516360184,-0.03000000000000025,-0.08999999999999986,-0.7799997329711932
2024-03-21,35.43474578857422,392.9005737304688,188.8790435791016,5241.52978515625,4.27,4.62,12.920000076293944,0.013809310040913039,0.020469338464243852,0.04256478134333454,0.003231309094528888,0.0,0.03000000000000025,-0.11999988555908381
2024-03-22,35.00019454956055,386.357177734375,186.56382751464844,5234.18017578125,4.22,4.59,13.0600004196167,-0.012333409903379725,-0.012339238182883936,-0.016794314280713474,-0.0014031718343267125,-0.04999999999999982,-0.03000000000000025,0.14000034332275568
2024-03-25,34.820709228515625,384.5717468261719,184.85592651367188,5218.18994140625,4.25,4.54,13.1899995803833,-0.009196673144712104,-0.005141317476459548,-0.00463190326229139,-0.0030596403820319297,0.03000000000000025,-0.04999999999999982,0.12999916076660156
2024-03-26,35.03798294067383,385.7493286132813,185.71934509277344,5203.580078125,4.24,4.56,13.239999771118164,0.004659890757177968,0.006220397376427734,0.0030573815048035545,-0.002803721982805726,-0.009999999999999787,0.019999999999999574,0.05000019073486328
2024-03-27,35.7181510925293,394.3631591796875,189.31553649902344,5248.490234375,4.2,4.54,12.779999732971191,0.019178491440221934,0.019226293608439683,0.0220844578070271,0.008593595582706042,-0.040000000000000036,-0.019999999999999574,-0.46000003814697266
2024-03-28,35.82206344604492,396.6803894042969,190.0556488037109,5254.35009765625,4.2,4.59,13.010000228881836,0.0039017894469239823,0.0029050074077297417,0.005858683398246386,0.0011158627007616052,0.0,0.04999999999999982,0.23000049591064453
2024-04-01,35.44419860839844,392.7106018066406,188.7652130126953,5243.77001953125,4.33,4.72,13.649999618530272,-0.006812934093637133,-0.010604411337613202,-0.010057933540614935,-0.0020156145269577246,0.1299999999999999,0.1299999999999999,0.6399993896484357
2024-04-02,35.23636245727539,389.5196838378906,188.68927001953125,5205.81005859375,4.36,4.7,14.609999656677246,-0.0004023955078170803,-0.005881015855378758,-0.008158558232274465,-0.007265388203672426,0.03000000000000025,-0.019999999999999574,0.9600000381469744
2024-04-03,35.368621826171875,393.176025390625,188.1579132080078,5211.490234375,4.36,4.68,14.329999923706056,-0.0028200139860736044,0.0037464642174495086,0.0093430131454657,0.001090527523337898,0.0,-0.020000000000000462,-0.27999973297118963
2024-04-04,34.87739181518555,385.8157958984375,186.72634887695312,5147.2099609375,4.31,4.65,16.350000381469727,-0.007637404043982006,-0.013986217669295267,-0.018897370484262474,-0.01241103561926225,-0.05000000000000071,-0.02999999999999936,2.02000045776367
2024-04-05,35.0568733215332,387.5442810058594,188.4442443847656,5204.33984375,4.39,4.73,16.030000686645508,0.0091580072915048,0.0051328744229807806,0.00447007296391921,0.011038050135699558,0.08000000000000007,0.08000000000000007,-0.31999969482421875
2024-04-08,35.425296783447266,389.8900451660156,189.42727661132807,5202.39013671875,4.42,4.78,15.1899995803833,0.0052030089043685075,0.010454468611208757,0.006034648072476944,-0.0003747011900415767,0.03000000000000025,0.04999999999999982,-0.840001106262207
2024-04-09,35.642581939697266,390.0514526367188,188.15792846679688,5209.91015625,4.36,4.74,14.979999542236328,-0.006723531056240403,0.006114881637386901,0.000413896358796387,0.0014444494736345207,-0.05999999999999961,-0.040000000000000036,-0.21000003814697266
2024-04-10,34.6223258972168,380.60198974609375,186.5545654296875,5160.64013671875,4.55,4.97,15.800000190734863,-0.008557882903401008,-0.02904231385592374,-0.024524477491751892,-0.009501981832212592,0.1899999999999995,0.22999999999999954,0.8200006484985352
2024-04-11,34.338924407958984,377.4869995117188,186.5163726806641,5199.06005859375,4.56,4.93,14.90999984741211,-0.0002047479192578199,-0.008219197982613573,-0.008218053051193072,0.007417221983342437,0.009999999999999787,-0.040000000000000036,-0.8900003433227539
2024-04-12,33.809913635253906,369.8988037109375,174.45291137695312,5123.41015625,4.5,4.88,17.309999465942383,-0.06686416801903185,-0.015525470834903419,-0.020306664971093576,-0.014657587802248536,-0.05999999999999961,-0.04999999999999982,2.3999996185302734
2024-04-15,33.961055755615234,380.7159118652344,174.54832458496094,5061.81982421875,4.63,4.93,19.229999542236328,0.0005467786388890934,0.004460386867752034,0.028823994105903805,-0.012094195787459195,0.1299999999999999,0.04999999999999982,1.9200000762939453
2024-04-16,32.761314392089844,376.8981323242188,172.55364990234375,5051.41015625,4.67,4.97,18.399999618530277,-0.011493432979705771,-0.03596606913135247,-0.010078513952094812,-0.0020586245275039964,0.040000000000000036,0.040000000000000036,-0.8299999237060511
2024-04-17,33.280887603759766,383.593505859375,171.86647033691406,5022.2099609375,4.59,4.93,18.209999084472656,-0.003990361984552213,0.015734906344726705,0.017608468507353047,-0.005797375076004185,-0.08000000000000007,-0.040000000000000036,-0.19000053405762074
2024-04-18,33.791011810302734,382.833740234375,172.98313903808594,5011.1201171875,4.64,4.98,18.0,0.0064762874817465696,0.015211557969735301,-0.0019826170787750354,-0.0022106017004853043,0.04999999999999982,0.05000000000000071,-0.20999908447265625
2024-04-19,34.92462921142578,383.6790466308594,177.3256072998047,4967.22998046875,4.62,4.97,18.709999084472656,0.024793504325750056,0.03299744402417826,0.00220559070545091,-0.008797129654056974,-0.019999999999999574,-0.010000000000000675,0.7099990844726562
2024-04-22,35.642581939697266,396.3575134277344,180.7709503173828,5010.60009765625,4.62,4.97,16.940000534057617,0.019243130159274147,0.02034875659840098,0.03251022861807043,0.00869335115683908,0.0,0.0,-1.769998550415039
2024-04-23,36.247161865234375,402.6730041503906,183.3764190673828,5070.5498046875,4.61,4.86,15.6899995803833,0.01431021301651289,0.016820039887039027,0.015808212835553247,0.01189356656772209,-0.009999999999999787,-0.10999999999999943,-1.2500009536743164
2024-04-24,36.19993591308594,401.7613525390625,184.2735748291016,5071.6298828125,4.65,4.89,15.970000267028809,0.004880498068332116,-0.001303736389336622,-0.002266566548369078,0.00021298737793290078,0.040000000000000036,0.02999999999999936,0.2800006866455078
2024-04-25,35.8126106262207,398.9216613769531,184.55032348632807,5048.419921875,4.7,4.96,15.369999885559082,0.0015007092025758736,-0.010757264963907479,-0.007093201726478116,-0.0045869342701194095,0.04999999999999982,0.07000000000000028,-0.6000003814697266
2024-04-26,35.73704147338867,406.0634460449219,184.6648712158203,5099.9599609375,4.67,4.96,15.029999732971191,0.0006204930610173285,-0.0021123563487426894,0.01774435822725744,0.010157381332325343,-0.03000000000000025,0.0,-0.3400001525878906
2024-04-29,35.4725341796875,409.1404724121094,184.4644470214844,5116.169921875,4.63,4.97,14.670000076293944,-0.0010859295327107382,-0.0074290152073849145,0.00754913196725849,0.0031734080766393944,-0.040000000000000036,0.009999999999999787,-0.35999965667724787
2024-04-30,34.962406158447266,405.2467041015625,182.9946746826172,5035.68994140625,4.69,5.04,15.649999618530272,-0.00799969351816834,-0.014485337491907984,-0.009562522824298796,-0.015855551118928123,0.0600000000000005,0.07000000000000028,0.9799995422363281
2024-05-01,34.905731201171875,405.474609375,183.1092071533203,5018.39013671875,4.63,4.96,15.390000343322754,0.0006256829283819407,-0.001622340936737388,0.0005622284147522116,-0.0034413534856316866,-0.0600000000000005,-0.08000000000000007,-0.25999927520751775
2024-05-02,34.839603424072266,410.8119201660156,182.91831970214844,5064.2001953125,4.58,4.87,14.68000030517578,-0.001043022474933827,-0.0018962643815595072,0.01307723859361218,0.009087024725084856,-0.04999999999999982,-0.08999999999999986,-0.7100000381469744
2024-05-03,35.18913269042969,416.13970947265625,181.8207855224609,5127.7900390625,4.5,4.81,13.489999771118164,-0.006018205761753769,0.009982535408318283,0.012885549367493643,0.012478557659508005,-0.08000000000000007,-0.0600000000000005,-1.1900005340576154
2024-05-06,35.60478973388672,421.3536376953125,183.24282836914065,5180.740234375,4.49,4.82,13.489999771118164,0.007790697210730689,0.011742867343086332,0.012451431651994707,0.010273173691247842,-0.009999999999999787,0.010000000000000675,0.0
2024-05-07,35.746490478515625,421.47705078125,183.00421142578125,5187.7001953125,4.47,4.82,13.229999542236328,-0.001303038393186731,0.003971923993470358,0.00029285380446356237,0.0013425282288256131,-0.020000000000000462,0.0,-0.26000022888183594
2024-05-08,35.62368392944336,424.4685974121094,186.72634887695312,5187.669921875,4.48,4.84,13.0,0.02013500425385849,-0.003441400313035879,0.007072698128453066,-5.835635193424912e-06,0.010000000000000675,0.019999999999999574,-0.22999954223632812
2024-05-09,36.16214370727539,432.64556884765625,188.491943359375,5214.080078125,4.45,4.8,12.6899995803833,0.009411095089465964,0.015002122131875122,0.019080817570434706,0.005078032639106711,-0.03000000000000025,-0.040000000000000036,-0.3100004196166992
2024-05-10,36.32274627685547,431.8573303222656,189.70404052734372,5222.68017578125,4.5,4.87,12.550000190734863,0.006409911102835147,0.004431346517201649,-0.0018235652988112952,0.001648040080166728,0.04999999999999982,0.07000000000000028,-0.1399993896484375
2024-05-13,36.09601974487305,430.7461853027344,189.66586303710935,5221.419921875,4.48,4.85,13.600000381469728,-0.00020126789186247172,-0.006261561338645622,-0.0025762603883959178,-0.00024133317386520824,-0.019999999999999574,-0.020000000000000462,1.050000190734865
2024-05-14,36.36052322387695,435.40924072265625,192.3190460205078,5246.68017578125,4.45,4.81,13.420000076293944,0.013891782572092257,0.007301056415920891,0.010767352673688963,0.004826148527454041,-0.03000000000000025,-0.040000000000000036,-0.1800003051757848
2024-05-15,36.75728988647461,442.6459045410156,192.8916931152344,5308.14990234375,4.36,4.73,12.449999809265137,0.002973164859564863,0.010852910943702835,0.016483765776098305,0.01164782778729962,-0.08999999999999986,-0.07999999999999918,-0.9700002670288068
2024-05-16,37.05014419555664,441.1548461914063,193.23529052734372,5297.10009765625,4.38,4.78,12.420000076293944,0.0017797124643287546,0.00793567340731019,-0.0033741989086162483,-0.0020838374740880464,0.019999999999999574,0.04999999999999982,-0.029999732971193183
2024-05-17,37.11627197265625,444.1939392089844,195.44944763183597,5303.27001953125,4.42,4.83,11.989999771118164,0.011393197817031556,0.0017832274508974343,0.006865328115683846,0.0011640956878937513,0.040000000000000036,0.04999999999999982,-0.4300003051757795
2024-05-20,36.67227554321289,439.6543884277344,186.65953063964844,5308.1298828125,4.44,4.82,12.149999618530272,-0.04601550048538959,-0.012034436317239376,-0.010272329668569904,0.0009159703084911664,0.020000000000000462,-0.009999999999999787,0.1599998474121076
2024-05-21,37.45634841918945,446.7486267089844,190.4198303222656,5321.41015625,4.41,4.82,11.859999656677246,0.0199450021719966,0.021155178012093316,0.016007142661656523,0.0024987497668926086,-0.03000000000000025,0.0,-0.28999996185302557
2024-05-22,37.56025695800781,439.1225280761719,189.26502990722656,5307.009765625,4.43,4.86,12.289999961853027,-0.006082960354042369,0.0027702827860426067,-0.017217598709179285,-0.0027097912093521476,0.019999999999999574,0.040000000000000036,0.43000030517578125
2024-05-23,37.00290298461914,435.1053161621094,187.9384002685547,5267.83984375,4.47,4.91,12.770000457763672,-0.007034056439829916,-0.01495012697393924,-0.009190373461490093,-0.007408162283471933,0.040000000000000036,0.04999999999999982,0.48000049591064453
2024-05-24,37.50358963012695,437.9828796386719,191.5555419921875,5304.72021484375,4.46,4.93,11.93000030517578,0.019063552088666266,0.013440283254982942,0.00659171412404715,0.0069766490766732595,-0.009999999999999787,0.019999999999999574,-0.8400001525878924
2024-05-28,37.14461517333984,436.6818237304688,190.40074157714844,5306.0400390625,4.54,4.94,12.920000076293944,-0.006046785893326184,-0.009617839435189481,-0.002974984271750496,0.00024877090688591537,0.08000000000000007,0.010000000000000675,0.9899997711181641
2024-05-29,36.57780838012695,434.1746215820313,189.07415771484372,5266.9501953125,4.61,4.96,14.279999732971191,-0.006991710222927436,-0.015377084325947726,-0.005758030704377154,-0.007394317215742535,0.07000000000000028,0.019999999999999574,1.3599996566772479
2024-05-30,36.4927864074707,430.1712951660156,190.238525390625,5235.47998046875,4.55,4.92,14.470000267028809,0.006139374636868708,-0.002327119719580773,-0.009263316839248872,-0.005992957535754186,-0.0600000000000005,-0.040000000000000036,0.1900005340576172
2024-05-31,37.77754592895508,436.1809692382813,193.38800048828125,5277.509765625,4.51,4.89,12.920000076293944,0.01641985444765315,0.03460029469593642,0.013873734078619712,0.007995824231928897,-0.040000000000000036,-0.03000000000000025,-1.550000190734865
2024-06-03,37.67363357543945,434.7096252441406,192.61492919921875,5283.39990234375,4.41,4.82,13.109999656677246,-0.004005525674634611,-0.002754427959792263,-0.003378944274644463,0.0011154602235352391,-0.09999999999999964,-0.0699999999999994,0.18999958038330256
2024-06-04,37.48469543457031,435.0153503417969,190.07623291015625,5291.33984375,4.33,4.77,13.15999984741211,-0.013267792840755572,-0.005027747193416425,0.0007030385899696901,0.0015016810037827531,-0.08000000000000007,-0.05000000000000071,0.05000019073486328
2024-06-05,37.74920272827149,441.1111145019531,188.2628936767578,5354.02978515625,4.29,4.72,12.630000114440918,-0.009585860892522424,0.007031627763892574,0.01391548542393003,0.011778015849957281,-0.040000000000000036,-0.04999999999999982,-0.5299997329711914
2024-06-06,37.50358963012695,437.6906433105469,187.9288787841797,5352.9599609375,4.28,4.72,12.579999923706056,-0.001775769725985566,-0.006527703825902124,-0.007784437010136248,-0.00019983660163685183,-0.009999999999999787,0.0,-0.050000190734861505
2024-06-07,37.80772018432617,434.6427307128906,190.8302154541016,5346.990234375,4.43,4.87,12.220000267028809,0.015320521479691821,0.008076667587234687,-0.006987982098022159,-0.0011158420502790662,0.14999999999999947,0.15000000000000036,-0.35999965667724787
2024-06-10,37.70317459106445,433.3433227539063,190.50572204589844,5360.7900390625,4.47,4.87,12.739999771118164,-0.0017018772930346782,-0.0027690218841348773,-0.0029940778990777944,0.002577529978240972,0.040000000000000036,0.0,0.5199995040893555
2024-06-11,36.93333053588867,424.4767761230469,185.49517822265625,5375.31982421875,4.39,4.81,12.850000381469728,-0.02665334280120374,-0.020629887666333512,-0.02067301154963632,0.0027067148552095224,-0.08000000000000007,-0.0600000000000005,0.11000061035156428
2024-06-12,37.4560661315918,428.70941162109375,182.7942352294922,5421.02978515625,4.31,4.75,12.039999961853027,-0.014667765721709806,0.014054266425741153,0.009922031750816927,0.008467720241887338,-0.08000000000000007,-0.05999999999999961,-0.810000419616701
2024-06-13,37.3134994506836,426.4641418457031,184.8271026611328,5433.740234375,4.24,4.68,11.9399995803833,0.011059685296772231,-0.0038134995856726863,-0.005251039219891609,0.00234191143711672,-0.0699999999999994,-0.07000000000000028,-0.10000038146972656
2024-06-14,37.29449462890625,426.5691833496094,184.94158935546875,5431.60009765625,4.2,4.67,12.65999984741211,0.0006192341345608129,-0.0005094580660655014,0.0002462776103457374,-0.00039393828099749413,-0.040000000000000036,-0.009999999999999787,0.7200002670288086
2024-06-17,37.55110931396485,430.1234436035156,186.08688354492188,5473.22998046875,4.28,4.75,12.75,0.006173638471059168,0.0068572014137654,0.008297680019809364,0.007635164372320518,0.08000000000000007,0.08000000000000007,0.09000015258789062
2024-06-18,38.0073127746582,437.0504150390625,188.0147857666016,5487.02978515625,4.22,4.69,12.300000190734863,0.010306926950594262,0.012075662560528387,0.015976309027258103,0.0025181541815171163,-0.0600000000000005,-0.05999999999999961,-0.4499998092651367
2024-06-20,38.0073127746582,437.642822265625,189.6085968017578,5473.169921875,4.25,4.7,13.279999732971191,0.008441323142366336,0.0,0.0013545487534969921,-0.0025291273954115403,0.03000000000000025,0.009999999999999787,0.9799995422363281
2024-06-21,37.53209686279297,430.1234436035156,187.34671020507807,5464.6201171875,4.25,4.7,13.199999809265137,-0.012000965109526014,-0.01258209942028314,-0.017330857780755177,-0.0015633517188252497,0.0,0.0,-0.07999992370605469
2024-06-24,38.03582000732422,441.5028381347656,189.80905151367188,5447.8701171875,4.25,4.71,13.329999923706056,0.013057609319170117,0.013331864269745178,0.026112202778395575,-0.0030698791558664423,0.0,0.009999999999999787,0.13000011444091975
2024-06-25,37.42755126953125,437.002685546875,189.03594970703125,5469.2998046875,4.23,4.65,12.84000015258789,-0.004081367721971955,-0.016121249322977628,-0.010245107921770769,0.003925873679181344,-0.019999999999999574,-0.05999999999999961,-0.48999977111816584
2024-06-26,37.06638717651367,435.5503540039063,188.42514038085935,5477.89990234375,4.32,4.71,12.550000190734863,-0.0032364123103808032,-0.009696545258790188,-0.0033289274538887657,0.0015711962247204525,0.08999999999999986,0.05999999999999961,-0.28999996185302734
2024-06-27,37.30399703979492,426.0914916992188,190.08578491210935,5482.8701171875,4.29,4.7,12.239999771118164,0.008774675050928596,0.006389927234484402,-0.021956320582258576,0.0009069098567990731,-0.03000000000000025,-0.009999999999999787,-0.3100004196166992
2024-06-28,37.79821395874024,432.1681213378906,193.0348358154297,5460.47998046875,4.36,4.71,12.4399995803833,0.015395199267707358,0.013161371587999985,0.014160589844084958,-0.0040920134623695995,0.07000000000000028,0.009999999999999787,0.19999980926513672
2024-07-01,38.02631378173828,443.0029296875,196.07937622070312,5475.08984375,4.48,4.77,12.220000267028809,0.01564888889546862,0.006016536281107512,0.024761701012500893,0.0026719909814295235,0.1200000000000001,0.05999999999999961,-0.2199993133544922
2024-07-02,38.90070343017578,444.865966796875,199.30519104003903,5509.009765625,4.43,4.74,12.029999732971191,0.016317715276179413,0.022733945477274992,0.004196655274343874,0.0061762057711850496,-0.05000000000000071,-0.02999999999999936,-0.1900005340576172
2024-07-03,38.872188568115234,447.0731201171875,199.17156982421875,5537.02001953125,4.36,4.71,12.09000015258789,-0.0006706600432049105,-0.0007332854058941947,0.0049491223287011,0.0050715622695336636,-0.0699999999999994,-0.03000000000000025,0.06000041961669922
2024-07-05,38.40648651123047,444.0443420410156,196.53245544433597,5567.18994140625,4.28,4.6,12.479999542236328,-0.013339027872513062,-0.012052683201276384,-0.006797734009031746,0.00543397436096954,-0.08000000000000007,-0.11000000000000032,0.3899993896484375
2024-07-08,38.60607147216797,444.1112365722656,196.89715576171875,5572.85009765625,4.28,4.62,12.369999885559082,0.0018539551241483771,0.0051831912350969855,0.0001506369671875377,0.0010161824764044329,0.0,0.020000000000000462,-0.1099996566772461
2024-07-09,39.36640930175781,451.7643432617188,199.2579803466797,5576.97998046875,4.3,4.62,12.510000228881836,0.011918828345953656,0.019503340751787925,0.017085615534760384,0.0007407974780654752,0.019999999999999574,0.0,0.1400003433227539
2024-07-10,39.6705436706543,457.5543823242188,199.42108154296875,5633.91015625,4.28,4.62,12.850000381469728,0.0008182080323716956,0.00769604238498681,0.012735066710220582,0.010156314878105886,-0.019999999999999574,0.0,0.3400001525878924
2024-07-11,39.73707580566406,457.8792419433594,199.0852203369141,5584.5400390625,4.2,4.5,12.920000076293944,-0.0016856008750297943,0.0016757120038885893,0.0007097393501080212,-0.008801649969266724,-0.08000000000000007,-0.1200000000000001,0.0699996948242152
2024-07-12,39.52798080444336,458.5002746582031,196.6764373779297,5615.35009765625,4.18,4.45,12.460000038146973,-0.012173047373478385,-0.00527585534332386,0.0013554052631448404,0.00550186402496512,-0.020000000000000462,-0.04999999999999982,-0.4600000381469709
2024-07-15,39.81310272216797,470.300048828125,201.5803680419922,5631.22021484375,4.23,4.44,13.119999885559082,0.02462822213105491,0.007187276312027937,0.025410002041584383,0.0028222164233526843,0.05000000000000071,-0.009999999999999787,0.6599998474121094
2024-07-16,41.94204711914063,480.6092834472656,205.00640869140625,5667.2001953125,4.17,4.43,13.1899995803833,0.01685308984774898,0.052092762707872414,0.021683746711130117,0.0063690499714532745,-0.0600000000000005,-0.010000000000000675,0.06999969482421875
2024-07-17,41.79948806762695,479.8067321777344,208.12538146972656,5588.27001953125,4.16,4.42,14.479999542236328,0.015099453061540025,-0.003404742674253337,-0.001671257961706662,-0.014025441523645543,-0.009999999999999787,-0.009999999999999787,1.2899999618530273
2024-07-18,40.8775749206543,464.54827880859375,201.51318359375,5544.58984375,4.2,4.46,15.93000030517578,-0.0322858871098681,-0.022302470035722735,-0.03231789151576921,-0.007847112145350072,0.040000000000000036,0.040000000000000036,1.4500007629394513
2024-07-19,40.77303314208984,463.32525634765625,201.32125854492188,5505.0,4.25,4.49,16.520000457763672,-0.000952873157175857,-0.0025607117490079917,-0.002636185046513848,-0.007165879226406085,0.04999999999999982,0.03000000000000025,0.5900001525878924
2024-07-22,40.20277786254883,465.3412780761719,201.80108642578125,5564.41015625,4.26,4.5,14.90999984741211,0.0023805582272808704,-0.01408481618898877,0.0043417627765631505,0.010734217246220293,0.009999999999999787,0.009999999999999787,-1.6100006103515625
2024-07-23,40.30732727050781,470.2236022949219,201.8490753173828,5555.740234375,4.25,4.4,14.720000267028809,0.00023777466913632394,0.0025971762564338196,0.010437263396766738,-0.0015593176939461904,-0.009999999999999787,-0.09999999999999964,-0.18999958038330078
2024-07-24,40.09822845458984,465.0164489746094,200.1792449951172,5427.1298828125,4.28,4.37,18.040000915527344,-0.008307076096163738,-0.005201115405610725,-0.011135552034173647,-0.02342124222289286,0.03000000000000025,-0.03000000000000025,3.320000648498535
2024-07-25,39.6135139465332,469.80316162109375,200.2560272216797,5399.22021484375,4.27,4.41,18.459999084472656,0.00038349382699705867,-0.012161833826718066,0.010241022818617199,-0.005155889019717259,-0.010000000000000675,0.040000000000000036,0.4199981689453125
2024-07-26,39.60401916503906,476.797119140625,203.68206787109372,5459.10009765625,4.2,4.36,16.389999389648438,0.016963603325324452,-0.0002397141432372845,0.014777271742781484,0.011029420409570924,-0.0699999999999994,-0.04999999999999982,-2.0699996948242188
2024-07-29,39.05276870727539,470.7681884765625,202.34814453125,5463.5400390625,4.17,4.36,16.600000381469727,-0.006570585627239855,-0.014016831809847563,-0.012725269640039484,0.0008129795718284517,-0.03000000000000025,0.0,0.21000099182128906
2024-07-30,39.23335266113281,483.1412963867188,206.5131072998047,5436.43994140625,4.15,4.35,17.690000534057617,0.020374182314631003,0.004613442868143938,0.02594334595227964,-0.0049725143613676215,-0.019999999999999574,-0.010000000000000675,1.0900001525878906
2024-07-31,38.31144332885742,486.3515625,204.219482421875,5522.2998046875,4.09,4.29,16.360000610351562,-0.011168574283824919,-0.023778585242574334,0.006622592042896798,0.015669980701917767,-0.0600000000000005,-0.05999999999999961,-1.3299999237060547
2024-08-01,37.541603088378906,477.8385009765625,199.5746612548828,5446.68017578125,3.99,4.16,18.59000015258789,-0.023006901511696067,-0.02029889927296402,-0.01765893068042251,-0.013788123791990166,-0.09999999999999964,-0.1299999999999999,2.229999542236328
2024-08-02,35.716796875,449.6719055175781,191.1102752685547,5346.56005859375,3.8,3.88,23.38999938964844,-0.04333778933106156,-0.04982865488453642,-0.06075459334405525,-0.01855290660855327,-0.1900000000000004,-0.28000000000000025,4.79999923706055
2024-08-05,34.83290481567383,438.5696411132813,187.041259765625,5186.330078125,3.78,3.89,38.56999969482422,-0.021521385891994795,-0.025058598116416857,-0.02499960211255445,-0.0304270413923931,-0.020000000000000018,0.010000000000000231,15.180000305175778
2024-08-06,35.08951568603516,449.2706604003906,192.2618865966797,5240.02978515625,3.9,3.99,27.709999084472656,0.02752920235087022,0.007339906730301756,0.024106897374683824,0.010300849493599515,0.1200000000000001,0.10000000000000009,-10.860000610351562
2024-08-07,35.4506721496582,451.9363708496094,192.3194732666016,5199.5,3.96,4.0,27.850000381469727,0.00029947717888765505,0.010239825847494291,0.005915884211403884,-0.007764715388769489,0.06000000000000005,0.009999999999999787,0.1400012969970703
2024-08-08,36.31555938720703,464.1278381347656,195.83189392089844,5319.31005859375,3.99,4.04,23.790000915527344,0.018098694627328535,0.02410406939370067,0.026618630034692597,0.02278113959089888,0.03000000000000025,0.040000000000000036,-4.059999465942383
2024-08-09,36.382083892822266,468.4178466796875,197.50173950195312,5344.16015625,3.94,4.05,20.3700008392334,0.008490784775181162,0.0018301700352997667,0.009200704862474955,0.004660798434381699,-0.050000000000000266,0.009999999999999787,-3.4200000762939453
2024-08-12,36.27753448486328,463.8699035644531,197.8760223388672,5344.39013671875,3.9,4.01,20.709999084472656,0.0018932928699615125,-0.0028777877574060716,-0.00975659970006897,4.30330517200971e-05,-0.040000000000000036,-0.040000000000000036,0.3399982452392578
2024-08-13,36.55315780639648,470.0229797363281,199.5554351806641,5434.43017578125,3.85,3.93,18.1200008392334,0.008451383533631519,0.00756891438752481,0.013177453901553955,0.016707233419049988,-0.04999999999999982,-0.07999999999999963,-2.589998245239258
2024-08-14,36.88581085205078,476.4818420410156,201.76272583007807,5455.2099609375,3.83,3.94,16.190000534057617,0.011000314074639488,0.0090593679856124,0.013648028858920403,0.00381643656119841,-0.020000000000000018,0.009999999999999787,-1.9300003051757812
2024-08-15,37.09490966796875,476.78753662109375,203.0198974609375,5543.22021484375,3.92,4.08,15.229999542236328,0.006211608901935288,0.005652807143460313,0.0006413603487104625,0.01600448993130413,0.08999999999999986,0.14000000000000012,-0.9600009918212891
2024-08-16,37.38952255249024,481.7940673828125,205.34228515625,5554.25,3.89,4.06,14.800000190734863,0.01137427916790366,0.007910765032324548,0.010445800888707389,0.0019878023683961516,-0.029999999999999805,-0.020000000000000462,-0.42999935150146484
2024-08-19,37.70317459106445,482.1953430175781,206.7626495361328,5608.25,3.86,4.06,14.649999618530272,0.006893244339356615,0.008353778051297268,0.0008325312573220065,0.009675327436177775,-0.03000000000000025,0.0,-0.15000057220459162
2024-08-20,36.77175521850586,475.1824035644531,205.8701629638672,5597.1201171875,3.82,3.99,15.880000114440918,-0.004325821587461513,-0.02501426832491011,-0.014650570091813872,-0.001986527237609709,-0.040000000000000036,-0.0699999999999994,1.2300004959106463
2024-08-21,36.82878112792969,474.3415832519531,205.9468994140625,5620.85009765625,3.79,3.92,16.270000457763672,0.0003726725193965517,0.0015496061215278488,-0.0017710358957719358,0.004230714721006796,-0.029999999999999805,-0.07000000000000028,0.3900003433227539
2024-08-22,37.29449462890625,475.5740661621094,207.89508056640625,5570.64013671875,3.86,3.99,17.549999237060547,0.009415166358178665,0.012566083311051687,0.002594932723787551,-0.00897294225665722,0.06999999999999984,0.07000000000000028,1.279998779296875
2024-08-23,37.79821395874024,486.7242126464844,209.50732421875,5634.60986328125,3.81,3.9,15.859999656677246,0.007725167137692219,0.013416133064472306,0.02317502955311598,0.01141793740166443,-0.04999999999999982,-0.0900000000000003,-1.6899995803833008
2024-08-26,37.94077301025391,485.2432556152344,210.3326416015625,5616.83984375,3.82,3.91,16.149999618530273,0.003931585904655476,0.003764487104287863,-0.0030473410389913525,-0.0031587101696058145,0.009999999999999787,0.010000000000000231,0.28999996185302734
2024-08-27,37.70317459106445,484.6604309082031,211.30191040039065,5625.7998046875,3.83,3.83,15.43000030517578,0.0045976806295701346,-0.006282041276429863,-0.0012018199029052794,0.0015939251127232035,0.010000000000000231,-0.08000000000000007,-0.719999313354494
2024-08-28,37.96929550170898,480.905517578125,212.36715698242188,5592.18017578125,3.84,3.83,17.110000610351562,0.00502868351192143,0.007033522426597744,-0.007777681606455124,-0.005993900794735212,0.009999999999999787,0.0,1.680000305175783
2024-08-29,38.17838668823242,487.3739013671875,213.2500457763672,5591.9599609375,3.87,3.87,15.649999618530272,0.004148751763741617,0.005491741994301482,0.01336077145693422,-3.937984343658622e-05,0.03000000000000025,0.040000000000000036,-1.4600009918212908
2024-08-30,38.72962951660156,490.4013366699219,215.7356414794922,5648.39990234375,3.91,3.91,15.0,0.011588375057174789,0.014335365692609348,0.0061925171745922155,0.010042457079144168,0.040000000000000036,0.040000000000000036,-0.6499996185302717
2024-09-03,38.68210220336914,468.4978942871094,211.4170684814453,5528.93017578125,3.84,3.88,20.71999931335449,-0.02022096569771859,-0.0012279099859438675,-0.04569250320728333,-0.021377963372397696,-0.07000000000000028,-0.03000000000000025,5.719999313354489
2024-09-04,38.49201965332031,471.5542297363281,210.48617553710935,5520.06982421875,3.77,3.76,21.31999969482422,-0.00441283383404849,-0.004926079619911279,0.0065025037234513255,-0.0016038290273809634,-0.06999999999999984,-0.1200000000000001,0.6000003814697301
2024-09-05,38.149864196777344,468.9015502929688,208.854736328125,5503.41015625,3.73,3.75,19.899999618530277,-0.007781007738477171,-0.008928740069341858,-0.0056412784834686805,-0.003022581014674196,-0.040000000000000036,-0.009999999999999787,-1.4200000762939418
2024-09-06,37.078460693359375,460.9532165527344,203.89321899414065,5408.419921875,3.72,3.66,22.3799991607666,-0.024042548318889922,-0.028485971294741525,-0.017096277008828643,-0.017410944507424406,-0.009999999999999787,-0.08999999999999986,2.4799995422363246
2024-09-09,37.75765609741211,469.5647277832031,208.06781005859372,5471.0498046875,3.7,3.68,19.450000762939453,0.02026761596834439,0.018152038947344126,0.018509599183780187,0.011513534435818254,-0.020000000000000018,0.020000000000000018,-2.9299983978271484
2024-09-10,37.57590103149414,448.958740234375,197.27142333984372,5495.52001953125,3.65,3.59,19.07999992370605,-0.05328347255246094,-0.004825350760283045,-0.04487516355260048,0.004462699977793541,-0.050000000000000266,-0.0900000000000003,-0.370000839233402
2024-09-11,37.30804443359375,452.8415832519531,198.87408447265625,5554.1298828125,3.65,3.62,17.690000534057617,0.008091319199507977,-0.007153943041319975,0.008611367530009259,0.01060855564984334,0.0,0.03000000000000025,-1.389999389648434
2024-09-12,37.09759521484375,455.619140625,198.26947021484372,5595.759765625,3.68,3.64,17.06999969482422,-0.0030448170077874907,-0.005656823351989169,0.00611488412181926,0.00746735215680267,0.03000000000000025,0.020000000000000018,-0.6200008392333984
2024-09-13,36.973236083984375,460.3573303222656,196.08140563964844,5626.02001953125,3.66,3.57,16.559999465942383,-0.011097158208963693,-0.003357846686094311,0.010345750376733243,0.0053931422343560355,-0.020000000000000018,-0.07000000000000028,-0.5100002288818359
2024-09-16,37.40370941162109,466.287353515625,199.47866821289065,5633.08984375,3.63,3.56,17.139999389648438,0.0171773964627049,0.011575579811624617,0.012799089553168325,0.0012558408673102855,-0.03000000000000025,-0.009999999999999787,0.5799999237060547
2024-09-17,37.83418655395508,466.5084228515625,200.8126373291016,5634.580078125,3.65,3.59,17.610000610351562,0.006665016381416016,0.01144321845480146,0.0004739930125700983,0.00026451509389645083,0.020000000000000018,0.029999999999999805,0.470001220703125
2024-09-18,37.90114974975586,465.7298889160156,199.1619873046875,5618.259765625,3.7,3.61,18.229999542236328,-0.008253820586087241,0.0017683479474375305,-0.0016702469888026908,-0.0029006587083132912,0.050000000000000266,0.020000000000000018,0.6199989318847656
2024-09-19,39.096923828125,484.2310791015625,201.99301147460935,5713.64013671875,3.73,3.59,16.329999923706055,0.014114599985323445,0.031062341390406013,0.03895640038890925,0.016834356892725128,0.029999999999999805,-0.020000000000000018,-1.8999996185302734
2024-09-20,38.52295303344727,479.0411987304688,202.57843017578125,5702.5498046875,3.73,3.55,16.149999618530273,0.00289402092928054,-0.01478954308942953,-0.010775625352508983,-0.0019429136300157343,0.0,-0.040000000000000036,-0.18000030517578125
2024-09-23,38.14030456542969,478.0608520507813,202.9143218994141,5718.56982421875,3.75,3.57,15.890000343322754,0.00165670926910674,-0.009982660734381824,-0.002048573653635485,0.0028053344257131223,0.020000000000000018,0.020000000000000018,-0.25999927520751953
2024-09-24,37.738529205322266,478.6470642089844,203.05828857421875,5732.93017578125,3.74,3.49,15.390000343322754,0.0007092433190091927,-0.010590018191083737,0.0012254779574922465,0.002508031103345345,-0.009999999999999787,-0.07999999999999963,-0.5
2024-09-25,37.54719924926758,472.0347595214844,201.7147216796875,5722.259765625,3.79,3.53,15.40999984741211,-0.0066386433626678685,-0.005082779217091589,-0.013910881963821432,-0.001862983206212128,0.04999999999999982,0.03999999999999959,0.01999950408935547
2024-09-26,37.80549240112305,477.58990478515625,201.32125854492188,5745.3701171875,3.79,3.6,15.369999885559082,-0.001952496943545762,0.006855605495468077,0.01169979854244983,0.004030542158199222,0.0,0.07000000000000028,-0.039999961853027344
2024-09-27,37.69069290161133,479.11810302734375,202.01223754882807,5738.169921875,3.75,3.55,16.959999084472656,0.003426344137525854,-0.0030412023477010943,0.0031947041928316582,-0.0012540029000721238,-0.040000000000000036,-0.050000000000000266,1.5899991989135742
2024-09-30,37.95855331420898,475.8502807617188,202.3577117919922,5762.47998046875,3.81,3.66,16.729999542236328,0.0017087042584800225,0.0070816708805592765,-0.006843860123659295,0.004227603658441509,0.06000000000000005,0.11000000000000032,-0.22999954223632812
2024-10-01,37.51850509643555,471.1025085449219,198.6917266845703,5708.75,3.74,3.61,19.26000022888184,-0.018282470277719905,-0.011660581721412292,-0.010027557980668865,-0.009367848694454447,-0.06999999999999984,-0.050000000000000266,2.5300006866455114
2024-10-02,37.528076171875,472.8516845703125,198.93167114257807,5709.5400390625,3.79,3.63,18.899999618530277,0.001206893198157121,0.00025507025981970084,0.0037060654854105743,0.00013838132698647728,0.04999999999999982,0.020000000000000018,-0.3600006103515625
2024-10-03,37.54719924926758,467.1907958984375,196.9547271728516,5699.93994140625,3.85,3.7,20.489999771118164,-0.00998751364800049,0.0005094374332663427,-0.012044045284287304,-0.0016828286544586894,0.06000000000000005,0.07000000000000028,1.590000152587887
2024-10-04,38.369895935058594,475.8983154296875,203.9453582763672,5751.06982421875,3.98,3.93,19.209999084472656,0.03487821535713581,0.021674403919976937,0.018466477603784483,0.008930255699186382,0.1299999999999999,0.22999999999999998,-1.2800006866455078
2024-10-07,38.22640228271485,475.3793640136719,203.66534423828125,5695.93994140625,4.03,3.99,22.63999938964844,-0.0013739289984613622,-0.0037467560064468938,-0.0010910620078881286,-0.009632263829388773,0.050000000000000266,0.06000000000000005,3.430000305175785
2024-10-08,38.19770431518555,477.2535095214844,203.49154663085935,5751.1298828125,4.04,3.98,21.420000076293945,-0.000853713258329437,-0.0007510187598049159,0.003934669856098527,0.009642706804694385,0.009999999999999787,-0.010000000000000231,-1.2199993133544957
2024-10-09,38.4464225769043,485.5285949707031,206.0695953369141,5792.0400390625,4.06,3.99,20.86000061035156,0.012589489052994748,0.006490233364763266,0.017190367767769846,0.007088231016994585,0.019999999999999574,0.010000000000000231,-0.5599994659423864
2024-10-10,38.235965728759766,484.12542724609375,205.50958251953125,5780.0498046875,4.09,3.98,20.93000030517578,-0.0027212900608508486,-0.00548906681739957,-0.0028941636334036463,-0.0020722685059824846,0.03000000000000025,-0.010000000000000231,0.0699996948242223
2024-10-11,40.13006591796875,496.2160034179688,214.6341094970703,5815.02978515625,4.08,3.95,20.459999084472656,0.043442098986107104,0.04834924299529294,0.024667302341912573,0.00603360870729872,-0.009999999999999787,-0.029999999999999805,-0.470001220703125
2024-10-15,40.311824798583984,502.0594787597656,214.73065185546875,5815.259765625,4.03,3.95,20.63999938964844,0.0004496985720080151,0.004519018345099124,0.0117072735699131,3.954853708082192e-05,-0.04999999999999982,0.0,0.1800003051757848
2024-10-16,40.94318771362305,509.24847412109375,215.9376220703125,5842.47021484375,4.02,3.93,19.57999992370605,0.005605118593130255,0.0155405950273603,0.01421746251834656,0.004668232782779766,-0.010000000000000675,-0.020000000000000018,-1.05999946594239
2024-10-17,40.75186920166016,508.421875,216.6907501220703,5841.47021484375,4.09,3.96,19.11000061035156,0.0034816431881980994,-0.004683731646402783,-0.001624493243001662,-0.00017117512853816633,0.07000000000000028,0.029999999999999805,-0.4699993133544922
2024-10-18,40.48401641845703,507.9414367675781,217.60801696777344,5864.669921875,4.08,3.95,18.030000686645508,0.004224134531960262,-0.006594468733474616,-0.0009454065542187746,0.003963686942774387,-0.009999999999999787,-0.009999999999999787,-1.0799999237060511
2024-10-21,39.94831085205078,497.65771484375,215.31964111328125,5853.97998046875,4.19,4.02,18.3700008392334,-0.010571730054321037,-0.013320850113067342,-0.02045363785802853,-0.001824432756419033,0.11000000000000032,0.0699999999999994,0.3400001525878906
2024-10-22,40.464881896972656,498.1382141113281,216.40106201171875,5851.2001953125,4.2,4.03,18.200000762939453,0.005009827661421607,0.012848094529262038,0.0009650557727712909,-0.0004749666671957937,0.009999999999999787,0.010000000000000675,-0.1700000762939453
2024-10-23,40.50314712524414,497.08099365234375,215.7155303955078,5797.419921875,4.24,4.07,19.239999771118164,-0.0031729038105849316,0.0009451935926414044,-0.0021245989796441754,-0.009233824267679564,0.040000000000000036,0.040000000000000036,1.039999008178711
2024-10-24,40.79970169067383,504.0970153808594,217.2314453125,5809.85986328125,4.21,4.07,19.07999992370605,0.007002802638598652,0.007295091990665945,0.014015762467904291,0.0021434731305568283,-0.03000000000000025,0.0,-0.15999984741211293
2024-10-25,40.07267379760742,492.6598510742188,214.6534118652344,5808.1201171875,4.25,4.11,20.32999992370605,-0.011938663860531051,-0.017980119292571015,-0.022949761722884054,-0.00029949201318627087,0.040000000000000036,0.040000000000000036,1.25
2024-10-28,40.77099990844727,503.2128601074219,217.73355102539065,5823.52001953125,4.28,4.12,19.799999237060547,0.014247382677650978,0.017276391536198,0.021194283052395037,0.002647934626732945,0.03000000000000025,0.009999999999999787,-0.5300006866455043
2024-10-29,40.68489837646485,503.8856201171875,215.2230987548828,5832.919921875,4.28,4.11,19.34000015258789,-0.011596913489045478,-0.0021140657917458677,0.0013360363917702008,0.0016128259449012198,0.0,-0.009999999999999787,-0.45999908447265625
2024-10-30,40.47444915771485,504.0009765625,216.68109130859372,5813.669921875,4.29,4.15,20.350000381469727,0.00675148852688701,-0.005186086306055747,0.0002289075897947865,-0.0033056916724881185,0.009999999999999787,0.040000000000000036,1.010000228881836
2024-10-31,40.005706787109375,497.6480102539063,214.2768402099609,5705.4501953125,4.28,4.16,23.15999984741211,-0.011157822452013551,-0.01164877641079968,-0.012685185293542676,-0.018790134928745348,-0.009999999999999787,0.009999999999999787,2.809999465942383
2024-11-01,39.94831085205078,499.1473693847656,215.26171875,5728.7998046875,4.37,4.21,21.8799991607666,0.004585759510654225,-0.0014357238475952187,0.003008361178798657,0.004084158004525459,0.08999999999999986,0.04999999999999982,-1.2800006866455078
2024-11-04,39.53696823120117,491.5738830566406,212.21055603027344,5712.68994140625,4.31,4.17,21.979999542236328,-0.014275613726247156,-0.010350250958908869,-0.015289131708547,-0.0028160448131902913,-0.0600000000000005,-0.040000000000000036,0.10000038146972656
2024-11-05,40.06310272216797,506.4613037109375,213.86166381835935,5782.759765625,4.26,4.19,20.489999771118164,0.007750404631710683,0.013219640305999102,0.029835671513842445,0.012191031029563081,-0.04999999999999982,0.020000000000000462,-1.489999771118164
2024-11-06,43.4399642944336,572.7965087890625,238.55101013183597,5929.0400390625,4.42,4.27,16.270000457763672,0.10925379117895696,0.08092407455918262,0.12308259925264889,0.024981280957186654,0.16000000000000014,0.07999999999999918,-4.219999313354492
2024-11-07,42.82772064208984,559.5236206054688,228.23883056640625,5973.10009765625,4.31,4.21,15.199999809265137,-0.044190583228253165,-0.014194282185979828,-0.023444776429164413,0.007403754173995657,-0.11000000000000032,-0.05999999999999961,-1.0700006484985352
2024-11-08,43.17211151123047,566.337890625,228.81814575195312,5995.5400390625,4.3,4.26,14.9399995803833,0.002534981526561098,0.008009148424365007,0.012105135776859052,0.0037497940357180464,-0.009999999999999787,0.04999999999999982,-0.26000022888183594
2024-11-12,43.87043762207031,569.538330078125,231.309326171875,5983.990234375,4.43,4.34,14.710000038146973,0.010828324381105368,0.016045970644987036,0.005635205428363332,-0.001928257285979484,0.1299999999999999,0.08000000000000007,-0.22999954223632812
2024-11-13,43.880001068115234,571.1049194335938,232.85418701171875,5985.3798828125,4.44,4.27,14.020000457763672,0.006656561751777566,0.00021796919139181387,0.002746854182777098,0.00023220076414018386,0.010000000000000675,-0.07000000000000028,-0.6899995803833008
2024-11-14,43.90870666503906,565.7131958007812,233.5397491455078,5949.169921875,4.43,4.34,14.3100004196167,0.002939843657468756,0.0006539701674193685,-0.009485711018957982,-0.006068108582244,-0.010000000000000675,0.07000000000000028,0.28999996185302734
2024-11-15,44.72182846069336,570.451416015625,236.8612365722656,5870.6201171875,4.43,4.31,16.139999389648438,0.014122175460476834,0.018349084961842354,0.008340776740966322,-0.013291430866793769,0.0,-0.03000000000000025,1.8299989700317383
2024-11-18,44.6931266784668,565.1173095703125,236.5909118652344,5893.6201171875,4.42,4.29,15.579999923706056,-0.0011419305511601785,-0.0006419906640378627,-0.009394668164644912,0.003910159746206537,-0.009999999999999787,-0.019999999999999574,-0.559999465942381
2024-11-19,44.39657974243164,558.7644653320312,234.7177276611328,5916.97998046875,4.39,4.27,16.350000381469727,-0.007948906131175194,-0.006657290571103478,-0.011305302822810729,0.003955750520596487,-0.03000000000000025,-0.020000000000000462,0.7700004577636701
2024-11-20,44.06175994873047,559.29296875,232.4872894287109,5917.10986328125,4.41,4.31,17.15999984741211,-0.009548078876657127,-0.007570148701245591,0.0009453959004641321,2.19506213354446e-05,0.020000000000000462,0.040000000000000036,0.8099994659423828
2024-11-21,44.44440460205078,572.9213256835938,236.3302001953125,5948.7099609375,4.43,4.34,16.8700008392334,0.01639442608337719,0.008646788375866802,0.024074974585427886,0.005326251844288491,0.019999999999999574,0.03000000000000025,-0.28999900817871094
2024-11-22,44.96098327636719,579.3319702148438,239.98968505859372,5969.33984375,4.41,4.37,15.239999771118164,0.015365963003291478,0.011556002054747397,0.011127259429695315,0.0034619595915364653,-0.019999999999999574,0.03000000000000025,-1.6300010681152344
2024-11-25,45.43928909301758,579.5722045898438,241.66976928710935,5987.3701171875,4.27,4.21,14.600000381469728,0.006976261037726276,0.010582053958261107,0.0004145888567214181,0.0030159278201245415,-0.14000000000000057,-0.16000000000000014,-0.6399993896484357
2024-11-26,45.67844009399414,581.9461669921875,241.3607635498047,6021.6298828125,4.3,4.21,14.100000381469728,-0.0012794461569246574,0.00524928687887325,0.004087693773972323,0.005705697155263866,0.03000000000000025,0.0,-0.5
2024-11-27,45.69757843017578,581.87890625,241.18695068359372,5998.740234375,4.25,4.19,14.100000381469728,-0.0007203966306382177,0.00041889188805976636,-0.00011558565596974616,-0.003808481083577712,-0.04999999999999982,-0.019999999999999574,0.0
2024-11-29,45.4488525390625,584.8967895507812,241.119384765625,6032.3798828125,4.18,4.13,13.510000228881836,-0.0002801784403175147,-0.005457734457950869,0.00517304232786411,0.005592120396801623,-0.07000000000000028,-0.0600000000000005,-0.5900001525878924
2024-12-02,44.99924850463867,581.1685791015625,237.76889038085935,6047.14990234375,4.19,4.17,13.34000015258789,-0.013993030227474723,-0.009941783905537327,-0.006394535423724798,0.0024454638805813736,0.010000000000000675,0.040000000000000036,-0.1700000762939453
2024-12-03,44.78878784179688,581.52587890625,236.38815307617188,6049.8798828125,4.23,4.17,13.300000190734863,-0.005823982692997683,-0.004687953024589759,0.0006146065520032921,0.0004513472420221813,0.040000000000000036,0.0,-0.039999961853027344
2024-12-04,44.35831451416016,578.2709350585938,235.01702880859372,6086.490234375,4.19,4.13,13.449999809265137,-0.005817195851084287,-0.00965767057213264,-0.005612970055031804,0.00603318162813612,-0.040000000000000036,-0.040000000000000036,0.14999961853027344
2024-12-05,44.96098327636719,576.4260864257812,237.02542114257807,6075.10986328125,4.17,4.15,13.539999961853027,0.008509423053789005,0.013494909235016492,-0.0031953840154069855,-0.0018715258393823342,-0.020000000000000462,0.020000000000000462,0.09000015258789062
2024-12-06,44.97060012817383,579.2077026367188,238.84068298339844,6090.27001953125,4.15,4.1,12.770000457763672,0.007629333672270118,0.00021387039968005596,0.004814019128217572,0.0024923453675383123,-0.019999999999999574,-0.05000000000000071,-0.7699995040893555
2024-12-09,44.16257095336914,573.837646484375,235.41293334960935,6052.85009765625,4.2,4.13,14.1899995803833,-0.014455595931339497,-0.018131326445010927,-0.009314629269220687,-0.006163167285227462,0.04999999999999982,0.03000000000000025,1.419999122619629
2024-12-10,44.00866317749024,565.0579223632812,234.49566650390625,6034.91015625,4.22,4.15,14.18000030517578,-0.003904027340750575,-0.0034911143915236256,-0.015418267116078646,-0.002968284314279252,0.019999999999999574,0.020000000000000462,-0.009999275207521308
2024-12-11,44.32610321044922,572.3309326171875,235.142578125,6084.18994140625,4.26,4.15,13.579999923706056,0.0027549376041949084,0.007187235839776185,0.012789134259761425,0.008132626411368235,0.040000000000000036,0.0,-0.600000381469723
2024-12-12,44.32610321044922,571.413330078125,233.21145629882807,6051.25,4.32,4.18,13.920000076293944,-0.008246465826795233,0.0,-0.0016045592810625946,-0.005428731461463251,0.0600000000000005,0.02999999999999936,0.3400001525878871
2024-12-13,43.93170547485352,565.4924926757812,231.67620849609372,6051.08984375,4.4,4.25,13.8100004196167,-0.00660483596408991,-0.008937460985778405,-0.010415798410891918,-2.646698937187397e-05,0.08000000000000007,0.07000000000000028,-0.10999965667724432
2024-12-16,43.73931884765625,566.3135986328125,231.32861328125,6074.080078125,4.39,4.25,14.6899995803833,-0.0015014758542332585,-0.00438883741794441,0.001450966039842011,0.0037921550087844295,-0.010000000000000675,0.0,0.8799991607666016
2024-12-17,43.33530807495117,555.0612182617188,230.1506500244141,6050.60986328125,4.4,4.25,15.869999885559082,-0.005105173336780907,-0.0092797106618898,-0.0200695751189149,-0.0038714794806554956,0.010000000000000675,0.0,1.1800003051757812
2024-12-18,41.84430313110352,531.4652709960938,222.4358062744141,5872.16015625,4.5,4.35,27.6200008392334,-0.03409554575767427,-0.03501206993960401,-0.04344055668430934,-0.02993650530451818,0.09999999999999964,0.09999999999999964,11.750000953674316
2024-12-19,41.72886657714844,535.0775146484375,224.93663024902344,5867.080078125,4.57,4.32,24.09000015258789,0.011180170345088843,-0.0027625283992818023,0.006773769440766679,-0.0008654867505367934,0.07000000000000028,-0.02999999999999936,-3.530000686645508
2024-12-20,42.48879623413086,546.7741088867188,229.41680908203125,5930.85009765625,4.52,4.3,18.36000061035156,0.019721756928259396,0.018047289785908527,0.021624129890776514,0.010810479402397299,-0.05000000000000071,-0.020000000000000462,-5.729999542236332
2024-12-23,42.21945571899414,551.2944946289062,230.1795959472656,5974.06982421875,4.59,4.3,16.780000686645508,0.003319380035486075,-0.006359272363935275,0.008233385898817735,0.007260849585616372,0.07000000000000028,0.0,-1.5799999237060511
2024-12-24,42.6908073425293,562.8944091796875,233.9646148681641,6040.0400390625,4.59,4.29,14.270000457763672,0.016310029249351425,0.011102461546566692,0.020822920863617835,0.010982233165126825,0.0,-0.009999999999999787,-2.510000228881836
2024-12-26,42.85433578491211,561.3876953125,234.7660217285156,6037.58984375,4.58,4.3,14.729999542236328,0.0034194805232451945,0.0038232127645122962,-0.002680314421437875,-0.0004057410882578191,-0.009999999999999787,0.009999999999999787,0.45999908447265625
2024-12-27,42.6523323059082,556.510009765625,232.8638458251953,5970.83984375,4.62,4.31,15.949999809265137,-0.008135435850590041,-0.004724867880230171,-0.008726588271926263,-0.01111730496491221,0.040000000000000036,0.009999999999999787,1.2200002670288086
2024-12-30,42.23870086669922,553.9698486328125,231.0775909423828,5906.93994140625,4.55,4.24,17.399999618530273,-0.0077003844352347,-0.009745074295169456,-0.00457489713838102,-0.010759673941729728,-0.07000000000000028,-0.0699999999999994,1.4499998092651367
2024-12-31,42.27717971801758,553.0715942382812,231.45416259765625,5881.6298828125,4.58,4.25,17.350000381469727,0.001628306535040004,0.0009105709769770805,-0.001622802104553646,-0.0042940064589823065,0.03000000000000025,0.009999999999999787,-0.049999237060546875
2025-01-02,42.60423278808594,555.34130859375,231.7341461181641,5868.5498046875,4.57,4.25,17.93000030517578,0.0012089405079528117,0.00770615565669621,0.004095436857666989,-0.002226363149448992,-0.009999999999999787,0.0,0.5799999237060547
2025-01-03,43.10444259643555,560.3251953125,234.9011993408203,5942.47021484375,4.6,4.28,16.1299991607666,0.013574204711127757,0.01167245871910974,0.008934425931147861,0.01251735670782609,0.02999999999999936,0.03000000000000025,-1.8000011444091797
2025-01-06,43.6719856262207,563.473876953125,233.7559509277344,5975.3798828125,4.62,4.28,16.040000915527344,-0.004887371043345705,0.013080767067973492,0.005603652748289988,0.005522766496818171,0.020000000000000462,0.0,-0.08999824523925781
2025-01-07,44.32610321044922,560.3155517578125,236.00759887695312,5909.02978515625,4.67,4.3,17.81999969482422,0.009586376779296807,0.014866905426089158,-0.005620863535445335,-0.011166021516637011,0.04999999999999982,0.019999999999999574,1.779998779296875
2025-01-08,44.45115280151367,560.218994140625,235.96878051757807,5918.25,4.67,4.28,17.700000762939453,-0.0001644928058153453,0.0028171556406488833,-0.00017234206259849453,0.0015591440938312422,0.0,-0.019999999999999574,-0.11999893188476562
2025-01-10,43.393028259277344,540.8824462890625,232.80479431152344,5827.0400390625,4.77,4.4,19.540000915527344,-0.013499200565696281,-0.024092107400476234,-0.035125802683540985,-0.015531637650233373,0.09999999999999964,0.1200000000000001,1.8400001525878906
2025-01-13,43.34492874145508,543.7317504882812,237.01698303222656,5836.22021484375,4.79,4.4,19.190000534057617,0.017931487164727526,-0.0011090766814409825,0.005254053952618873,0.0015742043780551176,0.020000000000000462,0.0,-0.35000038146972656
2025-01-14,44.03752136230469,552.0188598632812,240.1809539794922,5842.91015625,4.78,4.37,18.709999084472656,0.013260817228629734,0.015852316426827075,0.015126192593159948,0.001145623334164268,-0.009999999999999787,-0.03000000000000025,-0.48000144958496094
2025-01-15,45.30728149414063,585.2348022460938,244.91722106933597,5949.91015625,4.66,4.27,16.1200008392334,0.019527666106089556,0.028425730196069386,0.05843092595233855,0.018147132504516373,-0.1200000000000001,-0.10000000000000053,-2.589998245239258
2025-01-16,44.86478805541992,592.0634155273438,246.7806854248047,5937.33984375,4.61,4.23,16.600000381469727,0.007579748673264702,-0.009814502269650293,0.011600611905432988,-0.0021149243408667613,-0.04999999999999982,-0.03999999999999915,0.4799995422363281
2025-01-17,44.75897216796875,604.5712890625,251.5266571044922,5996.66015625,4.61,4.27,15.970000267028809,0.01904894744657672,-0.002361336689193848,0.020905843755865083,0.009941478308394033,0.0,0.03999999999999915,-0.630000114440918
2025-01-21,44.88402557373047,613.0708618164062,255.2826232910156,6049.240234375,4.57,4.29,15.0600004196167,0.014822281663161107,0.0027900335783730343,0.013960933924613195,0.00873000944059605,-0.040000000000000036,0.020000000000000462,-0.9099998474121094
2025-01-22,44.04713821411133,611.1295776367188,255.0982360839844,6086.3701171875,4.6,4.29,15.100000381469728,-0.0007225475315786552,-0.01882157006708483,-0.0031715162718901355,0.006119181086994129,0.02999999999999936,0.0,0.03999996185302912
2025-01-23,44.62430191040039,617.6683959960938,258.1166381835937,6118.7099609375,4.65,4.29,15.020000457763672,0.011762858226697974,0.013018213003781334,0.010642726012356107,0.005299419459529372,0.05000000000000071,0.0,-0.07999992370605646
2025-01-24,44.74935150146485,615.1571655273438,257.03936767578125,6101.240234375,4.63,4.27,14.850000381469728,-0.004182313962520063,0.0027983565154568665,-0.004073948529909919,-0.002859215984467759,-0.020000000000000462,-0.020000000000000462,-0.17000007629394354
2025-01-27,45.29766082763672,611.6608276367188,258.01959228515625,6012.27978515625,4.53,4.17,17.899999618530273,0.003806266346203998,0.012178440768238418,-0.005699863184241248,-0.014688059032112328,-0.09999999999999964,-0.09999999999999964,3.049999237060545
2025-01-28,45.05717468261719,616.0264892578125,259.2716064453125,6067.7001953125,4.55,4.19,16.40999984741211,0.004840664631441143,-0.005323161987517475,0.007112038973872732,0.009175644177716802,0.019999999999999574,0.020000000000000462,-1.489999771118164
2025-01-29,44.97060012817383,615.6207885742188,258.7280578613281,6039.31005859375,4.55,4.21,16.559999465942383,-0.0020986453117045572,-0.001923286037272998,-0.0006587936425776655,-0.004689876056919602,0.0,0.019999999999999574,0.14999961853027344
2025-01-30,44.941741943359375,623.65673828125,260.3295288085937,6071.169921875,4.52,4.18,15.84000015258789,0.006170706565413091,-0.000641918231480025,0.012968947092974557,0.005261548152180238,-0.03000000000000025,-0.03000000000000025,-0.7199993133544922
2025-01-31,44.53772735595703,618.5377807617188,259.4268493652344,6040.52978515625,4.58,4.22,16.43000030517578,-0.003473474838737817,-0.009030391800711296,-0.008241843636773933,-0.005059603990267195,0.0600000000000005,0.040000000000000036,0.5900001525878906
2025-02-03,44.45115280151367,610.7817993164062,258.9512634277344,5994.56982421875,4.54,4.26,18.6200008392334,-0.0018349002752970289,-0.0019457393239182593,-0.01261849967071497,-0.007637690729495203,-0.040000000000000036,0.040000000000000036,2.190000534057617
2025-02-04,44.93212127685547,612.5300903320312,260.04803466796875,6037.8798828125,4.52,4.21,17.209999084472656,0.0042264907752825225,0.010762038479761578,0.002858293491121056,0.007198907403029114,-0.020000000000000462,-0.04999999999999982,-1.4100017547607422
2025-02-05,45.31689453125,623.415283203125,262.4646911621094,6061.47998046875,4.43,4.17,15.770000457763672,0.009250200451244299,0.008526975775407552,0.01761481463350353,0.003901053915613614,-0.08999999999999986,-0.040000000000000036,-1.4399986267089844
2025-02-06,45.92291641235352,635.7493286132812,268.7441101074219,6083.56982421875,4.45,4.21,15.5,0.023643100196570545,0.013284350045584316,0.01959146532866609,0.003637674355266266,0.020000000000000462,0.040000000000000036,-0.2700004577636719
2025-02-07,45.59586334228516,633.5086059570312,267.676513671875,6025.990234375,4.49,4.29,16.540000915527344,-0.003980450407020918,-0.007147264489152705,-0.0035307637998736154,-0.0095098456936602,0.040000000000000036,0.08000000000000007,1.0400009155273438
2025-02-10,44.89363861083984,628.3218383789062,263.0567321777344,6066.43994140625,4.51,4.28,15.8100004196167,-0.01740949229758217,-0.015520890562520968,-0.008221067757707827,0.006690112295455172,0.019999999999999574,-0.009999999999999787,-0.7300004959106445
2025-02-11,45.00907897949219,625.1441040039062,266.8903503417969,6068.5,4.54,4.29,16.020000457763672,0.014468180556131622,0.002568118855421958,-0.0050703271231766316,0.00033952514367385523,0.03000000000000025,0.009999999999999787,0.21000003814697266
2025-02-12,44.45115280151367,626.8440551757812,267.3368530273437,6051.97021484375,4.62,4.36,15.890000343322754,0.0016715838755450819,-0.01247332810450185,0.0027156043036069845,-0.0027275831896475754,0.08000000000000007,0.07000000000000028,-0.13000011444091797
2025-02-13,44.56658554077149,626.7958374023438,268.18121337890625,6115.06982421875,4.52,4.31,15.100000381469728,0.0031534362862241498,0.002593478695566915,-7.692444017889848e-05,0.010372313214235747,-0.10000000000000053,-0.05000000000000071,-0.7899999618530256
2025-02-14,45.17260360717773,637.9998168945312,268.4432373046875,6114.6298828125,4.47,4.26,14.770000457763672,0.000976563577270147,0.013506413079464173,0.017717126915850798,-7.19463955744955e-05,-0.04999999999999982,-0.04999999999999982,-0.32999992370605646
2025-02-18,44.75897216796875,649.2424926757812,271.7043151855469,6129.580078125,4.55,4.29,15.350000381469728,0.01207491356310321,-0.009198868192895747,0.01746829105885075,0.002442003655551809,0.08000000000000007,0.03000000000000025,0.5799999237060565
2025-02-19,44.258766174316406,645.3403930664062,271.02490234375,6144.14990234375,4.53,4.28,15.270000457763672,-0.0025036912506622073,-0.011238462530078838,-0.006028368626839224,0.0023741488668242434,-0.019999999999999574,-0.009999999999999787,-0.07999992370605646
2025-02-20,43.57579040527344,620.334228515625,258.9416198730469,6117.52001953125,4.5,4.28,15.65999984741211,-0.04560807682912566,-0.015551727264203601,-0.03951950773792933,-0.004343604884290259,-0.03000000000000025,0.0,0.3899993896484375
2025-02-21,43.10444259643555,604.242919921875,256.4570007324219,6013.1298828125,4.42,4.19,18.209999084472656,-0.009641618308403646,-0.010875661922564218,-0.026282108658560857,-0.017211396672539132,-0.08000000000000007,-0.08999999999999986,2.549999237060547
2025-02-24,42.767765045166016,604.7645263671875,253.64242553710935,5983.25,4.4,4.13,18.979999542236328,-0.011035510389296342,-0.007841402606005956,0.0008628672706303198,-0.004981493566252351,-0.019999999999999574,-0.0600000000000005,0.7700004577636719
2025-02-25,42.26755142211914,593.9179077148438,249.81846618652344,5955.25,4.3,4.07,19.43000030517578,-0.015190982854095425,-0.01176497985919421,-0.018098062340196605,-0.004690715138395557,-0.10000000000000053,-0.05999999999999961,0.4500007629394531
2025-02-26,42.26755142211914,596.6802368164062,251.1675262451172,5956.06005859375,4.25,4.05,19.100000381469727,0.005385632891009462,0.0,0.004640245864250327,0.00013601502958346571,-0.04999999999999982,-0.020000000000000462,-0.3299999237060547
2025-02-27,42.44070053100586,587.2438354492188,251.4198303222656,5861.56982421875,4.29,4.07,21.1299991607666,0.0010040208733715647,0.004088134179267245,-0.01594122701119984,-0.015991742678524653,0.040000000000000036,0.020000000000000462,2.029998779296875
2025-02-28,44.3453369140625,604.0263671875,256.8549499511719,5954.5,4.24,3.99,19.6299991607666,0.021387355877258877,0.04389974037033751,0.028177725101347827,0.015729780420663385,-0.04999999999999982,-0.08000000000000007,-1.5
2025-03-03,43.82589721679688,587.4961547851562,252.9436492919922,5849.72021484375,4.16,3.96,22.780000686645508,-0.015344794637766258,-0.011782657051364555,-0.027748150315582257,-0.017753402648308866,-0.08000000000000007,-0.03000000000000025,3.1500015258789062
2025-03-04,41.0458869934082,564.0841064453125,242.8790740966797,5778.14990234375,4.22,3.96,23.51000022888184,-0.04060305183260819,-0.0655342674804386,-0.040666335667270424,-0.012310288231505477,0.05999999999999961,0.0,0.7299995422363317
2025-03-05,40.68035507202149,575.663818359375,244.1213836669922,5842.6298828125,4.28,3.99,21.93000030517578,0.0051018936233533365,-0.008945336274003705,0.020320476341975167,0.011097472528735688,0.0600000000000005,0.03000000000000025,-1.5799999237060582
2025-03-06,39.8819465637207,551.0093383789062,239.27833557128903,5738.52001953125,4.29,3.96,24.8700008392334,-0.020038117329154316,-0.019821545132673587,-0.04377208455966831,-0.017979677107455568,0.009999999999999787,-0.03000000000000025,2.940000534057617
2025-03-07,40.07555389404297,543.2442016601562,235.14382934570312,5770.2001953125,4.32,3.99,23.3700008392334,-0.01743009161675199,0.004842765408949439,-0.014192811413963783,0.005505435045454467,0.03000000000000025,0.03000000000000025,-1.5
2025-03-10,38.555782318115234,516.05615234375,225.3801422119141,5614.56005859375,4.22,3.89,27.86000061035156,-0.042408869181867585,-0.038660435792964555,-0.051343363718978706,-0.027343541788428148,-0.10000000000000053,-0.10000000000000009,4.4899997711181605
2025-03-11,38.34281539916992,515.8329467773438,222.39085388183597,5572.06982421875,4.28,3.94,26.920000076293945,-0.013352060612534328,-0.005538916696668266,-0.00043261542364878675,-0.007596646918536578,0.0600000000000005,0.04999999999999982,-0.9400005340576136
2025-03-12,38.63322067260742,519.9874267578125,221.18734741210935,5599.2998046875,4.32,4.01,24.229999542236328,-0.005426368650967386,0.007545378173605206,0.008021665462452147,0.004874967940490777,0.040000000000000036,0.06999999999999984,-2.690000534057617
2025-03-13,38.40089416503906,509.4072265625,218.5572052001953,5521.52001953125,4.27,3.94,24.65999984741211,-0.011962279281511862,-0.006031800649486556,-0.020556883106221058,-0.013988366806464148,-0.05000000000000071,-0.06999999999999984,0.43000030517578125
2025-03-14,39.58186721801758,525.5200805664062,225.5936584472656,5638.93994140625,4.31,4.02,21.770000457763672,0.03168762054297605,0.030290369987508094,0.031140653027150585,0.02104290595319694,0.040000000000000036,0.07999999999999963,-2.8899993896484375
2025-03-17,40.11426544189453,535.1586303710938,227.03977966308597,5675.1201171875,4.31,4.06,20.51000022888184,0.006389833425821271,0.013360902872360685,0.018174806421328675,0.0063956349746060355,0.0,0.040000000000000036,-1.2600002288818324
2025-03-18,40.31755447387695,535.5858154296875,228.0491180419922,5614.66015625,4.29,4.04,21.700000762939453,0.004435792826394026,0.005054951263672897,0.0007979216384153835,-0.010710667074319702,-0.019999999999999574,-0.019999999999999574,1.1900005340576136
2025-03-19,40.85963821411133,540.9826049804688,232.06719970703125,5675.2900390625,4.25,3.99,19.899999618530277,0.01746594787286633,0.01335576607607323,0.010025994921929376,0.010740608172953766,-0.040000000000000036,-0.04999999999999982,-1.8000011444091761
2025-03-20,41.121002197265625,546.165771484375,231.9701385498047,5662.89013671875,4.24,3.95,19.799999237060547,-0.00041833339966424794,0.006376258281417047,0.009535415567870681,-0.002187283513782985,-0.009999999999999787,-0.040000000000000036,-0.10000038146973012
2025-03-21,41.111324310302734,548.5536499023438,234.5129852294922,5667.56005859375,4.25,3.94,19.280000686645508,0.010902310231549134,-0.00023537913661436443,0.004362546527365868,0.0008243136078323211,0.009999999999999787,-0.010000000000000231,-0.5199985504150391
2025-03-24,41.6921272277832,563.0746459960938,240.7535858154297,5767.56982421875,4.34,4.04,17.479999542236328,0.026262984453868984,0.014028701268950228,0.026127118520545875,0.01749211712863917,0.08999999999999986,0.10000000000000009,-1.8000011444091797
2025-03-25,41.89540863037109,568.7431640625,243.733154296875,5776.64990234375,4.31,3.96,17.149999618530273,0.01230005199270108,0.004863926212592702,0.01001674547252414,0.0015730954906538206,-0.03000000000000025,-0.08000000000000007,-0.3299999237060547
2025-03-26,41.45012283325195,557.075927734375,243.6361083984375,5712.2001953125,4.35,3.98,18.32999992370605,-0.00039824382515796475,-0.010685396711749158,-0.02072740482341821,-0.011219640357598032,0.040000000000000036,0.020000000000000018,1.1800003051757777
2025-03-27,41.19844436645508,542.5161743164062,240.81179809570312,5693.31005859375,4.38,3.97,18.690000534057617,-0.01166004543915008,-0.00609034743780503,-0.02648364676044511,-0.0033124610071321114,0.03000000000000025,-0.009999999999999787,0.36000061035156605
2025-03-28,39.93035507202149,527.1798706054688,235.6970367431641,5580.93994140625,4.27,3.89,21.649999618530277,-0.021468469940010126,-0.031263684149111154,-0.028676098623284487,-0.019934601126853548,-0.11000000000000032,-0.08000000000000007,2.95999908447266
2025-03-31,40.39498901367188,530.2567749023438,238.0748748779297,5611.85009765625,4.23,3.89,22.280000686645508,0.010037986814134592,0.011568929561396,0.005819569415972215,0.005523240357645722,-0.03999999999999915,0.0,0.6300010681152308
2025-04-01,40.16267395019531,532.353515625,236.4831695556641,5633.06982421875,4.17,3.87,21.770000457763672,-0.006708183792437938,-0.005767687367015613,0.003946401540775304,0.0037741045552120668,-0.0600000000000005,-0.020000000000000018,-0.5100002288818359
2025-04-02,40.51115798950195,546.573486328125,238.57955932617188,5670.97021484375,4.2,3.91,21.51000022888184,0.008825796052483233,0.008639386489192326,0.02636099407101393,0.006705661429484109,0.03000000000000025,0.040000000000000036,-0.2600002288818324
2025-04-03,36.02928161621094,496.225830078125,221.9541015625,5396.52001953125,4.06,3.71,30.020000457763672,-0.07223222600450763,-0.11724545600995284,-0.09663764009974812,-0.04960591182899663,-0.14000000000000057,-0.20000000000000018,8.510000228881832
2025-04-04,33.28981018066406,456.9921569824219,205.3434295654297,5074.080078125,4.01,3.68,45.310001373291016,-0.07778676716002625,-0.07908063649337546,-0.08236489690015425,-0.061609061898230934,-0.04999999999999982,-0.029999999999999805,15.290000915527344
2025-04-07,34.441741943359375,451.8476867675781,209.40577697753903,5062.25,4.15,3.73,46.97999954223633,0.019590042678169033,0.03401790777791857,-0.01132108191779424,-0.0023341946059635883,0.14000000000000057,0.04999999999999982,1.6699981689453125
2025-04-08,33.90933609008789,448.65423583984375,211.7787322998047,4982.77001953125,4.26,3.71,52.33000183105469,0.01126812775839192,-0.015578879997837464,-0.007092631864243834,-0.015825083277054855,0.10999999999999943,-0.020000000000000018,5.350002288818359
2025-04-09,35.96151351928711,501.7003479003906,228.83859252929688,5456.89990234375,4.34,3.91,33.619998931884766,0.07747490486919889,0.05875892032755371,0.11175050993220928,0.09089487983303646,0.08000000000000007,0.20000000000000018,-18.710002899169922
2025-04-10,34.703094482421875,475.42474365234375,221.7783203125,5268.0498046875,4.4,3.84,40.720001220703125,-0.031338593092829846,-0.03562043654118899,-0.0537944232916843,-0.03522060702411168,0.0600000000000005,-0.07000000000000028,7.100002288818359
2025-04-11,34.79990768432617,479.9286193847656,230.6549072265625,5363.35986328125,4.48,3.96,37.560001373291016,0.03924435958731293,0.0027858728832075973,0.009428781587136427,0.01793038083577807,0.08000000000000007,0.1200000000000001,-3.1599998474121094
2025-04-14,35.49687194824219,489.1886291503906,229.2096710205078,5405.97021484375,4.38,3.84,30.88999938964844,-0.006285506788590667,0.01982984443740659,0.019110776549850203,0.007913319326342991,-0.10000000000000053,-0.1200000000000001,-6.670001983642575
2025-04-15,36.7746467590332,492.98388671875,227.65701293945312,5396.6298828125,4.35,3.84,30.1200008392334,-0.006797011527492763,0.035364082511532835,0.00772832958974132,-0.001729275225300909,-0.03000000000000025,0.0,-0.7699985504150426
2025-04-16,36.13576126098633,484.4032897949219,224.2196350097656,5275.7001953125,4.29,3.77,32.63999938964844,-0.015214082200087766,-0.01752566932682,-0.01755868622806101,-0.022663253964902527,-0.05999999999999961,-0.06999999999999984,2.519998550415039
2025-04-17,36.213191986083984,494.5369262695313,226.5144805908203,5282.7001953125,4.34,3.81,29.649999618530277,0.01018278994564217,0.002140480302365605,0.020704019087322088,0.0013259586237727749,0.04999999999999982,0.040000000000000036,-2.9899997711181605
2025-04-21,35.73887252807617,486.6454772949219,223.6141815185547,5158.2001953125,4.42,3.75,33.81999969482422,-0.0128867119709451,-0.013184509218853663,-0.016085936945913967,-0.02384964833401801,0.08000000000000007,-0.06000000000000005,4.170000076293942
2025-04-22,37.094085693359375,504.7286682128906,230.0592498779297,5287.759765625,4.41,3.76,30.56999969482422,0.028414721035936966,0.037218578898798274,0.03648510893403043,0.02480695212545062,-0.009999999999999787,0.009999999999999787,-3.25
2025-04-23,37.51032638549805,513.7752075195312,235.22506713867188,5375.85986328125,4.4,3.81,28.450000762939453,0.022205904403166107,0.011158723716784454,0.017764836122745424,0.016523864366879457,-0.009999999999999787,0.050000000000000266,-2.1199989318847656
2025-04-24,38.313777923583984,529.3638305664062,238.89678955078125,5484.77001953125,4.32,3.77,26.46999931335449,0.015488827460771704,0.02119330305611418,0.029890135561278945,0.020056628082583162,-0.08000000000000007,-0.040000000000000036,-1.9800014495849645
2025-04-25,38.42025375366211,528.8687744140625,237.83238220214844,5525.2099609375,4.29,3.74,24.84000015258789,-0.0044654666860156084,0.0027751936419303565,-0.0009356283035093781,0.0073460847957005125,-0.03000000000000025,-0.029999999999999805,-1.629999160766598
2025-04-28,38.50737762451172,530.3636474609375,237.5101318359375,5528.75,4.23,3.67,25.149999618530277,-0.0013558661641325399,0.002265087499477879,0.002822560957266079,0.0006405015390019333,-0.05999999999999961,-0.07000000000000028,0.30999946594238637
2025-04-29,38.71066284179688,532.8096923828125,238.87725830078125,5560.830078125,4.19,3.65,24.170000076293945,0.00573957349089162,0.005265238166948605,0.004601411916656476,0.005785641545556399,-0.040000000000000036,-0.020000000000000018,-0.9799995422363317
2025-04-30,38.60418319702149,531.4799194335938,238.87725830078125,5569.06005859375,4.17,3.6,24.700000762939453,0.0,-0.002754444134657963,-0.002498894335587398,0.0014788972519335208,-0.020000000000000462,-0.04999999999999982,0.5300006866455078
2025-05-01,38.88490676879883,537.5755615234375,241.09397888183597,5604.14013671875,4.25,3.7,24.600000381469727,0.009236954927443163,0.007245530951837261,0.011403913565610371,0.006279345716451974,0.08000000000000007,0.10000000000000009,-0.10000038146972656
2025-05-02,39.75611114501953,549.4854736328125,246.58203125,5686.669921875,4.33,3.83,22.68000030517578,0.02250791075315291,0.022157394250455625,0.0219130081852494,0.014619191109112719,0.08000000000000007,0.1299999999999999,-1.9200000762939453
2025-05-05,39.80450820922852,543.1373901367188,246.630859375,5650.3798828125,4.36,3.83,23.63999938964844,0.00019800019864706612,0.0012166086833240866,-0.011620029445917092,-0.006402047029318447,0.03000000000000025,0.0,0.9599990844726598
2025-05-06,39.533470153808594,533.2366943359375,243.3985595703125,5606.91015625,4.3,3.78,24.76000022888184,-0.01319245971353123,-0.00683251868586095,-0.01839690341797259,-0.007722985278391797,-0.0600000000000005,-0.050000000000000266,1.1200008392333984
2025-05-07,39.6205940246582,535.7215576171875,243.5352783203125,5631.27978515625,4.26,3.78,23.549999237060547,0.0005615496108670264,0.0022013754299989507,0.004649139014481293,0.004336938106710132,-0.040000000000000036,0.0,-1.2100009918212926
2025-05-08,40.26915740966797,549.0972290039062,247.5195159912109,5663.93994140625,4.37,3.9,22.479999542236328,0.016227619195710554,0.016236816911508103,0.024660983803814682,0.005783021147465641,0.11000000000000032,0.1200000000000001,-1.0699996948242188
2025-05-09,40.45307540893555,550.4561157226562,247.138671875,5659.91015625,4.37,3.88,21.899999618530277,-0.0015398277064992835,0.004556819381581057,0.0024717080205198844,-0.0007117341348763632,0.0,-0.020000000000000018,-0.5799999237060511
2025-05-12,41.97285079956055,573.9847412109375,253.94500732421875,5844.18994140625,4.45,3.98,18.38999938964844,0.02716813329674321,0.036880329234842364,0.041855576849919876,0.03203997667702081,0.08000000000000007,0.10000000000000009,-3.510000228881836
2025-05-13,42.86341857910156,586.0887451171875,256.8355712890625,5886.5498046875,4.49,4.02,18.21999931335449,0.011318342723882893,0.020995748656541455,0.020868407580285173,0.007222059020245977,0.040000000000000036,0.03999999999999959,-0.17000007629395242
2025-05-14,43.30870056152344,593.6499633789062,259.4038391113281,5892.580078125,4.53,4.05,18.6200008392334,0.009949992035475799,0.010334803186178453,0.012818638133473904,0.001023891242276054,0.040000000000000036,0.03000000000000025,0.4000015258789098
2025-05-15,42.9602165222168,597.8237915039062,261.2103576660156,5916.93017578125,4.45,3.96,17.829999923706055,0.006939979034469486,-0.008079061302342379,0.007006189068224715,0.004123817438757677,-0.08000000000000007,-0.08999999999999986,-0.7900009155273438
2025-05-16,43.26029968261719,600.8619995117188,261.2787170410156,5958.3798828125,4.43,3.98,17.239999771118164,0.0002616681523086635,0.006960857700289906,0.005069242559988092,0.006980849368100189,-0.020000000000000462,0.020000000000000018,-0.5900001525878906
2025-05-19,43.33773422241211,594.3294677734375,258.66162109375,5963.60009765625,4.46,3.97,18.13999938964844,-0.010066993682173208,0.0017883676324064574,-0.010931464904857295,0.0008757295660482738,0.03000000000000025,-0.009999999999999787,0.899999618530277
2025-05-20,43.26029968261719,588.71923828125,259.4428405761719,5940.4599609375,4.48,3.97,18.09000015258789,0.0030156855702859614,-0.0017883676324064886,-0.009484430385365126,-0.0038877770695725784,0.020000000000000462,0.0,-0.04999923706055043
2025-05-21,41.86636734008789,576.04248046875,254.9117889404297,5844.60986328125,4.58,4.0,20.8700008392334,-0.017618851225769568,-0.03275253215680632,-0.02176798597153285,-0.016266719267758897,0.09999999999999964,0.029999999999999805,2.780000686645508
2025-05-22,41.9244499206543,580.6724853515625,254.55050659179688,5842.009765625,4.54,4.0,20.280000686645508,-0.0014182890956303416,0.0013863712461157686,0.008005480601190516,-0.0004449700224211693,-0.040000000000000036,0.0,-0.5900001525878906
2025-05-23,41.81796646118164,580.973388671875,254.58950805664065,5802.81982421875,4.51,4.0,22.290000915527344,0.00015320526298454712,-0.002543120236151804,0.0005180637813489008,-0.006730899591473139,-0.03000000000000025,0.0,2.010000228881836
2025-05-27,42.80533599853516,597.6588134765625,259.06201171875,5921.5400390625,4.43,3.92,18.959999084472656,0.01741498477100294,0.023336700849505693,0.028315091928722523,0.02025258080218437,-0.08000000000000007,-0.08000000000000007,-3.3300018310546875
2025-05-28,42.65045928955078,590.5828247070312,257.30426025390625,5888.5498046875,4.47,3.96,19.309999465942383,-0.006808183840663011,-0.003624724994590736,-0.011910157306595375,-0.005586802576444734,0.040000000000000036,0.040000000000000036,0.35000038146972656
2025-05-29,42.8246955871582,587.1078491210938,258.1636047363281,5912.169921875,4.43,3.92,19.18000030517578,0.0033342341469043382,0.004076893202271886,-0.005901355505505486,0.0040031708706317415,-0.040000000000000036,-0.040000000000000036,-0.12999916076660156
2025-05-30,42.71821594238281,585.7324829101562,257.80230712890625,5911.68994140625,4.41,3.89,18.56999969482422,-0.0014004710705303042,-0.0024895037558327637,-0.002345360751729574,-8.118845699520562e-05,-0.019999999999999574,-0.029999999999999805,-0.6100006103515625
2025-06-02,42.66981887817383,584.0448608398438,258.44677734375,5935.93994140625,4.46,3.94,18.36000061035156,0.0024967426345732734,-0.0011335796518381683,-0.00288537515309514,0.004093651490626028,0.04999999999999982,0.04999999999999982,-0.2099990844726598
2025-06-03,43.22157669067383,589.0296020507812,260.0189819335937,5970.3701171875,4.46,3.96,17.690000534057617,0.006064853390356132,0.01284797851376699,0.008498644154848273,0.005783533535368979,0.0,0.020000000000000018,-0.6700000762939418
2025-06-04,42.94085693359375,584.5228271484375,258.0171203613281,5970.81005859375,4.37,3.87,17.610000610351562,-0.0077286950778459726,-0.006516082207423772,-0.007680606243718657,7.368474471916267e-05,-0.08999999999999986,-0.08999999999999986,-0.07999992370605469
2025-06-05,42.9602165222168,591.029296875,255.8004302978516,5939.2998046875,4.4,3.92,18.479999542236328,-0.008628369401165526,0.0004507414906933716,0.01106975358226791,-0.005291357978698112,0.03000000000000025,0.04999999999999982,0.8699989318847656
2025-06-06,43.78786849975586,598.9503784179688,259.49169921875,6000.35986328125,4.51,4.04,16.770000457763672,0.014327143189488321,0.019082313849598936,0.013313166101439258,0.010228196215376713,0.10999999999999943,0.1200000000000001,-1.7099990844726562
2025-06-09,43.69050216674805,598.4820556640625,260.4779663085937,6005.8798828125,4.49,4.01,17.15999984741211,0.0037935608094848213,-0.0022260673689553376,-0.0007822116128732873,0.0009195251863913659,-0.019999999999999574,-0.03000000000000025,0.3899993896484375
2025-06-10,43.90471649169922,599.7989501953125,262.2943115234375,6038.81005859375,4.47,4.01,16.950000762939453,0.0069489244199236536,0.004891014721316484,0.0021979736889428877,0.005468012541646841,-0.020000000000000462,0.0,-0.20999908447265625
2025-06-11,43.55418014526367,608.8710327148438,261.8548889160156,6022.240234375,4.41,3.94,17.260000228881836,-0.0016767085020871091,-0.00801606782059303,0.0150119602870669,-0.002747660318287345,-0.05999999999999961,-0.06999999999999984,0.3099994659423828
2025-06-12,43.44707489013672,609.7880249023438,261.9427490234375,6045.259765625,4.36,3.9,18.020000457763672,0.0003354734801458493,-0.0024621554985901095,0.0015049202725473468,0.0038151330716763875,-0.04999999999999982,-0.040000000000000036,0.7600002288818359
2025-06-13,42.93100738525391,598.5015258789062,258.72998046875,5976.97021484375,4.41,3.96,20.81999969482422,-0.01234099328818664,-0.011949180434252298,-0.018682322115041384,-0.01136066859010289,0.04999999999999982,0.06000000000000005,2.799999237060547
2025-06-16,43.24259185791016,612.4608764648438,264.0129699707031,6033.10986328125,4.46,3.97,19.11000061035156,0.02021325919917716,0.007231584459090056,0.023055990719286996,0.0093488231481891,0.04999999999999982,0.010000000000000231,-1.7099990844726598
2025-06-17,43.067325592041016,609.32958984375,263.1926574707031,5982.72021484375,4.39,3.94,21.600000381469727,-0.003111928702202992,-0.004061329496230767,-0.005125745474691824,-0.008387259723643134,-0.07000000000000028,-0.03000000000000025,2.4899997711181676
2025-06-18,43.87550735473633,619.6696166992188,267.5284729003906,5980.8701171875,4.38,3.94,20.13999938964844,0.016339699506525498,0.018591642671748086,0.016827139973878844,-0.00030928803472058796,-0.009999999999999787,0.0,-1.4600009918212855
2025-06-20,44.30393981933594,625.0933837890625,268.5440368652344,5967.83984375,4.38,3.9,20.6200008392334,0.003788909751133215,0.009717362710447396,0.008714592919206957,-0.002181035215587759,0.0,-0.040000000000000036,0.4800014495849574
2025-06-23,45.08291244506836,631.0244140625,271.7373046875,6025.169921875,4.34,3.84,19.82999992370605,0.01182089685682301,0.017429685160503732,0.009443500220769542,0.009560655071259439,-0.040000000000000036,-0.06000000000000005,-0.7900009155273473
2025-06-24,45.43344497680664,645.8810424804688,274.6571044921875,6092.18017578125,4.3,3.75,17.479999542236328,0.010687618864587209,0.007745214103675666,0.023270789200294486,0.011060328616958607,-0.040000000000000036,-0.08999999999999986,-2.350000381469723
2025-06-25,45.61845397949219,653.4508666992188,277.391357421875,6092.16015625,4.29,3.74,16.760000228881836,0.009905924849131961,0.0040638198526146896,0.01165200332695872,-3.286108349665331e-06,-0.009999999999999787,-0.009999999999999787,-0.7199993133544922
2025-06-26,46.21241760253906,670.3170776367188,281.97125244140625,6141.02001953125,4.26,3.7,16.59000015258789,0.016375772302118827,0.012936214061624892,0.025483505255754695,0.007988131032516797,-0.03000000000000025,-0.040000000000000036,-0.1700000762939453
2025-06-27,45.88135528564453,673.8776245117188,280.3697509765625,6173.06982421875,4.29,3.73,16.31999969482422,-0.005695852818361664,-0.007189709632144045,0.0052976777793423855,0.005205399256150098,0.03000000000000025,0.029999999999999805,-0.2700004577636719
2025-06-30,46.07609939575195,690.4024047851562,283.10400390625,6204.9501953125,4.24,3.72,16.729999542236328,0.009705063872705368,0.004235532658450406,0.024226094518945383,0.005151137506128882,-0.04999999999999982,-0.009999999999999787,0.4099998474121094
2025-07-01,46.88428497314453,689.14404296875,283.59228515625,6198.009765625,4.26,3.78,16.829999923706055,0.0017232559318204079,0.017388179827460385,-0.0018243128637720433,-0.0011191571098791433,0.019999999999999574,0.05999999999999961,0.10000038146972656
2025-07-02,47.4295539855957,698.3428955078125,285.1449890136719,6227.419921875,4.3,3.78,16.639999389648438,0.005460193258271696,0.011562992107836236,0.013259926369639357,0.0047338743064907745,0.040000000000000036,0.0,-0.1900005340576172
2025-07-03,47.643775939941406,705.9420166015625,290.443603515625,6279.35009765625,4.35,3.88,16.3799991607666,0.018411637237474136,0.0045064650002763895,0.01082286821522516,0.00830437821066394,0.04999999999999982,0.10000000000000009,-0.26000022888183594
2025-07-07,47.38087463378906,693.5045166015625,286.4892272949219,6229.97998046875,4.4,3.9,17.790000915527344,-0.013708487143463162,-0.005533342671712132,-0.017775352163603264,-0.007893368104244017,0.05000000000000071,0.020000000000000018,1.4100017547607422
2025-07-08,45.91056823730469,680.1890869140625,277.47174072265625,6225.52001953125,4.42,3.9,16.809999465942383,-0.031981841615752835,-0.03152332315323792,-0.01938692398988248,-0.0007161432504695748,0.019999999999999574,0.0,-0.9800014495849609
2025-07-09,45.60871505737305,679.4866943359375,277.8446044921875,6263.259765625,4.34,3.86,15.9399995803833,0.001342887990882328,-0.006596517447146736,-0.0010331766591595523,0.00604380277677969,-0.08000000000000007,-0.040000000000000036,-0.869999885559082
2025-07-10,45.73530197143555,691.7388305664062,282.7802124023437,6280.4599609375,4.35,3.86,15.779999732971191,0.017607980527499748,0.0027716537813302815,0.017870820055119863,0.0027424410729257912,0.009999999999999787,0.0,-0.15999984741210938
2025-07-11,45.50160217285156,687.6710815429688,281.4751281738281,6259.75,4.43,3.9,16.399999618530273,-0.0046258722316753305,-0.005122933792764578,-0.005897827438957165,-0.0033029717732258423,0.08000000000000007,0.040000000000000036,0.619999885559082
2025-07-14,45.83266830444336,695.81640625,283.2806396484375,6268.56005859375,4.43,3.9,17.200000762939453,0.006393976754891,0.00724958068491319,0.01177519694929749,0.0014064243309367943,0.0,0.0,0.8000011444091797
2025-07-15,44.93685150146485,685.2908935546875,281.17095947265625,6243.759765625,4.5,3.95,17.3799991607666,-0.007475184773507406,-0.019738914356661228,-0.015242431171288632,-0.003964145065672561,0.07000000000000028,0.050000000000000266,0.17999839782714844
2025-07-16,44.82000732421875,691.4462280273438,280.4546813964844,6263.7001953125,4.46,3.88,17.15999984741211,-0.0025507327743072164,-0.002603572468511734,0.008941976490082418,0.0031885685253844154,-0.040000000000000036,-0.07000000000000028,-0.2199993133544922
2025-07-17,45.78398513793945,688.5392456054688,284.4580993652344,6297.35986328125,4.47,3.91,16.520000457763672,0.014173816305018225,0.021279728707367485,-0.004213068582699937,0.005359380240011013,0.009999999999999787,0.03000000000000025,-0.6399993896484375
2025-07-18,46.07609939575195,690.8999633789062,285.8023986816406,6296.7900390625,4.44,3.88,16.40999984741211,0.004714693762369093,0.006360003780850171,0.0034227243400369077,-9.049030280841674e-05,-0.02999999999999936,-0.03000000000000025,-0.1100006103515625
2025-07-21,46.23189163208008,688.6953125,285.50799560546875,6305.60009765625,4.38,3.85,16.649999618530273,-0.0010306240011560119,0.003375490735250553,-0.0031960862640740243,0.001398157005673256,-0.0600000000000005,-0.029999999999999805,0.23999977111816406
2025-07-22,46.5142707824707,683.2422485351562,285.9593811035156,6309.6201171875,4.35,3.83,16.5,0.0015797422926184335,0.006089309047032565,-0.007949476472563069,0.0006373284966667569,-0.03000000000000025,-0.020000000000000018,-0.14999961853027344
2025-07-23,46.874542236328125,699.9329833984375,291.1893310546875,6358.91015625,4.4,3.88,15.369999885559082,0.018123901169806483,0.007715554560549521,0.024135112704798782,0.007781532145702873,0.05000000000000071,0.04999999999999982,-1.130000114440918
2025-07-24,47.11796951293945,701.55224609375,290.9832763671875,6363.35009765625,4.43,3.91,15.390000343322754,-0.0007078817982073606,0.005179727966304002,0.0023107819929467604,0.0006979799969332514,0.02999999999999936,0.03000000000000025,0.020000457763671875
2025-07-25,47.1763916015625,711.112060546875,293.014404296875,6388.64013671875,4.4,3.91,14.93000030517578,0.006955973239975053,0.0012391429436077424,0.013534652703751234,0.003966451001680552,-0.02999999999999936,0.0,-0.46000003814697443
2025-07-28,46.96217727661133,705.9127197265625,292.6807861328125,6389.77001953125,4.42,3.91,15.029999732971191,-0.0011392212386078723,-0.0045510505893346,-0.00733842375346104,0.00017684247126657597,0.019999999999999574,0.0,0.09999942779541193
2025-07-29,46.68953704833984,714.0385131835938,291.464111328125,6370.85986328125,4.34,3.86,15.979999542236328,-0.0041656670095603305,-0.005822445439780915,0.011445297516683139,-0.002963830197466829,-0.08000000000000007,-0.050000000000000266,0.9499998092651367
2025-07-30,46.69926834106445,712.8386840820312,294.0054626464844,6362.89990234375,4.38,3.94,15.479999542236328,0.008681466612989037,0.00020840383853838103,-0.0016817556362267317,-0.0012502139385094711,0.040000000000000036,0.08000000000000007,-0.5
2025-07-31,46.02741241455078,705.854248046875,290.6790771484375,6339.39013671875,4.37,3.94,16.719999313354492,-0.011378516655294024,-0.01449135628371648,-0.009846376627345442,-0.003701662046374567,-0.009999999999999787,0.0,1.239999771118164
2025-08-01,44.45973205566406,692.1778564453125,283.9380798339844,6238.009765625,4.23,3.69,20.3799991607666,-0.023463645305086635,-0.034653259173854034,-0.01956582807558407,-0.0161213871855698,-0.13999999999999968,-0.25,3.6599998474121094
2025-08-04,44.64473724365234,708.234375,288.7362670898437,6329.93994140625,4.22,3.69,17.520000457763672,0.016757515207078078,0.0041525516125197155,0.022932136469517493,0.014629564491414495,-0.010000000000000675,0.0,-2.8599987030029297
2025-08-05,44.36236572265625,703.23974609375,285.9004821777344,6299.18994140625,4.22,3.72,17.850000381469727,-0.009869914990311509,-0.006344942345076161,-0.007077210525814135,-0.004869703780462017,0.0,0.03000000000000025,0.3299999237060547
2025-08-06,44.22604751586914,706.9760131835938,285.8808898925781,6345.06005859375,4.22,3.69,16.770000457763672,-6.853068715053638e-05,-0.0030775653247978796,0.00529887119401894,0.007255522219852605,0.0,-0.03000000000000025,-1.0799999237060547
2025-08-07,43.73918533325195,702.0985107421875,281.5536804199219,6340.0,4.23,3.72,16.56999969482422,-0.015252131556292554,-0.011069535958562582,-0.006923014843247549,-0.0007977981718278668,0.010000000000000675,0.03000000000000025,-0.20000076293945312
2025-08-08,44.80053329467773,703.5911254882812,283.3394775390625,6389.4501953125,4.27,3.76,15.149999618530272,0.006322622403882716,0.023975653385406834,0.002123676903631611,0.0077694548163894745,0.03999999999999915,0.03999999999999959,-1.420000076293947
2025-08-11,44.946590423583984,701.6107177734375,284.1244506835937,6373.4501953125,4.27,3.76,16.25,0.002766602795979421,0.0032548621460091365,-0.0028186826476643712,-0.0025072683938851073,0.0,0.0,1.1000003814697283
2025-08-12,46.25136566162109,725.1591186523438,287.3527526855469,6445.759765625,4.29,3.72,14.729999542236328,0.011298215655228781,0.028616085946176737,0.03301238764780855,0.011281559075170764,0.020000000000000462,-0.03999999999999959,-1.5200004577636719
2025-08-13,45.99819946289063,726.43701171875,285.0762939453125,6466.580078125,4.24,3.67,14.489999771118164,-0.007953721966672352,-0.0054887377293816935,0.0017606734680380523,0.0032248733840464015,-0.04999999999999982,-0.050000000000000266,-0.23999977111816406
2025-08-14,46.45584487915039,728.8854370117188,288.6381530761719,6468.5400390625,4.29,3.74,14.829999923706056,0.012416995645537214,0.009900035360404083,0.0033647905385583627,0.00030304487855445177,0.04999999999999982,0.07000000000000028,0.3400001525878924
2025-08-15,45.70608139038086,712.8093872070312,285.0370178222656,6449.7998046875,4.33,3.75,15.09000015258789,-0.012554779213464205,-0.016270927925906526,-0.022302523231358427,-0.0029013399163647113,0.040000000000000036,0.009999999999999787,0.26000022888183416
2025-08-18,46.66032028198242,713.0435791015625,286.0574951171875,6449.14990234375,4.34,3.77,14.989999771118164,0.003573763564209445,0.020662769689211373,0.0003284937538033891,-0.00010076825773579619,0.009999999999999787,0.020000000000000018,-0.10000038146972656
2025-08-19,46.81612014770508,703.6983032226562,285.203857421875,6411.3701171875,4.3,3.75,15.56999969482422,-0.002988608723113372,0.003333460480022396,-0.013192821559057091,-0.005875329112207127,-0.040000000000000036,-0.020000000000000018,0.5799999237060565
2025-08-20,47.07902145385742,703.0154418945312,286.754150390625,6395.77978515625,4.29,3.74,15.6899995803833,0.005421016033219838,0.005599906207997835,-0.0009708604670030154,-0.002434630632264957,-0.009999999999999787,-0.009999999999999787,0.11999988555908025
2025-08-21,46.99139022827149,698.4013671875,285.9986572265625,6370.169921875,4.33,3.79,16.600000381469727,-0.0026381140072249784,-0.0018630991268622481,-0.006584895157003503,-0.004012219728951123,0.040000000000000036,0.04999999999999982,0.9100008010864258
2025-08-22,48.179317474365234,723.7056274414062,290.6790771484375,6466.91015625,4.26,3.68,14.220000267028809,0.016232715144180617,0.024965432628613764,0.03559075565005572,0.015072285158779139,-0.07000000000000028,-0.10999999999999988,-2.380000114440918
2025-08-25,48.179317474365234,720.6815795898438,289.3642578125,6439.31982421875,4.28,3.73,14.789999961853027,-0.004533528819771086,0.0,-0.004187315223202624,-0.004275512539646319,0.020000000000000462,0.04999999999999982,0.5699996948242188
2025-08-26,48.9290771484375,730.592529296875,292.96533203125,6465.93994140625,4.26,3.61,14.619999885559082,0.012367979182940999,0.015442013548596084,0.013658486323629612,0.00412547371011636,-0.020000000000000462,-0.1200000000000001,-0.1700000762939453
2025-08-27,49.0556640625,731.2948608398438,293.6620178222656,6481.39990234375,4.24,3.59,14.850000381469728,0.002375225494448351,0.0025838101509150016,0.0009608559479240303,0.0023881304533030262,-0.019999999999999574,-0.020000000000000018,0.2300004959106463
2025-08-28,49.16276931762695,732.8069458007812,295.4184265136719,6501.85986328125,4.22,3.62,14.43000030517578,0.005963239530860949,0.0021809612288784717,0.00206554693353487,0.003151747441466755,-0.020000000000000462,0.03000000000000025,-0.42000007629394887
2025-08-29,49.40620040893555,730.8748779296875,295.7618408203125,6460.259765625,4.23,3.59,15.359999656677246,0.0011617923135919556,0.004939314814711929,-0.0026400122785221612,-0.006418740402792551,0.010000000000000675,-0.03000000000000025,0.9299993515014666
2025-09-02,49.094608306884766,716.752685546875,294.0741882324219,6415.5400390625,4.28,3.66,17.170000076293945,-0.005722462210393576,-0.006326712348077848,-0.01951142788091884,-0.006946350061030363,0.04999999999999982,0.07000000000000028,1.8100004196166992
2025-09-03,48.74407196044922,716.46826171875,293.8876953125,6448.259765625,4.22,3.61,16.350000381469727,-0.0006343708032623545,-0.007165629081873861,-0.0003969015836691594,0.005087112302941308,-0.0600000000000005,-0.050000000000000266,-0.8199996948242188
2025-09-04,49.28934860229492,734.4545288085938,298.1168212890625,6502.080078125,4.17,3.59,15.300000190734863,0.014287721805646634,0.011124415775532828,0.02479413600514387,0.008311847102873571,-0.04999999999999982,-0.020000000000000018,-1.0500001907348633
2025-09-05,48.73124694824219,723.970703125,288.85400390625,6481.5,4.1,3.51,15.18000030517578,-0.03156404376239261,-0.011387559562588238,-0.01437715974695204,-0.00317017266993674,-0.07000000000000028,-0.08000000000000007,-0.11999988555908381
2025-09-08,48.42771530151367,727.5404663085938,287.4115905761719,6495.14990234375,4.05,3.49,15.109999656677246,-0.00500608176587374,-0.006248165422483396,0.004918695020570462,0.0021037644508885675,-0.04999999999999982,-0.019999999999999574,-0.07000064849853338
2025-09-09,49.24039459228516,749.1847534179688,292.2588806152344,6512.60986328125,4.08,3.54,15.039999961853027,0.01672468503327434,0.016642034908334803,0.02931599858905249,0.0026845470300734414,0.03000000000000025,0.04999999999999982,-0.06999969482421875
2025-09-10,49.08373641967773,754.735595703125,294.8983764648437,6532.0400390625,4.04,3.54,15.350000381469728,0.008990823490780179,-0.0031865688220556903,0.007381863666797291,0.0029790282293981275,-0.040000000000000036,0.0,0.310000419616701
2025-09-11,49.6907958984375,769.5933837890625,299.8241577148437,6587.47021484375,4.01,3.52,14.710000038146973,0.016565351427075933,0.01229197664649395,0.01949481882042581,0.008450087623093565,-0.03000000000000025,-0.020000000000000018,-0.6400003433227557
2025-09-12,49.52434539794922,765.0134887695312,301.1488037109375,6584.2900390625,4.06,3.56,14.760000228881836,0.004408345221256717,-0.003355347872847522,-0.0059688363172994115,-0.00048287788142832935,0.04999999999999982,0.040000000000000036,0.05000019073486328
2025-09-15,49.53413391113281,771.5842895507812,303.1014099121094,6615.27978515625,4.05,3.54,15.6899995803833,0.0064629286138470155,0.00019763100107590692,0.008552453902232159,0.004695577726559718,-0.009999999999999787,-0.020000000000000018,0.9299993515014648
2025-09-16,49.6026725769043,770.3779907226562,303.385986328125,6606.759765625,4.04,3.51,16.360000610351562,0.0009384413877837656,0.001382708988100916,-0.001564628512186838,-0.0012887604333313247,-0.009999999999999787,-0.03000000000000025,0.6700010299682617
2025-09-17,50.32722854614258,778.9003295898438,305.8979187011719,6600.35009765625,4.06,3.52,15.720000267028809,0.008245570199266647,0.014501538750058059,0.011001799634037314,-0.0009706390782443865,0.019999999999999574,0.010000000000000231,-0.6400003433227539
2025-09-18,51.04199600219727,788.7957763671875,307.35015869140625,6631.9599609375,4.11,3.57,15.699999809265137,0.00473623239429045,0.014102491269810617,0.01262435769637552,0.004777687836708263,0.05000000000000071,0.04999999999999982,-0.020000457763671875
2025-09-19,51.15948867797852,789.472412109375,308.8710632324219,6664.35986328125,4.14,3.57,15.449999809265137,0.004936239049088916,0.0022992371961964003,0.0008574408184658843,0.004873523937481177,0.02999999999999936,0.0,-0.25
2025-09-22,50.83637237548828,790.0216064453125,306.57501220703125,6693.75,4.15,3.61,16.100000381469727,-0.007461455257924356,-0.006335892066035424,0.0006954054293564136,0.004400350714762291,0.010000000000000675,0.040000000000000036,0.6500005722045898
2025-09-23,50.62096786499024,790.7669677734375,306.8693542480469,6656.919921875,4.12,3.53,16.639999389648438,0.0009596373516476083,-0.0042462148847737255,0.0009430247605764147,-0.005517351828739721,-0.03000000000000025,-0.08000000000000007,0.5399990081787109
2025-09-24,50.62096786499024,777.1448364257812,307.53662109375,6637.97021484375,4.16,3.57,16.18000030517578,0.002172072326195457,0.0,-0.01737658211557489,-0.0028506771652953692,0.040000000000000036,0.040000000000000036,-0.45999908447265625
2025-09-25,50.7678337097168,779.429931640625,307.5660400390625,6604.72021484375,4.18,3.64,16.739999771118164,9.565539931413667e-05,0.0028970841980004466,0.0029360579437186164,-0.005021648742526333,0.019999999999999574,0.07000000000000028,0.5599994659423828
2025-09-26,51.12031936645508,787.0304565429688,310.12701416015625,6643.7001953125,4.2,3.63,15.289999961853027,0.00829210812019733,0.006919098095983137,0.009704151608373953,0.005884489130413512,0.020000000000000462,-0.010000000000000231,-1.4499998092651367
2025-09-29,51.3259391784668,788.609375,309.7640075683594,6661.2099609375,4.15,3.63,16.1200008392334,-0.0011711950022417765,0.004014203955174465,0.0020041623141553726,0.002632077259912619,-0.04999999999999982,0.0,0.8300008773803711
2025-09-30,50.51326370239258,780.9891967773438,309.50885009765625,6688.4599609375,4.16,3.6,16.280000686645508,-0.0008240551220147734,-0.015960312024948842,-0.00970979233649058,0.004082503613507919,0.009999999999999787,-0.029999999999999805,0.15999984741210938
2025-10-01,49.62225341796875,770.3583374023438,304.8774719238281,6711.2001953125,4.12,3.55,16.290000915527344,-0.015076722044174576,-0.017796558633125955,-0.013705537347619224,0.0033941541712235066,-0.040000000000000036,-0.050000000000000266,0.010000228881835938
2025-10-02,49.42642974853516,764.3466186523438,301.7767639160156,6715.35009765625,4.1,3.55,16.6299991607666,-0.01022241278801412,-0.003954094457652166,-0.007834404228819668,0.0006181636213842448,-0.020000000000000462,0.0,0.3399982452392578
2025-10-03,49.58308792114258,774.7421264648438,304.2102355957031,6715.7900390625,4.13,3.58,16.649999618530273,0.008031475138826127,0.0031645099789882458,0.01350885832157224,6.55106568658717e-05,0.03000000000000025,0.03000000000000025,0.020000457763671875
2025-10-06,49.33830642700195,781.4110107421875,304.8511047363281,6740.27978515625,4.18,3.6,16.3700008392334,0.002104449370548132,-0.004949020287650171,0.008571039628479635,0.003639959282762629,0.04999999999999982,0.020000000000000018,-0.279998779296875
2025-10-07,49.24039459228516,774.4185180664062,303.38201904296875,6714.58984375,4.14,3.57,17.239999771118164,-0.004830675912690016,-0.0019864710307929837,-0.008988825097387368,-0.003818687706853079,-0.040000000000000036,-0.03000000000000025,0.8699989318847656
2025-10-08,48.79978561401367,761.5319213867188,299.773193359375,6753.72021484375,4.13,3.58,16.299999237060547,-0.011966633711192748,-0.008988395243381946,-0.016780357922603677,0.005810748494187323,-0.009999999999999787,0.010000000000000231,-0.9400005340576172
2025-10-09,48.75083160400391,764.9154663085938,301.2522277832031,6735.10986328125,4.14,3.6,16.43000030517578,0.004921713316557385,-0.0010036638519630814,0.00443323561717435,-0.0027593739802789824,0.009999999999999787,0.020000000000000018,0.13000106811523438
2025-10-10,47.63462448120117,749.6162719726562,296.6771850585937,6552.509765625,4.05,3.52,21.65999984741211,-0.015303251225245834,-0.023162353968246584,-0.020203887933891117,-0.027485975439899807,-0.08999999999999986,-0.08000000000000007,5.229999542236328
2025-10-14,49.04457092285156,755.892822265625,297.8505249023437,6644.31005859375,4.03,3.48,20.809999465942383,0.003947137694230524,0.02916959346219356,0.008338158409871066,0.013912711539991462,-0.019999999999999574,-0.040000000000000036,-0.8500003814697266
2025-10-15,51.18886184692383,753.1174926757812,301.4100036621094,6671.06005859375,4.05,3.5,20.63999938964844,0.011879709914788919,0.04279247099151086,-0.0036783482413660323,0.004017918503427979,0.019999999999999574,0.020000000000000018,-0.17000007629394176
2025-10-16,49.38726043701172,743.46728515625,294.3600769042969,6629.06982421875,3.99,3.41,25.309999465942383,-0.023667706974563288,-0.03582946128234715,-0.01289648460071263,-0.006314280275141975,-0.05999999999999961,-0.08999999999999986,4.670000076293942
2025-10-17,50.20973205566406,736.2885131835938,293.3938293457031,6664.009765625,4.02,3.46,20.780000686645508,-0.0032879353715512373,0.016516368513703687,-0.009702720272833585,0.0052568739445263,0.02999999999999936,0.04999999999999982,-4.529998779296875
2025-10-20,50.9538688659668,748.5963745117188,298.1265869140625,6735.1298828125,4.0,3.46,18.229999542236328,0.016002350664474377,0.014711817789651374,0.016577908909450625,0.010615724136144117,-0.019999999999999574,0.0,-2.5500011444091797
2025-10-21,50.44472503662109,744.3401489257812,292.93035888671875,6735.35009765625,3.98,3.45,17.8700008392334,-0.01758328682510997,-0.010042508258860572,-0.005701832663686726,3.269591641698797e-05,-0.020000000000000018,-0.009999999999999787,-0.3599987030029297
2025-10-22,50.033485412597656,730.2374267578125,289.9921264648437,6699.39990234375,3.97,3.45,18.600000381469727,-0.010081125294789122,-0.008185693564034986,-0.01912839637355746,-0.005351834774743029,-0.009999999999999787,0.0,0.7299995422363281
2025-10-23,50.67971420288086,736.2982788085938,290.4161376953125,6738.43994140625,4.01,3.48,17.299999237060547,0.0014610794920788808,0.012833226662834771,0.008265583352824702,0.0058104798620133855,0.03999999999999959,0.029999999999999805,-1.3000011444091797
2025-10-24,51.47280883789063,768.7598266601562,296.2334899902344,6791.68994140625,4.02,3.48,16.3700008392334,0.019833108922798433,0.015527968318485104,0.043143294936894,0.007871361975244856,0.009999999999999787,0.0,-0.9299983978271484
2025-10-27,51.91341781616211,774.751953125,299.8915405273437,6875.16015625,4.01,3.48,15.789999961853027,0.012272916806787168,0.008523604354572898,0.0077643159527998155,0.012215141327379352,-0.009999999999999787,0.0,-0.5800008773803711
2025-10-28,51.766544342041016,776.8114013671875,301.0846252441406,6890.89013671875,3.99,3.47,16.420000076293945,0.003970494512582705,-0.002833210377605528,0.002654676582414212,0.0022853305022299255,-0.019999999999999574,-0.009999999999999787,0.630000114440918
2025-10-29,51.48260116577149,767.9556274414062,301.2325439453125,6890.58984375,4.08,3.59,16.920000076293945,0.000491165491246539,-0.005500169336804445,-0.011465639512073937,-4.3579204733175357e-05,0.08999999999999986,0.11999999999999966,0.5
2025-10-30,51.9232063293457,774.9186401367188,305.10748291015625,6822.33984375,4.11,3.61,16.90999984741211,0.012781579795969514,0.008521916529683886,0.009026088664233819,-0.009954191424534511,0.03000000000000025,0.020000000000000018,-0.010000228881835938
2025-10-31,52.33444213867188,774.1439208984375,306.7639465332031,6840.2001953125,4.11,3.6,17.440000534057617,0.005414430516229459,0.00788887814213884,-0.0010002427563090986,0.0026145009178832708,0.0,-0.009999999999999787,0.5300006866455078
2025-11-03,52.4421501159668,770.3681640625,305.0187683105469,6851.97021484375,4.13,3.6,17.170000076293945,-0.005705237869812616,0.002055955684698495,-0.0048892648938054,0.0017192339969181521,0.019999999999999574,0.0,-0.2700004577636719
2025-11-04,52.42256546020508,775.5758056640625,304.920166015625,6771.5498046875,4.1,3.58,19.0,-0.0003233185823422173,-0.0003735223212463087,0.0067371928107743135,-0.011806250392326715,-0.03000000000000025,-0.020000000000000018,1.8299999237060547
2025-11-05,51.355316162109375,777.7921752929688,307.3161315917969,6796.2900390625,4.17,3.63,18.010000228881836,0.00782697078634768,-0.020568678179892833,0.002853633086440993,0.0036468976756877185,0.07000000000000028,0.04999999999999982,-0.9899997711181641
2025-11-06,52.17778396606445,772.3884887695312,309.03179931640625,6720.31982421875,4.11,3.57,19.5,0.005567219649308935,0.01588835077523743,-0.006971714375988861,-0.011241134514722728,-0.05999999999999961,-0.06000000000000005,1.489999771118164
2025-11-07,52.08966064453125,771.17236328125,309.8106994628906,6728.7998046875,4.11,3.55,19.07999992370605,0.0025172820526258646,-0.0016903328329309366,-0.0015757405848922915,0.0012610463474931072,0.0,-0.020000000000000018,-0.42000007629394887
2025-11-10,52.30506896972656,781.8228759765625,312.4532165527344,6832.43017578125,4.13,3.58,17.600000381469727,0.008493286873449963,0.004126810456842406,0.013716306921290517,0.015283626703501816,0.019999999999999574,0.03000000000000025,-1.4799995422363246
2025-11-12,52.98066711425781,822.7871704101562,315.92388916015625,6850.919921875,4.08,3.56,17.510000228881836,0.011046576550082085,0.012833788176128685,0.051069351477709926,0.0027025190783368704,-0.04999999999999982,-0.020000000000000018,-0.09000015258789062
2025-11-13,51.766544342041016,789.9627075195312,305.1469421386719,6737.490234375,4.11,3.58,20.0,-0.03470788939433828,-0.02318299709385494,-0.04071182638361688,-0.01669545163092778,0.03000000000000025,0.020000000000000018,2.489999771118164
2025-11-14,51.51197052001953,775.6541137695312,299.3591003417969,6734.10986328125,4.14,3.62,19.82999992370605,-0.01914958084439406,-0.004929860541624927,-0.018279047537586753,-0.0005018514712717733,0.02999999999999936,0.040000000000000036,-0.17000007629394887
2025-11-17,50.405555725097656,760.600341796875,296.1644592285156,6672.41015625,4.13,3.6,22.3799991607666,-0.01072895171512671,-0.021712816299284992,-0.019598646265761663,-0.009204497894305158,-0.009999999999999787,-0.020000000000000018,2.5499992370605504
2025-11-18,50.56222152709961,761.3259887695312,295.2179260253906,6617.31982421875,4.12,3.58,24.690000534057617,-0.0032010896333239994,0.0031032856619176686,0.0009535902140206239,-0.008290709844169318,-0.009999999999999787,-0.020000000000000018,2.3100013732910156
2025-11-19,50.93428802490234,770.8290405273438,299.0238647460937,6642.16015625,4.13,3.58,23.65999984741211,0.012809569509060106,0.007331644528166296,0.012404976571318239,0.00374680773726533,0.009999999999999787,0.0,-1.0300006866455078
2025-11-20,49.93557357788086,758.776123046875,294.2023620605469,6538.759765625,4.1,3.55,26.420000076293945,-0.016255548517035225,-0.01980268571387946,-0.015759840819476702,-0.01568972611631523,-0.03000000000000025,-0.03000000000000025,2.760000228881836
2025-11-21,50.48388671875,759.099853515625,293.84735107421875,6602.990234375,4.06,3.51,23.43000030517578,-0.0012074184257834695,0.010920564370674384,0.00042655721370822217,0.009775103041592069,-0.040000000000000036,-0.040000000000000036,-2.989999771118164
2025-11-24,50.846168518066406,775.4580688476562,293.8276672363281,6705.1201171875,4.04,3.46,20.520000457763672,-6.698885365101652e-05,0.007150560455263103,0.021320583274239895,0.015348818899081837,-0.019999999999999574,-0.04999999999999982,-2.9099998474121094
2025-11-25,51.38468551635742,786.8440551757812,298.75762939453125,6765.8798828125,4.01,3.43,18.559999465942383,0.016639211028439127,0.010535409968348336,0.01457616647331702,0.009020886000832944,-0.03000000000000025,-0.029999999999999805,-1.960000991821289
2025-11-26,51.88404083251953,800.27001953125,303.33270263671875,6812.60986328125,4.0,3.45,17.190000534057617,0.015197590979097255,0.00967106356101569,0.01691911733429499,0.006882969436149685,-0.009999999999999787,0.020000000000000018,-1.3699989318847656
2025-11-28,52.530269622802734,810.1065673828125,308.696533203125,6849.08984375,4.02,3.47,16.350000381469727,0.01752846951346055,0.012378323217652337,0.01221660854931235,0.005340487341137372,0.019999999999999574,0.020000000000000018,-0.8400001525878906
2025-12-01,52.12882232666016,795.2194213867188,304.5948181152344,6812.6298828125,4.09,3.54,17.239999771118164,-0.013376272915186338,-0.007671560253816057,-0.018547725365593473,-0.005337548746055966,0.07000000000000028,0.06999999999999984,0.8899993896484375
2025-12-02,52.07986831665039,803.448974609375,303.5693359375,6829.3701171875,4.09,3.51,16.59000015258789,-0.0033723893221988188,-0.0009395380233389362,0.010295600935270342,0.002454221195936617,0.0,-0.03000000000000025,-0.6499996185302734
2025-12-03,52.96108627319336,824.5007934570312,307.75982666015625,6849.72021484375,4.06,3.49,16.079999923706055,0.01370965631620816,0.01677895320420008,0.02586442509610306,0.0029753605210852863,-0.03000000000000025,-0.019999999999999574,-0.5100002288818359
2025-12-04,53.02962493896485,825.7425537109375,311.6742553710937,6857.1201171875,4.11,3.52,15.779999732971191,0.012638893895108649,0.0012932958849107665,0.0015049422746096042,0.001079738711974404,0.05000000000000071,0.029999999999999805,-0.3000001907348633
2025-12-05,53.09851837158203,842.231201171875,310.6291198730469,6870.39990234375,4.14,3.56,15.40999984741211,-0.003358929172683546,0.0012983067477740566,0.019771515642244334,0.0019347688846794776,0.02999999999999936,0.040000000000000036,-0.36999988555908203
2025-12-08,53.04930877685547,854.1862182617188,310.79669189453125,6846.509765625,4.17,3.57,16.65999984741211,0.0005393146611319704,-0.0009271899307581136,0.014094661923460601,-0.0034833153316476935,0.03000000000000025,0.009999999999999787,1.25
2025-12-09,52.69499206542969,863.93359375,296.30255126953125,6840.509765625,4.18,3.61,16.93000030517578,-0.04775790962736907,-0.006701411510612504,0.011346682575751168,-0.0008767431610132386,0.009999999999999787,0.040000000000000036,0.2700004577636719
2025-12-10,53.226470947265625,876.4109497070312,305.76806640625,6886.68017578125,4.13,3.54,15.770000457763672,0.03144579667059773,0.010035422984831977,0.014339194839221966,0.006726880659139976,-0.04999999999999982,-0.06999999999999984,-1.1599998474121094
2025-12-11,53.69889068603516,897.8865966796875,312.9363098144531,6901.0,4.14,3.52,14.850000381469728,0.02317282517367252,0.008836496890386916,0.024208674402784198,0.00207719198371703,0.009999999999999787,-0.020000000000000018,-0.9200000762939435
2025-12-12,54.26974105834961,875.1494140625,314.0603332519531,6827.41015625,4.19,3.52,15.739999771118164,0.003585424751679636,0.010574473019262313,-0.025649145298063114,-0.010720913458554537,0.05000000000000071,0.0,0.8899993896484357
2025-12-15,54.45673751831055,876.7559204101562,315.53936767578125,6816.509765625,4.18,3.51,16.5,0.004698341318721067,0.0034397627291324756,0.001834010966629184,-0.0015978388918367072,-0.010000000000000675,-0.010000000000000231,0.7600002288818359
2025-12-16,53.9449462890625,866.4664916992188,311.1319274902344,6800.259765625,4.15,3.48,16.479999542236328,-0.014066426505403932,-0.009442566092391974,-0.01180520412792717,-0.00238676400843967,-0.02999999999999936,-0.029999999999999805,-0.020000457763671875
2025-12-17,53.68904876708984,859.744873046875,310.5699462890625,6721.43017578125,4.16,3.49,17.6200008392334,-0.001807880522611424,-0.004754966197923561,-0.007787751559567012,-0.01165985661137129,0.009999999999999787,0.010000000000000231,1.1400012969970703
2025-12-18,53.40362548828125,863.6575317382812,308.6176452636719,6774.759765625,4.12,3.46,16.8700008392334,-0.006306029131143633,-0.0053304104432983414,0.004540628936010785,0.007902951520479156,-0.040000000000000036,-0.03000000000000025,-0.75
2025-12-19,54.39768600463867,880.5897216796875,312.7686767578125,6834.5,4.16,3.48,14.90999984741211,0.013360748689700244,0.01844297957725478,0.019415506378553153,0.008779407421828872,0.040000000000000036,0.020000000000000018,-1.960000991821289
2025-12-22,54.9980583190918,886.0300903320312,318.5663452148437,6878.490234375,4.17,3.44,14.079999923706056,0.018366893132135312,0.01097626504230454,0.006159090726182219,0.006415870575561936,0.009999999999999787,-0.040000000000000036,-0.8299999237060529
2025-12-23,55.08663940429688,888.7009887695312,321.3666076660156,6909.7900390625,4.18,3.48,14.0,0.008751792862433213,0.0016093263851422817,0.003009921317540549,0.004540067046788208,0.009999999999999787,0.040000000000000036,-0.07999992370605646
2025-12-24,55.36222076416016,897.6401977539062,324.5612487792969,6932.0498046875,4.15,3.47,13.470000267028809,0.009891715088425703,0.004990217759173794,0.010008484013639449,0.003216304344700708,-0.02999999999999936,-0.009999999999999787,-0.5299997329711914
2025-12-26,55.283477783203125,893.9541015625,323.31890869140625,6929.93994140625,4.14,3.46,13.600000381469728,-0.0038350969581531147,-0.0014233358419625762,-0.004114884038173276,-0.00030440987710828846,-0.010000000000000675,-0.010000000000000231,0.13000011444091975
2025-12-29,54.47641754150391,879.3084716796875,319.2171325683594,6905.740234375,4.12,3.45,14.199999809265137,-0.012767631944483378,-0.014706187257797708,-0.016518662410282825,-0.003498162923937312,-0.019999999999999574,-0.009999999999999787,0.5999994277954084
2025-12-30,54.407527923583984,871.660400390625,318.8917541503906,6896.240234375,4.14,3.45,14.329999923706056,-0.001019821077378492,-0.001265377128239175,-0.008735871950478166,-0.0013766142506534472,0.019999999999999574,0.0,0.13000011444091975
2025-12-31,54.1319465637207,866.318603515625,317.70855712890625,6845.5,4.18,3.47,14.949999809265137,-0.003717240984522652,-0.005078004170299824,-0.006147155614755879,-0.007384867434248815,0.040000000000000036,0.020000000000000018,0.6199998855590803
2026-01-02,55.06695556640625,901.1488037109376,320.92291259765625,6858.47021484375,4.19,3.47,14.510000228881836,0.01006647108593755,0.017125297702243615,0.03941765457822078,0.0018929140261155547,0.010000000000000675,0.0,-0.4399995803833008
2026-01-05,55.99211502075195,934.7568359375,329.3630676269531,6902.0498046875,4.17,3.46,14.899999618530272,0.02595974470175952,0.016661058852274407,0.03661602902483186,0.006334024511051582,-0.020000000000000462,-0.010000000000000231,0.3899993896484357
2026-01-06,56.346435546875,941.6853637695312,331.41326904296875,6944.81982421875,4.18,3.47,14.75,0.006205452227233568,0.006308105263321954,0.007384783096829677,0.0061775920038938375,0.009999999999999787,0.010000000000000231,-0.14999961853027166
2026-01-07,54.76184844970703,927.44384765625,323.8660888671875,6920.93017578125,4.15,3.47,15.380000114440918,-0.023036019155679814,-0.02852522756026553,-0.015238959007432043,-0.0034458535710101927,-0.02999999999999936,0.0,0.630000114440918
2026-01-08,55.29332733154297,921.3431396484376,326.63934326171875,6921.4599609375,4.19,3.49,15.449999809265137,0.008526512029452593,0.00965848284186169,-0.006599711262921566,7.654532942294603e-05,0.040000000000000036,0.020000000000000018,0.06999969482421875
2026-01-09,54.968528747558594,925.4332885742188,326.0450744628906,6966.27978515625,4.18,3.54,14.489999771118164,-0.0018209993893160631,-0.00589142129440415,0.004429508142784378,0.006454611138321038,-0.010000000000000675,0.04999999999999982,-0.9600000381469727
2026-01-12,54.318946838378906,935.850830078125,321.38995361328125,6977.27001953125,4.19,3.54,15.119999885559082,-0.014380442421533322,-0.011887721909150505,0.011194046284035489,0.0015763900591805138,0.010000000000000675,0.0,0.630000114440918
2026-01-13,53.67920684814453,924.6152954101562,307.9297790527344,6963.740234375,4.18,3.53,15.979999542236328,-0.04278342771965156,-0.011847377963861629,-0.012078340052802373,-0.0019410055882070072,-0.010000000000000675,-0.010000000000000231,0.8599996566772461
2026-01-14,51.6517219543457,919.21435546875,304.9287414550781,6926.60009765625,4.15,3.51,16.75,-0.009793652154269977,-0.03850218308506183,-0.005858410386175084,-0.005347633584135448,-0.02999999999999936,-0.020000000000000018,0.7700004577636719
2026-01-15,51.75998306274414,961.7811889648438,306.30548095703125,6944.47021484375,4.17,3.56,15.84000015258789,0.004504793022612319,0.002093789052825516,0.04526762673227331,0.002576603920444464,0.019999999999999574,0.050000000000000266,-0.9099998474121094
2026-01-16,52.13398742675781,948.1212158203124,309.4848022460937,6940.009765625,4.24,3.59,15.859999656677246,0.010326078946354242,0.007199762947601163,-0.01430461162517973,-0.0006425086684515026,0.07000000000000028,0.029999999999999805,0.01999950408935547
2026-01-20,51.27771759033203,929.7599487304688,299.8477478027344,6796.85986328125,4.3,3.6,20.09000015258789,-0.031634148199503144,-0.01656078306046286,-0.019555925686340153,-0.020842460953261224,0.05999999999999961,0.010000000000000231,4.2300004959106445
2026-01-21,51.24818801879883,939.2608642578124,299.15447998046875,6875.6201171875,4.26,3.6,16.899999618530273,-0.0023147430832682497,-0.0005760411902594161,0.010166818153172823,0.01152111763356032,-0.040000000000000036,0.0,-3.190000534057617
2026-01-22,51.6221923828125,940.8772583007812,300.729248046875,6913.35009765625,4.26,3.61,15.640000343322754,0.005250256375453734,0.007271403302991829,0.001719442228005848,0.0054725007079021405,0.0,0.009999999999999787,-1.2599992752075195
2026-01-23,50.903717041015625,905.623291015625,294.8757019042969,6915.60986328125,4.24,3.6,16.09000015258789,-0.01965643372851073,-0.01401571772945993,-0.03818926756934233,0.0003268164274822459,-0.019999999999999574,-0.009999999999999787,0.4499998092651367
2026-01-26,51.19898223876953,918.416015625,298.1640014648437,6950.22998046875,4.22,3.56,16.149999618530273,0.011089757539443818,0.005783706462590243,0.014027038033450942,0.00499359426016032,-0.020000000000000462,-0.040000000000000036,0.05999946594238281
2026-01-27,51.34660720825195,916.306884765625,297.44097900390625,6978.60009765625,4.24,3.53,16.350000381469727,-0.00242786020870188,0.0028792085990394104,-0.0022991284275096697,0.004073587840441241,0.020000000000000462,-0.03000000000000025,0.20000076293945312
2026-01-28,50.99229431152344,923.2946166992188,297.89654541015625,6978.02978515625,4.26,3.56,16.350000381469727,0.0015304477762258923,-0.00692433292001884,0.007597042659629875,-8.172639170147053e-05,0.019999999999999574,0.03000000000000025,0.0
2026-01-29,52.24225234985352,926.556884765625,303.4926147460937,6969.009765625,4.24,3.53,16.8799991607666,0.0186110134055129,0.024217070086841534,0.003527063059660865,-0.0012934674424623016,-0.019999999999999574,-0.03000000000000025,0.529998779296875
2026-01-30,52.36035537719727,921.914794921875,302.9676818847656,6939.02978515625,4.26,3.52,17.440000534057617,-0.001731137208285838,0.002258128742589367,-0.005022635351721706,-0.0043111794144580756,0.019999999999999574,-0.009999999999999787,0.5600013732910156
2026-02-02,53.1772575378418,932.6773071289062,305.1961975097656,6976.43994140625,4.29,3.57,16.34000015258789,0.007328700947013755,0.015481086850246555,0.011606469167145169,0.005376785277364613,0.03000000000000025,0.04999999999999982,-1.1000003814697266
2026-02-03,53.59062957763672,925.4431762695312,311.8420715332031,6917.81005859375,4.28,3.57,18.0,0.021542038351882547,0.00774341642342707,-0.007786542879828629,-0.008439495590663714,-0.009999999999999787,0.0,1.6599998474121094
2026-02-04,54.505950927734375,900.1237182617188,314.2389221191406,6882.72021484375,4.29,3.57,18.63999938964844,0.007656716367057874,0.016935655561852683,-0.027740513644555473,-0.005085300155013826,0.009999999999999787,0.0,0.639999389648441
2026-02-05,54.07289123535156,877.56396484375,307.1968688964844,6798.39990234375,4.21,3.47,21.770000457763672,-0.022664786213057765,-0.007976912998761082,-0.025382371519958397,-0.01232667785383289,-0.08000000000000007,-0.09999999999999964,3.130001068115231
2026-02-06,55.63779830932617,915.3508911132812,319.3199462890625,6932.2998046875,4.22,3.5,20.3700008392334,0.03870475774615286,0.028529821942949275,0.04215763222627634,0.019504344282200718,0.009999999999999787,0.029999999999999805,-1.3999996185302734
2026-02-09,55.51969146728516,930.00634765625,319.0228271484375,6964.81982421875,4.22,3.48,17.360000610351562,-0.0009309078897587004,-0.002125036949354549,0.015883932242375547,0.004680117860123293,0.0,-0.020000000000000018,-3.010000228881836
2026-02-10,54.51579284667969,935.298828125,315.2392883300781,6941.81005859375,4.16,3.45,17.790000915527344,-0.011930662750366815,-0.018247322342419152,0.005674668938650918,-0.0033091822845107053,-0.05999999999999961,-0.029999999999999805,0.43000030517578125
2026-02-11,53.00009536743164,930.96240234375,307.8505859375,6941.47021484375,4.18,3.52,17.649999618530273,-0.023717441256514482,-0.028196723759243123,-0.004647188201416391,-4.89572699497733e-05,0.019999999999999574,0.06999999999999984,-0.1400012969970703
2026-02-12,51.69108963012695,891.5,299.74871826171875,6832.759765625,4.09,3.47,20.81999969482422,-0.02667003680264031,-0.02500829385492242,-0.04331345499487588,-0.01578494138611745,-0.08999999999999986,-0.04999999999999982,3.1700000762939453
2026-02-13,51.720611572265625,892.08154296875,299.6595458984375,6836.169921875,4.04,3.4,20.600000381469727,-0.0002975346496566739,0.0005709594291053741,0.0006521069828859485,0.0004989646444475858,-0.04999999999999982,-0.07000000000000028,-0.2199993133544922
2026-02-17,51.90761947631836,902.82421875,304.19580078125,6843.22021484375,4.05,3.43,20.290000915527344,0.015024592367478056,0.0036092116050587654,0.01197032656022004,0.0010307906306565179,0.009999999999999787,0.03000000000000025,-0.3099994659423828
2026-02-18,52.5178337097168,920.259033203125,305.8300476074219,6881.31005859375,4.09,3.47,19.6200008392334,0.005357972092925115,0.011687211509734933,0.01912731739630163,0.005550636821134019,0.040000000000000036,0.040000000000000036,-0.6700000762939453
2026-02-19,51.9371452331543,903.4254760742188,305.1070251464844,6861.89013671875,4.08,3.47,20.229999542236328,-0.0023669305096546424,-0.011118559681899913,-0.018461565204730943,-0.0028261153915347848,-0.009999999999999787,0.0,0.6099987030029297
2026-02-20,52.22256851196289,908.9347534179688,307.82086181640625,6909.509765625,4.08,3.48,19.09000015258789,0.008855379114033855,0.005480506482957198,0.006079690145336986,0.006915755702175204,0.0,0.009999999999999787,-1.1399993896484375
2026-02-23,50.263973236083984,879.4366455078125,294.82623291015625,6837.75,4.03,3.43,21.01000022888184,-0.04313185448481375,-0.038226165792430815,-0.03299178627012922,-0.01043995947145646,-0.04999999999999982,-0.04999999999999982,1.9200000762939489
2026-02-24,49.61438751220703,889.2529296875,294.459716796875,6890.06982421875,4.04,3.43,19.549999237060547,-0.0012439331388260713,-0.013007720154505341,0.01110017847008046,0.007622488962383376,0.009999999999999787,0.0,-1.4600009918212926
2026-02-25,50.87419128417969,908.0872192382812,300.4023742675781,6946.1298828125,4.05,3.45,17.93000030517578,0.019980614880080128,0.025074885023250348,0.02095872503483508,0.0081034339701294,0.009999999999999787,0.020000000000000018,-1.6199989318847656
2026-02-26,51.47455978393555,915.5972290039062,303.20538330078125,6908.85986328125,4.02,3.42,18.6299991607666,0.009287585014648901,0.011731953338709682,0.008236131229347432,-0.005380026995566101,-0.03000000000000025,-0.03000000000000025,0.6999988555908203
2026-02-27,49.04354476928711,847.1689453125,297.4310607910156,6878.8798828125,3.97,3.38,19.86000061035156,-0.019227938861463983,-0.04837912860177804,-0.07767642370655657,-0.004348795128037643,-0.04999999999999938,-0.040000000000000036,1.2300014495849574
2026-03-02,49.02386093139648,853.7377319335938,294.7172546386719,6881.6201171875,4.05,3.47,21.440000534057617,-0.009166031826472012,-0.0004014348705225566,0.007723903217067854,0.0003982754131349892,0.07999999999999963,0.0900000000000003,1.5799999237060582
2026-03-03,49.18133544921875,854.609619140625,297.3914489746094,6816.6298828125,4.06,3.51,23.56999969482422,0.00903284313298966,0.0032070533657551697,0.0010207377114320416,-0.009488908731312503,0.009999999999999787,0.03999999999999959,2.1299991607666016
2026-03-04,49.50612258911133,859.2364501953125,296.52978515625,6869.5,4.09,3.54,21.149999618530277,-0.002901611774074465,0.0065821598602294916,0.005399367397143323,0.00772612574014956,0.03000000000000025,0.03000000000000025,-2.4200000762939418
2026-03-05,49.02386093139648,827.7401733398438,290.7455444335937,6830.7099609375,4.13,3.57,23.75,-0.019699202340078,-0.009789213225984566,-0.03734484144098903,-0.005662707772703004,0.040000000000000036,0.029999999999999805,2.600000381469723
2026-03-06,48.14295196533203,813.829833984375,286.7144470214844,6740.02001953125,4.15,3.56,29.489999771118164,-0.013961704544366016,-0.018132386467350985,-0.016948009835965654,-0.013365720432496335,0.020000000000000462,-0.009999999999999787,5.739999771118164
2026-03-09,47.41051864624024,824.3418579101562,287.1502685546875,6795.990234375,4.12,3.56,25.5,0.0015189002047436512,-0.015330634451351088,0.012834024987260263,0.008269871665388671,-0.03000000000000025,0.0,-3.989999771118164
2026-03-10,48.06377410888672,826.1054077148438,285.9716186523437,6781.47998046875,4.15,3.57,24.93000030517578,-0.004113092137313681,0.013684639882102473,0.0021370576480667586,-0.002137402505887721,0.03000000000000025,0.009999999999999787,-0.5699996948242188
2026-03-11,48.0241813659668,816.1482543945312,284.7731628417969,6775.7998046875,4.21,3.64,24.229999542236328,-0.0041996269114399345,-0.0008240938203956503,-0.012126354856265927,-0.0008379521856348736,0.05999999999999961,0.07000000000000028,-0.7000007629394531
2026-03-12,46.64838790893555,780.2431640625,280.1874389648437,6672.6201171875,4.27,3.76,27.290000915527344,-0.01623413942412437,-0.029066292965890344,-0.04499040287038091,-0.015344808189494536,0.05999999999999961,0.11999999999999966,3.0600013732910156
2026-03-13,46.24257659912109,774.9822387695312,280.7321472167969,6632.18994140625,4.28,3.73,27.190000534057617,0.00194219790714449,-0.008737424434853492,-0.006765508524156545,-0.006077546398501344,0.010000000000000675,-0.029999999999999805,-0.10000038146972656
2026-03-16,46.5791015625,787.4261474609375,283.4261474609375,6699.3798828125,4.23,3.68,23.51000022888184,0.009550584461822866,0.00725103110634177,0.015929473926092605,0.010079909746818997,-0.04999999999999982,-0.04999999999999982,-3.6800003051757777
2026-03-17,46.796852111816406,799.582763671875,284.1492004394531,6716.08984375,4.2,3.68,22.3700008392334,0.0025478674235575463,0.004663961875981874,0.015320460905565766,0.002491149384952951,-0.03000000000000025,0.0,-1.139999389648441
2026-03-18,46.3514518737793,798.0371704101562,284.99102783203125,6624.7001953125,4.26,3.76,25.09000015258789,0.0029582446106548744,-0.00956332243444084,-0.0019348703792886755,-0.013700999383730839,0.05999999999999961,0.07999999999999963,2.719999313354492
2026-03-19,46.52960968017578,802.02001953125,285.2188720703125,6606.490234375,4.25,3.79,24.059999465942383,0.000799159223459491,0.003836261599727698,0.0049783937376406745,-0.002752582623899739,-0.009999999999999787,0.03000000000000025,-1.0300006866455078
2026-03-20,46.67808151245117,806.0128173828125,283.82232666015625,6506.47998046875,4.39,3.88,26.780000686645508,-0.004908425671614892,0.0031858306101580874,0.0049660752762421155,-0.015253934307770224,0.13999999999999968,0.08999999999999986,2.720001220703125
2026-03-23,47.034400939941406,823.5889282226562,287.14031982421875,6581.0,4.34,3.83,26.149999618530277,0.011622583491867245,0.007604560999927409,0.021571887074233458,0.0113881090950741,-0.04999999999999982,-0.04999999999999982,-0.6300010681152308
2026-03-24,47.64806365966797,827.9976806640625,289.6065368652344,6556.3701171875,4.39,3.9,26.950000762939453,0.008552216779579985,0.012962723672700552,0.005338821336493214,-0.0037495954593205535,0.04999999999999982,0.06999999999999984,0.8000011444091761
2026-03-25,48.2518310546875,834.061279296875,292.59771728515625,6591.89990234375,4.33,3.84,25.32999992370605,0.010275454764177187,0.012591783843465345,0.007296522783662732,0.005404493759949214,-0.05999999999999961,-0.06000000000000005,-1.620000839233402
2026-03-26,47.747047424316406,815.0386352539062,288.87359619140625,6477.16015625,4.42,3.96,27.440000534057617,-0.012809478057790993,-0.010516545415679774,-0.023071358697852384,-0.017559440961209507,0.08999999999999986,0.1200000000000001,2.110000610351566
2026-03-27,46.49002456665039,795.4711303710938,280.13787841796875,6368.85009765625,4.44,3.88,31.049999237060547,-0.03070730412147777,-0.026679466838149618,-0.024300961391473207,-0.01686323194605131,0.020000000000000462,-0.08000000000000007,3.6099987030029297
2026-03-30,46.74736404418945,800.1375732421875,281.0589904785156,6343.72021484375,4.35,3.82,30.61000061035156,0.003282672939755061,0.005520105932488362,0.005849123490794558,-0.003953553833355896,-0.09000000000000075,-0.06000000000000005,-0.4399986267089879
2026-03-31,48.2518310546875,838.1728515625,291.3497314453125,6528.52001953125,4.3,3.79,25.25,0.03595979399902107,0.03167590632134094,0.04644066655693274,0.028714893309798716,-0.04999999999999982,-0.029999999999999805,-5.360000610351559
2026-04-01,48.76651763916016,852.261474609375,292.5580749511719,6575.31982421875,4.33,3.81,24.540000915527344,0.004138821976746752,0.010610187038683555,0.016669028835037455,0.0071429450037592815,0.03000000000000025,0.020000000000000018,-0.7099990844726562
2026-04-02,48.875396728515625,855.0653076171875,291.7855224609375,6582.68994140625,4.31,3.79,23.8700008392334,-0.0026441735436960176,0.002230172056496919,0.0032844743696319057,0.0011202481362370179,-0.020000000000000462,-0.020000000000000018,-0.6700000762939453
2026-04-06,49.54844665527344,858.0475463867188,294.125,6611.830078125,4.34,3.84,24.170000076293945,0.007985826785513652,0.013676775768685532,0.0034816641240127013,0.004417013131605809,0.03000000000000025,0.04999999999999982,0.2999992370605469
2026-04-07,49.76619338989258,856.1650390625,296.0662536621094,6616.85009765625,4.33,3.81,25.780000686645508,0.006578412169908947,0.0043849946679781525,-0.0021963531209149155,0.0007589600331270599,-0.009999999999999787,-0.029999999999999805,1.6100006103515625
2026-04-08,51.34984588623047,897.380615234375,306.5888366699219,6782.81005859375,4.29,3.79,21.040000915527344,0.03492429647888253,0.03132602921147317,0.04701693207631663,0.024772038357183543,-0.040000000000000036,-0.020000000000000018,-4.739999771118164
2026-04-09,52.171363830566406,895.3694458007812,308.938232421875,6824.66015625,4.29,3.78,19.489999771118164,0.007633806144905957,0.015871823610910413,-0.002243670571822647,0.006151066869514015,0.0,-0.010000000000000231,-1.5500011444091797
2026-04-10,52.00310516357422,899.4117431640625,308.4803161621094,6816.89013671875,4.31,3.81,19.229999542236328,-0.0014833255164648355,-0.0032303272564174054,0.004504509210579263,-0.0011391696991393636,0.019999999999999574,0.03000000000000025,-0.26000022888183594
2026-04-13,52.80482482910156,882.5588989257812,312.2732238769531,6886.240234375,4.3,3.78,19.1200008392334,0.012220485822152918,0.015299134393726934,-0.01891540334312436,0.010121875493741075,-0.009999999999999787,-0.03000000000000025,-0.10999870300292969
2026-04-14,52.80482482910156,901.224853515625,309.7247009277344,6967.3798828125,4.26,3.76,18.36000061035156,-0.008194680751405403,0.0,0.020929258851424812,0.011713988916143619,-0.040000000000000036,-0.020000000000000018,-0.7600002288818395
2026-04-15,53.76491165161133,891.178466796875,304.5579833984375,7022.9501953125,4.29,3.76,18.170000076293945,-0.01682235070371428,0.01801848873234097,-0.011210079575301325,0.00794414491156507,0.03000000000000025,0.0,-0.19000053405761363
2026-04-16,52.96318817138672,891.683837890625,308.5599670410156,7041.27978515625,4.32,3.78,17.940000534057617,0.013054716392694827,-0.01502394518115862,0.0005669210751237416,0.002606555815286028,0.03000000000000025,0.020000000000000018,-0.22999954223632812
2026-04-17,53.35910415649414,917.3939819335938,308.8984375,7126.06005859375,4.26,3.71,17.479999542236328,0.0010963345559705288,0.007447503367432363,0.02842539430213046,0.011968553928737802,-0.0600000000000005,-0.06999999999999984,-0.46000099182128906
2026-04-20,53.3986930847168,933.0381469726562,315.5683898925781,7109.14013671875,4.26,3.72,18.8700008392334,0.021362883546273116,0.0007416588026426738,0.01690906414407253,-0.0023771959102520377,0.0,0.010000000000000231,1.3900012969970703
2026-04-21,52.93349456787109,917.9884643554688,311.5962829589844,7064.009765625,4.3,3.78,19.5,-0.012667040147730398,-0.008749965464866909,-0.01626126189025181,-0.00636845358085314,0.040000000000000036,0.05999999999999961,0.6299991607666016
2026-04-22,52.57717514038086,926.201904296875,311.6161804199219,7137.89990234375,4.3,3.79,18.920000076293945,6.385450264070844e-05,-0.006754213257564108,0.008907425596621483,0.010405756011537825,0.0,0.010000000000000231,-0.5799999237060547
2026-04-23,51.93381881713867,922.694580078125,310.29217529296875,7108.39990234375,4.34,3.83,19.309999465942383,-0.0042578849925245695,-0.012311899938492556,-0.0037939694898925795,-0.004141432170939999,0.040000000000000036,0.040000000000000036,0.3899993896484375
2026-04-24,51.51810836791992,918.3451538085938,306.8974609375,7165.080078125,4.31,3.78,18.709999084472656,-0.01100066621441083,-0.008036828275905924,-0.004724976089718299,0.007942067917632457,-0.03000000000000025,-0.050000000000000266,-0.6000003814697266
2026-04-27,52.09218215942383,929.1444091796876,310.232421875,7173.91015625,4.35,3.78,18.020000457763672,0.010808076207741784,0.011081518317548725,0.011690868070314173,0.0012316180005498539,0.040000000000000036,0.0,-0.6899986267089844
2026-04-28,52.12187576293945,917.9884643554688,310.0532531738281,7138.7998046875,4.36,3.84,17.829999923706055,-0.0005776973848079748,0.0005698579426070073,-0.012079348087324884,-0.0049061878687959495,0.010000000000000675,0.06000000000000005,-0.1900005340576172
2026-04-29,52.33962631225586,897.2319946289062,307.86309814453125,7135.9501953125,4.42,3.92,18.809999465942383,-0.007088869541220571,0.004169016534869025,-0.02287036193817476,-0.00039925174351248426,0.05999999999999961,0.08000000000000007,0.9799995422363281
2026-04-30,52.9136962890625,915.2341918945312,311.82525634765625,7209.009765625,4.4,3.88,16.889999389648438,0.012787757483226312,0.01090845695321455,0.01986551741050286,0.010186184168105012,-0.019999999999999574,-0.040000000000000036,-1.9200000762939453
2026-05-01,52.69594955444336,915.1747436523438,311.06866455078125,7230.1201171875,4.39,3.88,16.989999771118164,-0.0024292809532104396,-0.004123620365004891,-6.495624125727234e-05,0.00292404968652147,-0.010000000000000675,0.0,0.10000038146972656
2026-05-04,51.65667724609375,894.923583984375,306.270263671875,7200.75,4.45,3.95,18.290000915527344,-0.015545747384606946,-0.019919128110228144,-0.02237669010438316,-0.004070462487840939,0.0600000000000005,0.07000000000000028,1.3000011444091797
2026-05-05,52.57717514038086,910.3992309570312,308.0124206542969,7259.22021484375,4.43,3.93,17.3799991607666,0.005672182198308184,0.01766262694139226,0.01714488503421291,0.008087227380575185,-0.020000000000000462,-0.020000000000000018,-0.9100017547607422
2026-05-06,53.0522689819336,928.6886596679688,313.4877624511719,7365.1201171875,4.36,3.87,17.389999389648438,0.017620215107473358,0.008995541900333578,0.019890329092037515,0.014482944327746904,-0.0699999999999994,-0.06000000000000005,0.010000228881835938
2026-05-07,52.21095657348633,917.3147583007812,304.8964538574219,7337.10986328125,4.41,3.92,17.079999923706055,-0.027788100651294837,-0.015985265868283197,-0.012322886498151315,-0.0038103454826786936,0.04999999999999982,0.04999999999999982,-0.3099994659423828
2026-05-08,50.78567123413086,927.8267211914062,300.74517822265625,7398.93017578125,4.38,3.9,17.190000534057617,-0.013708901199919597,-0.027678116430180293,0.011394331262487413,0.008390405429031966,-0.03000000000000025,-0.020000000000000018,0.1100006103515625
2026-05-11,50.0334358215332,936.1292114257812,298.6545715332031,7412.83984375,4.42,3.95,18.3799991607666,-0.006975695828254186,-0.014922754109512418,0.008908520847900796,0.0018781917406753333,0.040000000000000036,0.050000000000000266,1.1899986267089844
2026-05-12,50.26108551025391,937.15966796875,303.5126953125,7400.9599609375,4.46,4.0,17.989999771118164,0.016135812931797267,0.004539631410626803,0.0011001577580879898,-0.0016038944114079717,0.040000000000000036,0.04999999999999982,-0.3899993896484375
2026-05-13,49.33069610595703,946.5916748046876,298.9034729003906,7444.25,4.46,3.98,17.8700008392334,-0.015302751160139258,-0.018684603422803283,0.010014151490498715,0.005832206062995343,0.0,-0.020000000000000018,-0.11999893188476562
2026-05-14,49.3405876159668,960.006591796875,298.56500244140625,7501.240234375,4.47,4.0,17.260000228881836,-0.001133015411396599,0.0002004941999289662,0.01407232829966856,0.007626449143738461,0.009999999999999787,0.020000000000000018,-0.6100006103515625
2026-05-15,49.26140975952149,939.7058715820312,296.4743957519531,7408.5,4.59,4.09,18.43000030517578,-0.007026813007544652,-0.001606009524577551,-0.021373227165867842,-0.012440381787730354,0.1200000000000001,0.08999999999999986,1.1700000762939453
2026-05-18,50.17200469970703,937.6154174804688,299.3813171386719,7403.0498046875,4.61,4.07,17.81999969482422,0.009757209291206721,0.01831618480355104,-0.0022270614814435164,-0.0007359385925655567,0.020000000000000462,-0.019999999999999574,-0.6100006103515625
2026-05-19,50.18190383911133,920.1582641601562,294.3738708496094,7353.60986328125,4.67,4.13,18.059999465942383,-0.016867440023781054,0.0001972845817475776,-0.018794180736769868,-0.006700720556670582,0.05999999999999961,0.05999999999999961,0.23999977111816406
2026-05-20,50.70648956298828,973.0449829101562,300.625732421875,7432.97021484375,4.57,4.04,17.440000534057617,0.02101544817933584,0.010399421259835067,0.055884630759313145,0.010734208066325955,-0.09999999999999964,-0.08999999999999986,-0.6199989318847656
2026-05-21,50.96383285522461,979.0390625,301.6411437988281,7445.72021484375,4.57,4.08,16.760000228881836,0.0033719680731615523,0.005062319774246841,0.006141229874472369,0.0017138609316666425,0.0,0.040000000000000036,-0.6800003051757812
2026-05-22,51.27066040039063,987.52001953125,305.0059814453125,7473.47021484375,4.56,4.13,16.700000762939453,0.011093342450438514,0.006002445097102818,0.008625227369731217,0.003720045284340991,-0.010000000000000675,0.04999999999999982,-0.05999946594238281
2026-05-26,51.66657638549805,985.3304443359376,305.3643493652344,7519.1201171875,4.5,4.01,17.010000228881836,0.001174264026317696,0.007692414324887673,-0.002219708117200462,0.006089680623147164,-0.05999999999999961,-0.1200000000000001,0.3099994659423828
2026-05-27,50.57781600952149,987.2623291015624,297.93780517578125,7520.35986328125,4.48,4.0,16.290000915527344,-0.024620894478387285,-0.021298019496507503,0.001958727020900261,0.00016486555361860245,-0.019999999999999574,-0.009999999999999787,-0.7199993133544922
2026-05-28,50.25119018554688,999.0524291992188,295.3992614746094,7563.6298828125,4.45,3.99,15.739999771118164,-0.008556887250948752,-0.006478829432437295,0.011871470535816466,0.0057372272122164095,-0.03000000000000025,-0.009999999999999787,-0.5500011444091797
2026-05-29,51.07270812988281,1016.0836181640624,297.9676818847656,7580.06005859375,4.45,3.98,15.31999969482422,0.008657160564949532,0.0162160351130989,0.016903667142100644,0.0021699047314878454,0.0,-0.010000000000000231,-0.42000007629394354
2026-06-01,50.98362350463867,1043.469482421875,295.2499084472656,7599.9599609375,4.47,4.05,16.049999237060547,-0.009162885581194609,-0.0017457936502978174,0.026595554592071167,0.0026218560604907887,0.019999999999999574,0.06999999999999984,0.7299995422363263
2026-06-02,51.94371795654297,1059.3914794921875,299.6102600097656,7609.77978515625,4.46,4.05,15.770000457763672,0.014660351758215043,0.018656312025365853,0.015143465624146054,0.0012912549125880068,-0.009999999999999787,0.0,-0.279998779296875
2026-06-03,51.864532470703125,1035.9462890625,299.50079345703125,7553.68017578125,4.49,4.08,16.059999465942383,-0.00036542992595152884,-0.001525610938871408,-0.022379369369468136,-0.007399348892067432,0.03000000000000025,0.03000000000000025,0.28999900817871094
2026-06-04,53.6164436340332,1087.284912109375,309.4957580566406,7584.31005859375,4.47,4.05,15.399999618530272,0.03282731941213016,0.0332206307526341,0.048368384491827836,0.0040467623691873905,-0.020000000000000462,-0.03000000000000025,-0.6599998474121112
2026-06-05,53.5567512512207,1033.6177978515625,310.9691162109375,7383.740234375,4.55,4.17,21.51000022888184,0.004749216223855405,-0.0011139425123780653,-0.050618609269295865,-0.026801330315360895,0.08000000000000007,0.1200000000000001,6.110000610351568
2026-06-08,53.35776519775391,1039.906982421875,309.7147521972656,7405.72998046875,4.56,4.15,18.920000076293945,-0.004041882785132528,-0.0037223436037639194,0.006066195992738819,0.0029737052076611974,0.009999999999999787,-0.019999999999999574,-2.590000152587894
2026-06-09,54.14375305175781,1026.980224609375,311.2976379394531,7386.64990234375,4.53,4.13,19.8700008392334,0.005097770013067561,0.014623083891306243,-0.012508593905621795,-0.0025797185926219454,-0.02999999999999936,-0.020000000000000462,0.9500007629394531
2026-06-10,54.263145446777344,996.409912109375,307.75360107421875,7266.990234375,4.55,4.13,22.21999931335449,-0.01145002339481894,0.0022026724303552034,-0.030219222990397854,-0.016332095868206012,0.019999999999999574,0.0,2.34999847412109
2026-06-11,54.87999725341797,1030.592529296875,312.0840759277344,7394.2998046875,4.45,4.05,19.440000534057617,0.013973159341883886,0.011303657919922269,0.03373045572023426,0.01736719891346488,-0.09999999999999964,-0.08000000000000007,-2.7799987792968714
2026-06-12,55.735633850097656,1057.5704345703125,319.2816772460937,7431.4599609375,4.48,4.09,17.68000030517578,0.022801088305249184,0.015470754974701802,0.025840326516380692,0.005012928127161434,0.03000000000000025,0.040000000000000036,-1.760000228881836
2026-06-15,55.58639144897461,1070.925048828125,317.96759033203125,7554.2900390625,4.47,4.07,16.200000762939453,-0.004124253549057807,-0.0026812751588675674,0.012548572081759626,0.01639328413858115,-0.010000000000000675,-0.019999999999999574,-1.4799995422363281
2026-06-16,56.55147171020508,1085.3543701171875,329.6549377441406,7511.35009765625,4.43,4.05,16.40999984741211,0.03609700380331456,0.017212813974386114,0.013383735473770333,-0.005700396039273383,-0.040000000000000036,-0.020000000000000462,0.20999908447265625
2026-06-17,56.2430419921875,1093.7830810546875,331.9645080566406,7420.10009765625,4.49,4.2,18.440000534057617,0.006981595563343599,-0.005468891644155602,0.007735861697567604,-0.012222675603360274,0.0600000000000005,0.15000000000000036,2.030000686645508
2026-06-18,55.91471862792969,1091.2156982421875,323.761474609375,7500.580078125,4.46,4.19,16.399999618530273,-0.025021004563508302,-0.005854687188478399,-0.0023500095454210474,0.010787813962926182,-0.03000000000000025,-0.009999999999999787,-2.0400009155273438
2026-06-22,57.07877731323242,1100.977783203125,329.993408203125,7472.7900390625,4.51,4.24,17.280000686645508,0.01906562392442834,0.020604723469973732,0.008906284570600163,-0.003711932684976348,0.04999999999999982,0.04999999999999982,0.8800010681152344
2026-06-23,57.61603927612305,1089.10595703125,332.6414794921875,7365.4599609375,4.5,4.16,19.489999771118164,0.0079925927086734,0.009368616795925698,-0.01084154202611253,-0.014466928386098657,-0.009999999999999787,-0.08000000000000007,2.2099990844726562
2026-06-24,57.43695068359375,1071.6614990234375,331.95458984375,7358.22021484375,4.41,4.11,18.6299991607666,-0.0020670898451318684,-0.003113152248049119,-0.01614688981934544,-0.000983415367731934,-0.08999999999999986,-0.04999999999999982,-0.8600006103515625
2026-06-25,57.89461517333984,1059.89892578125,333.6170654296875,7357.490234375,4.4,4.09,18.88999938964844,0.004995642558455251,0.007936541720393861,-0.011036696406706303,-9.921104004703284e-05,-0.009999999999999787,-0.020000000000000462,0.2600002288818395
2026-06-26,57.5861930847168,1014.6406860351562,327.57427978515625,7354.02001953125,4.38,4.07,18.40999984741211,-0.018278986678531093,-0.005341542488347595,-0.043639004627703294,-0.0004717686829183932,-0.020000000000000462,-0.019999999999999574,-0.4799995422363317
2026-06-29,57.5861930847168,1015.23779296875,327.91278076171875,7440.43017578125,4.38,4.1,17.649999618530273,0.0010328228489229123,0.0,0.0005883179283807624,0.01168156135934559,0.0,0.02999999999999936,-0.7600002288818359
2026-06-30,56.69075775146485,1006.4408569335938,325.86199951171875,7499.35986328125,4.44,4.14,16.450000762939453,-0.006273683348712328,-0.01567164075039471,-0.008702660589631978,0.007888998838148293,0.0600000000000005,0.040000000000000036,-1.1999988555908203
2026-07-01,58.06375503540039,1014.6406860351562,332.5718078613281,7483.22998046875,4.48,4.17,16.59000015258789,0.020381822909216155,0.023930436761874892,0.00811434266125099,-0.0021531509855513085,0.040000000000000036,0.03000000000000025,0.1399993896484375
2026-07-02,58.43187713623047,1016.02392578125,332.9700012207031,7483.240234375,4.49,4.14,16.149999618530273,0.0011965992262364675,0.006319950701232724,0.0013623519629840362,1.370250446897007e-06,0.009999999999999787,-0.03000000000000025,-0.4400005340576172
2026-07-06,59.59593963623047,1050.1468505859375,337.7200012207031,7537.43017578125,4.48,4.13,15.56999969482422,0.01416475391773782,0.019725862550900218,0.03303311421483824,0.0072154138304445295,-0.009999999999999787,-0.009999999999999787,-0.5799999237060529
2026-07-07,59.5561408996582,1037.896728515625,339.2200012207031,7503.85009765625,4.55,4.19,16.1299991607666,0.004431714626410532,-0.0006680326163562159,-0.011733723129723893,-0.004465063253185491,0.0699999999999994,0.0600000000000005,0.559999465942381
2026-07-08,58.00405883789063,1024.621826171875,330.6199951171875,7482.7099609375,4.56,4.21,16.899999618530273,-0.025679203186040205,-0.026406424163752294,-0.012872694526097475,-0.0028212145626126694,0.009999999999999787,0.019999999999999574,0.7700004577636719
2026-07-09,58.94923782348633,1050.823486328125,335.4700012207031,7543.64013671875,4.54,4.16,15.84000015258789,0.014562872418268957,0.016163709635283453,0.025250535046431908,0.008109821657156896,-0.019999999999999574,-0.04999999999999982,-1.0599994659423828
2026-07-10,59.36710357666016,1050.037353515625,336.4700012207031,7575.39013671875,4.56,4.21,15.029999732971191,0.002976458417840585,0.007063563420589837,-0.0007483911683084291,0.004200010992571727,0.019999999999999574,0.04999999999999982,-0.8100004196166992
2026-07-13,59.19796752929688,1040.8125,334.5299987792969,7515.33984375,4.62,4.26,17.15999984741211,-0.005782437695950464,-0.0028530520922374243,-0.008824080177097682,-0.007958609028043705,0.0600000000000005,0.04999999999999982,2.130000114440918
2026-07-14,60.31228256225586,1134.4439697265625,342.8900146484375,7543.58984375,4.58,4.18,16.5,0.024683180746480203,0.018648564882107536,0.08614097824544868,0.003751931076883282,-0.040000000000000036,-0.08000000000000007,-0.6599998474121094
2026-07-15,61.27735900878906,1146.455078125,346.9100036621094,7572.39990234375,4.55,4.13,15.670000076293944,0.011655652124962753,0.015874653481256613,0.01053200441759528,0.003811869942054222,-0.03000000000000025,-0.04999999999999982,-0.8299999237060565
2026-07-16,61.1778678894043,1090.1209716796875,343.1499938964844,7533.77001953125,4.57,4.16,16.729999542236328,-0.010897739299897794,-0.001624939070327526,-0.050385967524149276,-0.005114462132765812,0.020000000000000462,0.03000000000000025,1.0599994659423846
2026-07-17,60.958984375,1060.0283203125,341.1000061035156,7457.68994140625,4.55,4.18,18.770000457763672,-0.005991944249690522,-0.00358423759372885,-0.027993048232228163,-0.010149876192112738,-0.020000000000000462,0.019999999999999574,2.0400009155273438
2026-07-20,60.11329650878906,1049.8880615234375,338.8699951171875,7443.27978515625,4.6,4.21,18.649999618530277,-0.006559168720411391,-0.013970193906346712,-0.009612074629548242,-0.0019341238867804414,0.04999999999999982,0.03000000000000025,-0.12000083923339488
2026-07-21,60.90923690795898,1080.269287109375,345.2300109863281,7509.2001953125,4.63,4.26,17.049999237060547,0.018594354799919808,0.0131537797619454,0.028526799558714757,0.008817378432212827,0.03000000000000025,0.04999999999999982,-1.6000003814697301
2026-07-22,61.30720520019531,1092.84765625,348.2099914550781,7498.9599609375,4.67,4.31,16.639999389648438,0.008594828111342118,0.006512539425334479,0.01157646821771373,-0.0013646224263997142,0.040000000000000036,0.04999999999999982,-0.4099998474121094
2026-07-23,60.96892929077149,1069.4820556640625,349.8999938964844,7408.2998046875,4.71,4.37,18.700000762939453,0.0048416604209664225,-0.005532997486902447,-0.021612347038053367,-0.012163372131276511,0.040000000000000036,0.0600000000000005,2.0600013732910156
2026-07-24,61.73502349853516,1056.057861328125,353.2099914550781,7411.97998046875,4.69,4.33,18.57999992370605,0.009415374777564975,0.012487033136634117,-0.012631494444492953,0.0004966405371888175,-0.019999999999999574,-0.040000000000000036,-0.12000083923340199
2026-07-27,61.81461715698242,1043.1212158203125,356.20001220703125,7413.18017578125,4.65,4.31,18.670000076293945,0.00842964841811415,0.0012884484169452424,-0.012325589013643681,0.00016191330177520104,-0.040000000000000036,-0.020000000000000462,0.09000015258789418
2026-07-28,62.302127838134766,1028.3037109375,357.3099975585937,7428.77978515625,4.61,4.26,18.209999084472656,0.0031113403646732428,0.007855719843240358,-0.014306825638986035,0.0021020963754603476,-0.040000000000000036,-0.04999999999999982,-0.46000099182128906
2026-07-29,60.7599983215332,975.9700927734376,344.7099914550781,7316.14990234375,4.67,4.22,20.65999984741211,-0.0359002864431332,-0.025063929812325778,-0.052233897743429854,-0.015277397157074194,0.05999999999999961,-0.040000000000000036,2.450000762939453
2026-07-30,61.416648864746094,1019.8650512695312,350.8500061035156,7437.6298828125,4.68,4.23,17.09000015258789,0.017655340047404072,0.010749302443378054,0.04399365155518487,0.016468013977056842,0.009999999999999787,0.010000000000000675,-3.5699996948242188
2026-07-31,61.63553237915039,1013.4166870117188,351.7900085449219,7489.72021484375,4.75,4.28,15.989999771118164,0.0026756318530101815,0.0035575760307065816,-0.006342835579913366,0.006979208383378553,0.07000000000000028,0.04999999999999982,-1.1000003814697266
2026-08-03,62.162841796875,1022.054443359375,352.6400146484375,7600.5,4.7,4.25,15.859999656677246,0.0024133171161717596,0.008518893890204646,0.008487281464898447,0.014682592263996739,-0.04999999999999982,-0.03000000000000025,-0.13000011444091797
2026-08-04,62.580711364746094,1047.8480224609375,357.5199890136719,7736.52001953125,4.63,4.2,16.5,0.013743525832079776,0.006699682994615556,0.024923796895696668,0.01773794201518698,-0.07000000000000028,-0.04999999999999982,0.6400003433227539
2026-08-05,62.928932189941406,1055.2119140625,359.239990234375,7723.5498046875,4.63,4.18,15.8100004196167,0.004799387722696735,0.005548923713352961,0.007003054519866007,-0.0016778990048803989,0.0,-0.020000000000000462,-0.6899995803833008
2026-08-06,62.68020248413086,1027.54736328125,356.29998779296875,7709.9599609375,4.69,4.25,15.149999618530272,-0.008217623267376415,-0.003960381250271791,-0.026566851190293846,-0.0017610831844068816,0.0600000000000005,0.07000000000000028,-0.6600008010864276
2026-08-07,62.84933471679688,1034.543212890625,357.5199890136719,7757.64013671875,4.65,4.19,14.899999618530272,0.003418235544679512,0.0026947018013820582,0.0067852271190538115,0.006165187424711444,-0.040000000000000036,-0.05999999999999961,-0.25
2026-08-10,63.53583526611328,1029.468017578125,359.7900085449219,7753.10986328125,4.72,4.25,15.460000038146973,0.00632927776556017,0.010863731894607816,-0.004917808068231499,-0.0005841462941922488,0.0699999999999994,0.05999999999999961,0.560000419616701
2026-08-11,63.67512512207031,1029.3685302734375,362.0400085449219,7728.2001953125,4.7,4.22,15.279999732971191,0.0062341748996310705,0.002189904253498135,-9.664419923843179e-05,-0.003218033793131793,-0.019999999999999574,-0.03000000000000025,-0.18000030517578125
2026-08-12,64.48101043701172,1032.1549072265625,365.1799926757813,7748.5,4.68,4.2,14.550000190734863,0.00863563609100662,0.012576782750270483,0.002703222868299147,0.0026232744800285084,-0.020000000000000462,-0.019999999999999574,-0.7299995422363281
2026-08-13,63.76466369628906,1037.5484619140625,363.1099853515625,7798.990234375,4.63,4.15,14.630000114440918,-0.005684584330251147,-0.011171592271186312,0.005211922613824377,0.006494991938585417,-0.04999999999999982,-0.04999999999999982,0.07999992370605469
2026-08-14,64.16263580322266,1034.3541259765625,362.8399963378906,7785.759765625,4.68,4.17,14.25,-0.0007438226680347212,0.006221868081885693,-0.0030834832555479337,-0.001697874130592273,0.04999999999999982,0.019999999999999574,-0.38000011444091797
2026-08-17,63.56568145751953,1046.186279296875,360.9599914550781,7745.06005859375,4.72,4.19,15.1899995803833,-0.005194830456966727,-0.009347319450262757,0.01137423801408913,-0.005241165715609593,0.040000000000000036,0.020000000000000462,0.9399995803833008
2026-08-18,63.90396118164063,1035.39892578125,363.25,7691.759765625,4.71,4.19,15.84000015258789,0.006324177253519808,0.005307624799966176,-0.010364649075404245,-0.006905632816841959,-0.009999999999999787,0.0,0.6500005722045898
2026-08-19,62.84933471679688,1016.6707763671876,357.260009765625,7707.97998046875,4.65,4.19,14.890000343322754,-0.016627467094870084,-0.0166410000587792,-0.018253443722154976,0.002106557787261324,-0.05999999999999961,0.0,-0.9499998092651367
2026-08-20,61.545989990234375,997.0667724609376,351.54998779296875,7641.16015625,4.69,4.19,16.010000228881836,-0.0161119214338094,-0.020955649661306957,-0.019470882153256205,-0.008706708745809217,0.040000000000000036,0.0,1.119999885559082
2026-08-21,61.37685012817383,1034.21484375,351.5799865722656,7674.3701171875,4.74,4.24,15.130000114440918,8.532925748808621e-05,-0.0027519697501898234,0.03658007164027133,0.004336776121311056,0.04999999999999982,0.04999999999999982,-0.880000114440918
2026-08-24,62.01360321044922,1031.2294921875,356.3900146484375,7652.85986328125,4.7,4.24,15.850000381469728,0.013588434764686118,0.010321037284220772,-0.00289076165305572,-0.002806804367835632,-0.040000000000000036,0.0,0.7200002670288104
2026-08-25,62.113094329833984,1053.71923828125,356.69000244140625,7677.27978515625,4.64,4.17,15.449999809265137,0.0008413861094876803,0.0016030578862126492,0.021574265186776114,0.003185873461008087,-0.0600000000000005,-0.07000000000000028,-0.4000005722045916
2026-08-26,61.91410827636719,1035.3890380859375,356.5,7675.7001953125,4.66,4.19,15.210000038146973,-0.0005328241990241309,-0.0032087513064373283,-0.017548798992209316,-0.0002057698051235618,0.020000000000000462,0.020000000000000462,-0.23999977111816406
2026-08-27,60.85948944091797,1035.7969970703125,354.2200012207031,7730.990234375,4.67,4.2,14.510000228881836,-0.006416047379692194,-0.017180318819897438,0.0003939375630446192,0.007177437188466142,0.009999999999999787,0.009999999999999787,-0.6999998092651367
2026-08-28,62.00365447998047,1028.9505615234375,357.6199951171875,7711.759765625,4.73,4.34,14.43000030517578,0.009552764018764634,0.018625571174493687,-0.006631765332013317,-0.0024905510599212474,0.0600000000000005,0.13999999999999968,-0.07999992370605646
2026-08-31,61.625579833984375,1020.9000244140624,356.0199890136719,7686.14013671875,4.75,4.34,14.920000076293944,-0.004484078302875302,-0.006116285144169798,-0.007854795423892313,-0.003327681399441783,0.019999999999999574,0.0,0.48999977111816406
2026-09-01,61.675331115722656,1002.5599975585938,354.95001220703125,7631.47021484375,4.79,4.39,16.34000015258789,-0.0030099093143061972,0.0008069897303279452,-0.01812788876056926,-0.007138209258204404,0.040000000000000036,0.04999999999999982,1.420000076293947
2026-09-02,62.28223037719727,1004.4199829101562,356.2200012207031,7666.60009765625,4.79,4.39,15.199999809265137,0.0035715520612211596,0.009792127298628503,0.0018535171273910231,0.004592728866435999,0.0,0.0,-1.140000343322754
2026-09-03,62.71999740600586,1037.9300537109375,362.05999755859375,7747.7099609375,4.77,4.34,14.31999969482422,0.016261416267236626,0.0070041762655404845,0.03281815336433936,0.010524066479573884,-0.020000000000000462,-0.04999999999999982,-0.8800001144409162
