Date,BAC,GS,JPM,^GSPC
2015-01-02,13.979469299316406,154.11781311035156,46.06678771972656,2058.199951171875
2015-01-05,13.573362350463867,149.30587768554688,44.63664245605469,2020.5799560546875
2015-01-06,13.167254447937012,146.28543090820312,43.47925567626953,2002.6099853515625
2015-01-07,13.22973346710205,148.46554565429688,43.54560470581055,2025.9000244140625
2015-01-08,13.503080368041992,150.83587646484375,44.5186882019043,2062.139892578125
2015-01-09,13.260974884033203,148.52102661132812,43.74463653564453,2044.81005859375
2015-01-12,13.026683807373047,146.7135467529297,43.36869812011719,2028.260009765625
2015-01-13,12.847057342529297,146.60263061523438,43.37605285644531,2023.030029296875
2015-01-14,12.52685832977295,142.87664794921875,41.879581451416016,2011.27001953125
2015-01-15,11.87083625793457,141.49729919433594,40.53789520263672,1992.6700439453125
2015-01-16,12.011411666870117,140.49847412109375,41.2308464050293,2019.4200439453125
2015-01-20,11.917695999145508,139.2300262451172,41.06866455078125,2022.550048828125
2015-01-21,12.03484058380127,140.4349822998047,41.20135498046875,2032.1199951171875
2015-01-22,12.565906524658203,144.31155395507812,42.45457077026367,2063.14990234375
2015-01-23,12.284749031066895,143.08277893066406,41.78373336791992,2051.820068359375
2015-01-26,12.378474235534668,143.0272674560547,41.850074768066406,2057.090087890625
2015-01-27,12.206655502319336,139.91180419921875,41.42988586425781,2029.550048828125
2015-01-28,11.87083625793457,137.18479919433594,40.360965728759766,2002.1600341796875
2015-01-29,12.050461769104004,139.51544189453125,41.0391845703125,2021.25
2015-01-30,11.831785202026367,136.6773681640625,40.08820724487305,1994.989990234375
2015-02-02,12.073888778686523,139.11903381347656,40.89175033569336,2020.8499755859375
2015-02-03,12.409711837768555,142.88461303710938,41.813228607177734,2050.030029296875
2015-02-04,12.331610679626465,141.72715759277344,41.56256866455078,2041.510009765625
2015-02-05,12.472187042236328,143.3047637939453,41.850074768066406,2062.52001953125
2015-02-06,12.8782958984375,145.4134979248047,42.67573165893555,2055.469970703125
2015-02-09,12.768959999084473,144.4542694091797,42.62413024902344,2046.739990234375
2015-02-10,12.823626518249512,146.3092498779297,43.09592056274414,2068.590087890625
2015-02-11,12.776769638061523,148.7588348388672,43.02958297729492,2068.530029296875
2015-02-12,13.01887035369873,150.4473876953125,43.91419982910156,2088.47998046875
2015-02-13,12.97201156616211,149.82908630371094,43.987918853759766,2096.989990234375
2015-02-17,12.987630844116211,150.6376953125,44.3049201965332,2100.340087890625
2015-02-18,12.729907035827637,149.5674591064453,43.76677703857422,2099.679931640625
2015-02-19,12.659618377685547,149.91627502441406,43.66356658935547,2097.449951171875
2015-02-20,12.792386054992676,151.81883239746094,44.08375930786133,2110.300048828125
2015-02-23,12.651814460754395,150.8675079345703,43.75201416015625,2109.659912109375
2015-02-24,12.792386054992676,152.38168334960938,44.8356819152832,2115.47998046875
2015-02-25,12.8782958984375,151.9852752685547,45.07158660888672,2113.860107421875
2015-02-26,12.52685832977295,152.84417724609375,45.39594650268555,2110.739990234375
2015-02-27,12.3472318649292,150.92771911621094,45.17478942871094,2104.5
2015-03-02,12.503427505493164,152.51809692382812,45.536014556884766,2117.389892578125
2015-03-03,12.52685832977295,152.10462951660156,45.68345260620117,2107.780029296875
2015-03-04,12.409342765808105,150.8322296142578,45.80139923095703,2098.530029296875
2015-03-05,12.534689903259277,151.15826416015625,45.70556640625,2101.0400390625
2015-03-06,12.707042694091797,148.63742065429688,44.88728713989258,2071.260009765625
2015-03-09,12.66787052154541,149.44851684570312,45.336971282958984,2079.429931640625
2015-03-10,12.370171546936035,145.29739379882812,44.20171356201172,2044.1600341796875
2015-03-11,12.620863914489746,146.46636962890625,44.40811538696289,2040.239990234375
2015-03-12,12.60519790649414,151.0548553466797,45.24113464355469,2065.949951171875
2015-03-13,12.60519790649414,150.56983947753906,44.968387603759766,2053.39990234375
2015-03-16,12.63653564453125,152.6055908203125,45.59498977661133,2081.18994140625
2015-03-17,12.60519790649414,151.54798889160156,45.418052673339844,2074.280029296875
2015-03-18,12.519021034240723,152.93963623046875,45.52126693725586,2099.5
2015-03-19,12.229156494140625,151.07080078125,45.115821838378906,2089.27001953125
2015-03-20,12.409342765808105,153.58372497558594,45.52126693725586,2108.10009765625
2015-03-23,12.315332412719727,152.65333557128906,45.07158660888672,2104.419921875
2015-03-24,12.229156494140625,152.112548828125,44.5703010559082,2091.5
2015-03-25,12.072474479675293,148.98727416992188,43.943702697753906,2061.050048828125
2015-03-26,12.08031177520752,148.8998565673828,43.892086029052734,2056.14990234375
2015-03-27,11.994134902954102,149.5518798828125,43.89945983886719,2061.02001953125
2015-03-30,12.158652305603027,151.9058074951172,44.93889617919922,2086.239990234375
2015-03-31,12.056805610656738,149.4803466796875,44.65875244140625,2067.889892578125
2015-04-01,12.072474479675293,152.86801147460938,44.488094329833984,2059.68994140625
2015-04-02,12.17431640625,152.32728576660156,44.91106414794922,2066.9599609375
2015-04-06,12.1508150100708,152.7248992919922,44.87396240234375,2080.6201171875
2015-04-07,12.111644744873047,152.99525451660156,45.15596008300781,2076.330078125
2015-04-08,12.229156494140625,153.1305389404297,45.304378509521484,2081.89990234375
2015-04-09,12.307500839233398,154.98338317871094,45.616050720214844,2091.179931640625
2015-04-10,12.315332412719727,155.57974243164062,45.7867431640625,2102.06005859375
2015-04-13,12.378005027770996,155.53208923339844,46.061302185058594,2092.429931640625
2015-04-14,12.393675804138184,157.2339324951172,46.781124114990234,2095.840087890625
2015-04-15,12.252660751342773,159.92178344726562,47.64936828613281,2106.6298828125
2015-04-16,12.370171546936035,159.21401977539062,47.3525390625,2104.989990234375
2015-04-17,12.189986228942871,156.9396209716797,46.63270950317383,2081.179931640625
2015-04-20,12.197818756103516,157.53611755371094,46.92955017089844,2100.39990234375
2015-04-21,12.142984390258789,156.53407287597656,46.23940658569336,2097.2900390625
2015-04-22,12.331001281738281,157.71107482910156,46.7069206237793,2107.9599609375
2015-04-23,12.291829109191895,158.498291015625,46.60304260253906,2112.929931640625
2015-04-24,12.252660751342773,157.44857788085938,46.45460891723633,2117.68994140625
2015-04-27,12.189986228942871,156.2795867919922,46.261661529541016,2108.919921875
2015-04-28,12.26049518585205,157.05096435546875,46.57334518432617,2114.760009765625
2015-04-29,12.519021034240723,157.90187072753906,47.19667434692383,2106.85009765625
2015-04-30,12.479850769042969,156.2000732421875,46.944393157958984,2085.510009765625
2015-05-01,12.620863914489746,157.08277893066406,47.20411682128906,2108.2900390625
2015-05-04,12.87939167022705,158.4903106689453,48.027835845947266,2114.489990234375
2015-05-05,12.808887481689453,156.8919219970703,47.790374755859375,2089.4599609375
2015-05-06,12.761880874633789,156.06484985351562,47.43415069580078,2080.14990234375
2015-05-07,12.722712516784668,156.97142028808594,47.86457443237305,2088.0
2015-05-08,12.887229919433594,159.44459533691406,48.59923553466797,2116.10009765625
2015-05-11,12.91856575012207,160.4228057861328,48.56953811645508,2105.330078125
2015-05-12,12.87155818939209,159.4684600830078,48.502769470214844,2099.1201171875
2015-05-13,12.902898788452148,160.1841583251953,48.621498107910156,2098.47998046875
2015-05-14,12.942066192626953,161.13052368164062,49.014808654785156,2121.10009765625
2015-05-15,12.808887481689453,161.4088134765625,48.88865280151367,2122.72998046875
2015-05-18,12.934232711791992,162.7528076171875,49.28937911987305,2129.199951171875
2015-05-19,13.137925148010254,163.3412322998047,49.72721862792969,2127.830078125
2015-05-20,13.114418983459473,163.0868377685547,49.33390808105469,2125.85009765625
2015-05-21,13.106584548950195,162.98342895507812,49.460052490234375,2130.820068359375
2015-05-22,13.122254371643066,165.2498321533203,49.32648849487305,2126.06005859375
2015-05-26,12.926401138305664,164.12060546875,48.77734375,2104.199951171875
2015-05-27,13.114418983459473,166.25184631347656,49.32648849487305,2123.47998046875
2015-05-28,13.059579849243164,166.30767822265625,49.12610626220703,2120.7900390625
2015-05-29,12.926401138305664,164.48094177246094,48.8144416809082,2107.389892578125
2015-06-01,12.965569496154785,165.77325439453125,49.03707504272461,2111.72998046875
2015-06-02,13.098749160766602,164.67234802246094,48.99253463745117,2109.60009765625
2015-06-03,13.303048133850098,166.1561279296875,49.497161865234375,2114.070068359375
2015-06-04,13.185188293457031,166.61883544921875,49.22258758544922,2095.840087890625
2015-06-05,13.507349967956543,167.87916564941406,50.0314826965332,2092.830078125
2015-06-08,13.420917510986328,167.35264587402344,49.638145446777344,2079.280029296875
2015-06-09,13.601645469665527,166.7384490966797,49.853370666503906,2080.14990234375
2015-06-10,13.821657180786133,170.0170440673828,50.654815673828125,2105.199951171875
2015-06-11,13.74307918548584,170.6632080078125,50.84775924682617,2108.860107421875
2015-06-12,13.74307918548584,169.96124267578125,50.64738845825195,2094.110107421875
2015-06-15,13.72736930847168,168.92417907714844,50.45446014404297,2084.429931640625
2015-06-16,13.790221214294434,170.3600616455078,50.73645782470703,2096.2900390625
2015-06-17,13.648784637451172,169.8574981689453,50.565765380859375,2100.43994140625
2015-06-18,13.656643867492676,171.18971252441406,51.04069900512695,2121.239990234375
2015-06-19,13.491634368896484,170.0648956298828,50.521240234375,2109.989990234375
2015-06-22,13.72736930847168,172.71331787109375,51.17427062988281,2122.85009765625
2015-06-23,13.884517669677734,174.22105407714844,51.76051712036133,2124.199951171875
2015-06-24,13.74307918548584,171.0541229248047,51.21881103515625,2108.580078125
2015-06-25,13.648784637451172,169.7698211669922,50.9442253112793,2102.31005859375
2015-06-26,13.680213928222656,170.04898071289062,51.1668586730957,2101.489990234375
2015-06-29,13.271617889404297,165.64556884765625,49.868202209472656,2057.639892578125
2015-06-30,13.373771667480469,166.55494689941406,50.28376770019531,2063.110107421875
2015-07-01,13.530923843383789,167.47232055664062,50.843963623046875,2077.419921875
2015-07-02,13.381628036499023,166.88206481933594,50.43316650390625,2076.780029296875
2015-07-06,13.31091022491455,165.95672607421875,50.291255950927734,2068.760009765625
2015-07-07,13.11446475982666,166.09230041503906,49.89537811279297,2081.340087890625
2015-07-08,12.76872730255127,162.7817840576172,48.872047424316406,2046.6800537109375
2015-07-09,12.949453353881836,163.38011169433594,49.37998580932617,2051.31005859375
2015-07-10,13.122325897216797,165.27865600585938,50.08211135864258,2076.6201171875
2015-07-13,13.373771667480469,167.6159210205078,50.85890579223633,2099.60009765625
2015-07-14,13.46020221710205,169.24325561523438,51.56851577758789,2108.949951171875
2015-07-15,13.892374038696289,169.8814697265625,51.6805534362793,2107.39990234375
2015-07-16,14.104537010192871,168.46151733398438,51.9569206237793,2124.2900390625
2015-07-17,14.22240161895752,169.4825897216797,51.69547653198242,2126.639892578125
2015-07-20,14.238118171691895,169.42669677734375,51.73283767700195,2128.280029296875
2015-07-21,14.206683158874512,168.716796875,51.61333084106445,2119.2099609375
2015-07-22,14.497421264648438,170.11279296875,52.345333099365234,2114.14990234375
2015-07-23,14.285259246826172,168.35780334472656,52.01668167114258,2102.14990234375
2015-07-24,14.065244674682617,165.40628051757812,51.47139358520508,2079.64990234375
2015-07-27,13.884517669677734,163.5476531982422,50.799171447753906,2067.639892578125
2015-07-28,14.049530982971191,164.52081298828125,50.829044342041016,2093.25
2015-07-29,14.269543647766113,164.99942016601562,51.493804931640625,2108.570068359375
2015-07-30,14.245969772338867,165.2865753173828,51.56851577758789,2108.6298828125
2015-07-31,14.049530982971191,163.58746337890625,51.18756866455078,2103.840087890625
2015-08-03,13.963093757629395,163.2843017578125,51.18756866455078,2098.0400390625
2015-08-04,13.986663818359375,163.66722106933594,51.135292053222656,2093.320068359375
2015-08-05,14.04167366027832,164.09002685546875,51.336952209472656,2099.840087890625
2015-08-06,13.994528770446777,163.60340881347656,50.978424072265625,2083.56005859375
2015-08-07,13.947382926940918,162.2871856689453,50.829044342041016,2077.570068359375
2015-08-10,14.175248146057129,164.30543518066406,51.45647048950195,2104.179931640625
2015-08-11,13.978811264038086,160.89918518066406,50.96348571777344,2084.070068359375
2015-08-12,13.766654014587402,160.44442749023438,50.2240104675293,2086.050048828125
2015-08-13,13.845232009887695,160.13339233398438,50.45558547973633,2083.389892578125
2015-08-14,13.908092498779297,161.15444946289062,50.70952606201172,2091.5400390625
2015-08-17,13.963093757629395,161.5932159423828,50.843963623046875,2102.43994140625
2015-08-18,13.90023422241211,160.48435974121094,50.94854736328125,2096.919921875
2015-08-19,13.719508171081543,160.30087280273438,50.492916107177734,2079.610107421875
2015-08-20,13.138035774230957,156.95046997070312,49.25300216674805,2035.72998046875
2015-08-21,12.650866508483887,149.76307678222656,47.50515365600586,1970.8900146484375
2015-08-24,12.01439094543457,143.15802001953125,45.002933502197266,1893.2099609375
2015-08-25,11.990818977355957,142.16879272460938,44.74898910522461,1867.6099853515625
2015-08-26,12.619430541992188,147.0987091064453,46.98979187011719,1940.510009765625
2015-08-27,12.918022155761719,150.9357452392578,48.1624755859375,1987.6600341796875
2015-08-28,12.855165481567383,150.28729248046875,47.901039123535156,1988.8699951171875
2015-08-31,12.839447975158691,150.96774291992188,47.87863540649414,1972.1800537109375
2015-09-01,12.242264747619629,145.78070068359375,45.89925765991211,1913.8499755859375
2015-09-02,12.494521141052246,147.69384765625,46.73582077026367,1948.8599853515625
2015-09-03,12.565464973449707,148.1340789794922,46.8179931640625,1951.1300048828125
2015-09-04,12.336857795715332,144.3878936767578,45.93660354614258,1921.219970703125
2015-09-08,12.7388916015625,148.79046630859375,47.17650604248047,1969.4100341796875
2015-09-09,12.533934593200684,148.63037109375,46.44451904296875,1942.0400390625
2015-09-10,12.644292831420898,148.81451416015625,46.803043365478516,1952.2900390625
2015-09-11,12.644292831420898,148.30215454101562,46.728355407714844,1961.050048828125
2015-09-14,12.581232070922852,147.23756408691406,46.59391403198242,1953.030029296875
2015-09-15,12.857134819030762,150.04718017578125,47.49022674560547,1978.0899658203125
2015-09-16,12.872905731201172,150.99974060058594,47.90852737426758,1995.31005859375
2015-09-17,12.502401351928711,149.24671936035156,46.79558181762695,1990.199951171875
2015-09-18,12.265913963317871,144.83612060546875,45.518310546875,1958.030029296875
2015-09-21,12.376276016235352,146.76527404785156,45.89925765991211,1966.969970703125
2015-09-22,12.27379322052002,143.85958862304688,45.495906829833984,1942.739990234375
2015-09-23,12.392040252685547,143.6114501953125,45.29423522949219,1938.760009765625
2015-09-24,12.258028984069824,141.61026000976562,44.98052978515625,1932.239990234375
2015-09-25,12.52605152130127,143.94766235351562,45.9141960144043,1931.3399658203125
2015-09-28,12.194968223571777,138.4964599609375,44.80126953125,1881.77001953125
2015-09-29,12.100370407104492,137.56797790527344,44.696685791015625,1884.0899658203125
2015-09-30,12.281679153442383,139.08877563476562,45.54072570800781,1920.030029296875
2015-10-01,12.258028984069824,140.8978729248047,45.8768424987793,1923.8199462890625
2015-10-02,12.12402057647705,141.6903076171875,45.74895095825195,1951.3599853515625
2015-10-05,12.368391036987305,144.64402770996094,46.65925979614258,1987.050048828125
2015-10-06,12.368391036987305,144.33987426757812,46.68183898925781,1979.9200439453125
2015-10-07,12.415689468383789,145.86878967285156,46.74202346801758,1995.8299560546875
2015-10-08,12.415689468383789,144.94020080566406,46.74202346801758,2013.4300537109375
2015-10-09,12.281679153442383,143.43531799316406,46.59156036376953,2014.8900146484375
2015-10-12,12.234379768371582,144.267822265625,46.433570861816406,2017.4599609375
2015-10-13,12.234379768371582,144.86021423339844,46.305667877197266,2003.68994140625
2015-10-14,12.328978538513184,143.6914825439453,45.13204574584961,1994.239990234375
2015-10-15,12.762542724609375,148.05406188964844,46.56147003173828,2023.8599853515625
2015-10-16,12.707361221313477,148.2301788330078,46.967716217041016,2033.1099853515625
2015-10-19,12.723124504089355,148.6784210205078,46.80973434448242,2033.6600341796875
2015-10-20,12.770424842834473,148.49423217773438,47.035423278808594,2030.77001953125
2015-10-21,12.533934593200684,143.8435821533203,46.689361572265625,2018.93994140625
2015-10-22,12.7388916015625,146.9333953857422,47.53948211669922,2052.510009765625
2015-10-23,13.022679328918457,148.4862823486328,48.051063537597656,2075.14990234375
2015-10-26,13.014796257019043,149.69500732421875,48.07363510131836,2071.179931640625
2015-10-27,12.928081512451172,149.13470458984375,47.87802505493164,2065.889892578125
2015-10-28,13.621783256530762,153.14501953125,49.27735900878906,2090.35009765625
2015-10-29,13.47200870513916,152.00030517578125,49.0591926574707,2089.409912109375
2015-10-30,13.227639198303223,150.0872344970703,48.336952209472656,2079.360107421875
2015-11-02,13.448357582092285,151.8322296142578,49.30746078491211,2104.050048828125
2015-11-03,13.542957305908203,152.64068603515625,49.488006591796875,2109.7900390625
2015-11-04,13.40894603729248,153.40914916992188,49.54068374633789,2102.31005859375
2015-11-05,13.64543628692627,153.70533752441406,49.98455047607422,2099.929931640625
2015-11-06,14.149947166442871,159.4286346435547,51.50425720214844,2099.199951171875
2015-11-09,13.937102317810059,157.49949645996094,50.69925308227539,2078.580078125
2015-11-10,14.071111679077148,158.3400115966797,50.91743469238281,2081.719970703125
2015-11-11,13.992287635803223,158.00376892089844,50.669166564941406,2075.0
2015-11-12,13.692728042602539,154.30563354492188,49.65352249145508,2045.969970703125
2015-11-13,13.558721542358398,152.40052795410156,49.32249069213867,2023.0400390625
2015-11-16,13.740032196044922,153.81739807128906,50.037208557128906,2053.18994140625
2015-11-17,13.732149124145508,152.5446319580078,49.7513313293457,2050.43994140625
2015-11-18,14.063225746154785,155.01809692382812,50.7443962097168,2083.580078125
2015-11-19,13.944987297058105,154.5137481689453,50.90238571166992,2081.239990234375
2015-11-20,13.913454055786133,153.2650604248047,50.81209945678711,2089.169921875
2015-11-23,13.771565437316895,151.43997192382812,50.3155632019043,2086.590087890625
2015-11-24,13.771565437316895,151.02378845214844,50.24034118652344,2089.139892578125
2015-11-25,13.74791145324707,151.4080047607422,50.300537109375,2088.8701171875
2015-11-27,13.77944564819336,152.46461486816406,50.53374481201172,2090.110107421875
2015-11-30,13.740032196044922,152.62521362304688,50.16510009765625,2080.409912109375
2015-12-01,14.03958511352539,155.07501220703125,50.86476516723633,2102.6298828125
2015-12-02,13.928912162780762,152.81800842285156,50.150062561035156,2079.510009765625
2015-12-03,13.675945281982422,148.75379943847656,49.5030632019043,2049.6201171875
2015-12-04,14.071198463439941,152.60110473632812,51.07541275024414,2091.68994140625
2015-12-07,13.865674018859863,148.98672485351562,50.40585708618164,2077.070068359375
2015-12-08,13.588988304138184,146.92245483398438,49.62342834472656,2063.590087890625
2015-12-09,13.517837524414062,145.14739990234375,49.247276306152344,2047.6199951171875
2015-12-10,13.596894264221191,146.27186584472656,49.360107421875,2052.22998046875
2015-12-11,13.225350379943848,141.81407165527344,48.201534271240234,2012.3699951171875
2015-12-14,13.280685424804688,141.68553161621094,48.35200500488281,2021.93994140625
2015-12-15,13.7708101272583,146.19154357910156,49.728763580322266,2043.4100341796875
2015-12-16,14.031681060791016,149.56500244140625,50.80458450317383,2073.070068359375
2015-12-17,13.675945281982422,146.67347717285156,49.864166259765625,2041.8900146484375
2015-12-18,13.249067306518555,140.9546356201172,48.44980239868164,2005.550048828125
2015-12-21,13.415077209472656,142.7698516845703,49.30746078491211,2021.1500244140625
2015-12-22,13.502033233642578,144.6172332763672,49.412784576416016,2038.969970703125
2015-12-23,13.707563400268555,146.9466094970703,50.202735900878906,2064.2900390625
2015-12-24,13.652230262756348,146.56097412109375,50.10491943359375,2060.989990234375
2015-12-28,13.541556358337402,145.8782958984375,49.93940734863281,2056.5
2015-12-29,13.660133361816406,147.41241455078125,50.45850372314453,2078.360107421875
2015-12-30,13.478317260742188,146.19154357910156,50.097389221191406,2063.360107421875
2015-12-31,13.304401397705078,144.7618408203125,49.67607879638672,2043.93994140625
2016-01-04,12.988197326660156,142.27993774414062,48.18407440185547,2012.6600341796875
2016-01-05,12.988197326660156,139.83016967773438,48.26738357543945,2016.7099609375
2016-01-06,12.71151065826416,136.41653442382812,47.57060623168945,1990.260009765625
2016-01-07,12.253015518188477,132.2238006591797,45.646873474121094,1943.0899658203125
2016-01-08,12.015861511230469,131.6776123046875,44.62441635131836,1922.030029296875
2016-01-11,12.10282039642334,133.11537170410156,44.556243896484375,1923.6700439453125
2016-01-12,12.10282039642334,133.09934997558594,44.654720306396484,1938.6800537109375
2016-01-13,11.778702735900879,127.70176696777344,43.427764892578125,1890.280029296875
2016-01-14,11.849853515625,129.6294403076172,44.079105377197266,1921.8399658203125
2016-01-15,11.430879592895508,124.98690032958984,43.200557708740234,1880.3299560546875
2016-01-19,11.256963729858398,125.95879364013672,43.177825927734375,1881.3299560546875
2016-01-20,10.82218074798584,123.49295043945312,42.04176330566406,1859.3299560546875
2016-01-21,10.561302185058594,121.80621337890625,41.8448486328125,1868.989990234375
2016-01-22,10.71941089630127,125.99090576171875,43.13238525390625,1906.9000244140625
2016-01-25,10.245099067687988,121.38048553466797,42.15538024902344,1877.0799560546875
2016-01-26,10.521782875061035,124.0551986694336,43.2308349609375,1903.6300048828125
2016-01-27,10.561302185058594,123.46883392333984,43.200557708740234,1882.949951171875
2016-01-28,10.695694923400879,126.1515884399414,43.38232421875,1893.3599853515625
2016-01-29,11.177912712097168,129.76597595214844,45.06368637084961,1940.239990234375
2016-02-01,11.03561782836914,128.23187255859375,44.5789680480957,1939.3800048828125
2016-02-02,10.458539962768555,121.84635925292969,43.19297409057617,1903.030029296875
2016-02-03,10.300439834594727,122.63356018066406,43.480777740478516,1912.530029296875
2016-02-04,10.474350929260254,125.6937255859375,44.230587005615234,1915.449951171875
2016-02-05,10.237197875976562,125.67767333984375,43.73828887939453,1880.050048828125
2016-02-08,9.6996431350708,119.87850189208984,42.821876525878906,1853.43994140625
2016-02-09,9.644312858581543,119.07533264160156,42.56436538696289,1852.2099609375
2016-02-10,9.470394134521484,118.25604248046875,42.04935073852539,1851.8599853515625
2016-02-11,8.822172164916992,113.00308990478516,40.19377899169922,1829.0799560546875
2016-02-12,9.446682929992676,117.37249755859375,43.5413703918457,1864.780029296875
2016-02-16,9.683835983276367,119.69379425048828,44.19271469116211,1895.5799560546875
2016-02-17,9.928893089294434,121.23596954345703,44.510807037353516,1926.8199462890625
2016-02-18,9.675928115844727,118.65763092041016,43.78374099731445,1917.8299560546875
2016-02-19,9.588973045349121,117.9990463256836,43.791316986083984,1917.780029296875
2016-02-22,9.913084030151367,119.5090560913086,44.35932540893555,1945.5
2016-02-23,9.612688064575195,116.39261627197266,42.50376892089844,1921.27001953125
2016-02-24,9.588973045349121,116.91468811035156,42.5189208984375,1929.800048828125
2016-02-25,9.73917007446289,119.07533264160156,43.177825927734375,1951.699951171875
2016-02-26,10.03956413269043,120.68173217773438,43.579246520996094,1948.050048828125
2016-02-29,9.897273063659668,120.62525939941406,42.64009094238281,1932.22998046875
2016-03-01,10.426920890808105,124.75552368164062,44.83647918701172,1978.3499755859375
2016-03-02,10.641170501708984,124.39253997802734,45.260616302490234,1986.449951171875
2016-03-03,10.712593078613281,125.30409240722656,45.41209411621094,1993.4000244140625
2016-03-04,10.744332313537598,126.52217102050781,45.48024368286133,1999.989990234375
2016-03-07,10.736394882202148,125.32025146484375,45.39693069458008,2001.760009765625
2016-03-08,10.363438606262207,122.29512023925781,44.51838684082031,1979.260009765625
2016-03-09,10.426920890808105,120.93179321289062,44.77589416503906,1989.260009765625
2016-03-10,10.53007698059082,121.82722473144531,44.3896369934082,1989.5699462890625
2016-03-11,10.94271183013916,124.1827392578125,44.9425163269043,2022.18994140625
2016-03-14,10.82368278503418,123.81976318359375,44.77589416503906,2019.6400146484375
2016-03-15,10.768136978149414,122.64200592041016,44.83647918701172,2015.9300537109375
2016-03-16,10.561819076538086,121.44001770019531,44.62441635131836,2027.219970703125
2016-03-17,10.633234024047852,123.35185241699219,44.49566650390625,2040.5899658203125
2016-03-18,10.94271183013916,127.13529205322266,45.8059196472168,2049.580078125
2016-03-21,10.982388496398926,126.0784912109375,45.790767669677734,2051.60009765625
2016-03-22,10.918907165527344,124.39253997802734,45.6241455078125,2049.800048828125
2016-03-23,10.807808876037598,124.29571533203125,45.39693069458008,2036.7099609375
2016-03-24,10.855422019958496,123.42448425292969,45.04854965209961,2035.93994140625
2016-03-28,10.807808876037598,124.10211181640625,44.987953186035156,2037.050048828125
2016-03-29,10.649105072021484,125.06211853027344,44.70772933959961,2055.010009765625
2016-03-30,10.696720123291016,126.2479476928711,45.22273635864258,2063.949951171875
2016-03-31,10.728460311889648,126.63510131835938,44.85163497924805,2059.739990234375
2016-04-01,10.760199546813965,128.92616271972656,45.343929290771484,2072.780029296875
2016-04-04,10.720525741577148,127.27247619628906,45.16844177246094,2066.1298828125
2016-04-05,10.466595649719238,125.32025146484375,44.527530670166016,2045.1700439453125
2016-04-06,10.53007698059082,125.19114685058594,44.87086868286133,2066.659912109375
2016-04-07,10.196794509887695,121.33514404296875,43.73402786254883,2041.9100341796875
2016-04-08,10.220601081848145,121.2302474975586,44.05448532104492,2047.5999755859375
2016-04-11,10.292023658752441,122.77911376953125,44.40544891357422,2041.989990234375
2016-04-12,10.53007698059082,124.48127746582031,45.2294807434082,2061.719970703125
2016-04-13,10.94271183013916,128.95034790039062,47.144554138183594,2082.419921875
2016-04-14,11.220443725585938,129.805419921875,47.75492858886719,2082.780029296875
2016-04-15,11.10935115814209,127.87748718261719,47.205589294433594,2080.72998046875
2016-04-18,11.24425220489502,128.28085327148438,47.51079559326172,2094.340087890625
2016-04-19,11.466435432434082,131.20913696289062,48.311920166015625,2100.800048828125
2016-04-20,11.847326278686523,134.70213317871094,49.01385498046875,2102.39990234375
2016-04-21,11.823526382446289,133.36294555664062,48.525543212890625,2091.47998046875
2016-04-22,11.990163803100586,134.5165557861328,48.80785369873047,2091.580078125
2016-04-25,11.871133804321289,133.1774444580078,48.525543212890625,2087.7900390625
2016-04-26,11.974296569824219,133.78245544433594,48.777339935302734,2091.699951171875
2016-04-27,11.918750762939453,134.65367126464844,48.91468048095703,2095.14990234375
2016-04-28,11.736236572265625,132.53208923339844,48.525543212890625,2075.81005859375
2016-04-29,11.553726196289062,132.38685607910156,48.2203483581543,2065.300048828125
2016-05-02,11.720365524291992,134.0567626953125,48.67051696777344,2081.429931640625
2016-05-03,11.395018577575684,131.60440063476562,47.7320556640625,2063.3701171875
2016-05-04,11.212510108947754,129.1278839111328,46.97669982910156,2051.1201171875
2016-05-05,11.149030685424805,128.69219970703125,46.724910736083984,2050.6298828125
2016-05-06,11.196638107299805,128.1436767578125,46.99959945678711,2057.139892578125
2016-05-09,11.101418495178223,127.0626449584961,46.70201873779297,2058.68994140625
2016-05-10,11.34740924835205,130.21682739257812,47.33529281616211,2084.389892578125
2016-05-11,11.26805591583252,128.6034698486328,47.159812927246094,2064.4599609375
2016-05-12,11.220443725585938,127.51445770263672,47.12928771972656,2064.110107421875
2016-05-13,11.014131546020508,125.31214904785156,46.69438552856445,2046.6099853515625
2016-05-16,11.053805351257324,125.34442138671875,47.04536056518555,2066.659912109375
2016-05-17,11.117287635803223,124.75552368164062,47.04536056518555,2047.2099609375
2016-05-18,11.656885147094727,129.02297973632812,48.86127471923828,2047.6300048828125
2016-05-19,11.529919624328613,124.79589080810547,48.365318298339844,2040.0400390625
2016-05-20,11.521986961364746,124.64259338378906,48.45688247680664,2052.320068359375
2016-05-23,11.482307434082031,125.40089416503906,48.41871643066406,2048.0400390625
2016-05-24,11.648948669433594,127.12725067138672,49.242759704589844,2076.06005859375
2016-05-25,11.839396476745605,130.0797576904297,49.9904670715332,2090.5400390625
2016-05-26,11.66481876373291,128.4420928955078,49.616600036621094,2090.10009765625
2016-05-27,11.807655334472656,129.2197265625,49.92179489135742,2099.06005859375
2016-05-31,11.736236572265625,129.17921447753906,49.79971694946289,2096.949951171875
2016-06-01,11.831783294677734,129.5760955810547,50.12017822265625,2099.330078125
2016-06-02,11.895476341247559,129.01727294921875,50.21174621582031,2105.260009765625
2016-06-03,11.481449127197266,126.09310913085938,49.31904602050781,2099.1298828125
2016-06-06,11.561067581176758,127.21903228759766,49.80735778808594,2109.409912109375
2016-06-07,11.425711631774902,125.6881332397461,49.63948440551758,2112.1298828125
2016-06-08,11.489411354064941,125.25881958007812,49.78446960449219,2119.1201171875
2016-06-09,11.298314094543457,124.06810760498047,49.40296936035156,2115.47998046875
2016-06-10,11.011676788330078,121.41132354736328,48.70867156982422,2096.070068359375
2016-06-13,10.828550338745117,120.3907241821289,48.27375411987305,2079.06005859375
2016-06-14,10.557833671569824,118.41435241699219,47.36582565307617,2075.320068359375
2016-06-15,10.621532440185547,118.3900146484375,47.281883239746094,2071.5
2016-06-16,10.597647666931152,118.77071380615234,47.47264099121094,2077.989990234375
2016-06-17,10.669302940368652,117.9687728881836,47.518402099609375,2071.219970703125
2016-06-20,10.780777931213379,119.67790222167969,47.58708190917969,2083.25
2016-06-21,10.84447193145752,120.16387176513672,48.02960968017578,2088.89990234375
2016-06-22,10.83651065826416,119.99382781982422,47.84648513793945,2085.449951171875
2016-06-23,11.178882598876953,123.6550064086914,48.86888885498047,2113.320068359375
2016-06-24,10.35081958770752,114.90697479248047,45.47361755371094,2037.4100341796875
2016-06-27,9.697920799255371,113.00348663330078,43.95530319213867,2000.5400390625
2016-06-28,10.111952781677246,115.35249328613281,45.4125862121582,2036.0899658203125
2016-06-29,10.502099990844727,117.85543060302734,46.69438552856445,2070.77001953125
2016-06-30,10.565797805786133,120.35021209716797,47.411598205566406,2098.860107421875
2016-07-01,10.430440902709961,120.08293151855469,47.104026794433594,2102.949951171875
2016-07-05,10.143803596496582,117.0049057006836,45.78917694091797,2088.550048828125
2016-07-06,10.239349365234375,117.92020416259766,46.28127670288086,2099.72998046875
2016-07-07,10.358779907226562,119.07039642333984,46.58115768432617,2097.89990234375
2016-07-08,10.486176490783691,121.80821990966797,47.54230880737305,2129.89990234375
2016-07-11,10.518024444580078,123.2743148803711,47.880645751953125,2137.159912109375
2016-07-12,10.780777931213379,127.10564422607422,48.59572982788086,2152.139892578125
2016-07-13,10.701154708862305,127.91559600830078,48.564971923828125,2152.429931640625
2016-07-14,10.868359565734863,131.65786743164062,49.30315017700195,2163.75
2016-07-15,10.876326560974121,130.92884826660156,49.34926986694336,2161.739990234375
2016-07-18,11.234619140625,132.2977752685547,49.180110931396484,2166.889892578125
2016-07-19,11.354055404663086,130.7425537109375,49.10322189331055,2163.780029296875
2016-07-20,11.465523719787598,131.03416442871094,49.15705108642578,2173.02001953125
2016-07-21,11.362017631530762,129.64096069335938,48.97249984741211,2165.169921875
2016-07-22,11.449599266052246,129.9325408935547,49.24163818359375,2175.030029296875
2016-07-25,11.441634178161621,130.01353454589844,49.110904693603516,2168.47998046875
2016-07-26,11.569029808044434,130.5400390625,49.31084060668945,2169.179931640625
2016-07-27,11.64865493774414,130.40237426757812,49.46460723876953,2166.580078125
2016-07-28,11.688462257385254,130.0297393798828,49.28775405883789,2170.06005859375
2016-07-29,11.537184715270996,128.6365509033203,49.18779754638672,2173.60009765625
2016-08-01,11.409786224365234,128.12625122070312,49.05707931518555,2170.840087890625
2016-08-02,11.250544548034668,126.4090347290039,48.941749572753906,2157.030029296875
2016-08-03,11.529219627380371,128.25587463378906,49.71836471557617,2163.7900390625
2016-08-04,11.529219627380371,128.0209503173828,49.64146423339844,2164.25
2016-08-05,11.98306655883789,131.2933349609375,50.97938919067383,2182.8701171875
2016-08-08,12.046761512756348,131.8927459716797,50.825592041015625,2180.889892578125
2016-08-09,12.094532012939453,132.38681030273438,50.64875411987305,2181.739990234375
2016-08-10,11.791970252990723,131.3743438720703,50.19508743286133,2175.489990234375
2016-08-11,11.847708702087402,132.72705078125,50.333492279052734,2185.7900390625
2016-08-12,11.87159252166748,132.2329559326172,50.2258415222168,2184.050048828125
2016-08-15,11.95918083190918,134.09597778320312,50.533409118652344,2190.14990234375
2016-08-16,12.078608512878418,134.1769256591797,50.525718688964844,2178.14990234375
2016-08-17,12.062686920166016,134.1931915283203,50.66413116455078,2182.219970703125
2016-08-18,12.07064437866211,134.50906372070312,50.71027755737305,2187.02001953125
2016-08-19,12.11842155456543,134.64675903320312,50.64106369018555,2183.8701171875
2016-08-22,12.086570739746094,134.6710662841797,50.59493637084961,2182.639892578125
2016-08-23,12.221928596496582,134.52520751953125,50.57184982299805,2186.89990234375
2016-08-24,12.261741638183594,133.89341735839844,50.71027755737305,2175.43994140625
2016-08-25,12.365246772766113,134.3794403076172,50.80254364013672,2172.469970703125
2016-08-26,12.57226276397705,134.4361114501953,50.9178581237793,2169.0400390625
2016-08-29,12.612075805664062,135.16513061523438,51.479190826416016,2180.3798828125
2016-08-30,12.89074993133545,137.72666931152344,51.90208053588867,2176.1201171875
2016-08-31,12.910746574401855,137.79978942871094,51.90208053588867,2170.949951171875
2016-09-01,12.78276252746582,137.0272979736328,51.67909622192383,2170.860107421875
2016-09-02,12.798759460449219,137.57212829589844,51.8943977355957,2179.97998046875
2016-09-06,12.622774124145508,137.6941375732422,51.85595703125,2186.47998046875
2016-09-07,12.558785438537598,137.9706268310547,51.640655517578125,2186.159912109375
2016-09-08,12.686768531799316,139.5887908935547,51.70985794067383,2181.300048828125
2016-09-09,12.590782165527344,137.07614135742188,51.248497009277344,2127.81005859375
2016-09-12,12.718767166137695,139.10089111328125,51.56376266479492,2159.0400390625
2016-09-13,12.57478141784668,135.79942321777344,51.156227111816406,2127.02001953125
2016-09-14,12.502789497375488,135.1163787841797,51.056270599365234,2125.77001953125
2016-09-15,12.534781455993652,136.67764282226562,51.240821838378906,2147.260009765625
2016-09-16,12.390798568725586,134.98629760742188,50.61030578613281,2139.159912109375
2016-09-19,12.47079086303711,135.1570281982422,50.894798278808594,2139.1201171875
2016-09-20,12.478787422180176,135.3684844970703,51.10240173339844,2139.760009765625
2016-09-21,12.518787384033203,135.8238067626953,51.394596099853516,2163.1201171875
2016-09-22,12.478787422180176,136.6288604736328,51.817501068115234,2177.179931640625
2016-09-23,12.414801597595215,134.27877807617188,51.70985794067383,2164.68994140625
2016-09-26,12.070831298828125,131.31069946289062,50.579551696777344,2146.10009765625
2016-09-27,12.230815887451172,132.457275390625,51.02552032470703,2159.929931640625
2016-09-28,12.302807807922363,132.9127197265625,51.294639587402344,2171.3701171875
2016-09-29,12.126822471618652,129.25344848632812,50.47959518432617,2151.1298828125
2016-09-30,12.518787384033203,131.13999938964844,51.20236587524414,2168.27001953125
2016-10-03,12.502789497375488,130.97735595703125,51.14086151123047,2161.199951171875
2016-10-04,12.638775825500488,131.9531707763672,51.58233642578125,2150.489990234375
2016-10-05,12.886750221252441,135.31153869628906,52.426551818847656,2159.72998046875
2016-10-06,12.974743843078613,135.92137145996094,52.565956115722656,2160.77001953125
2016-10-07,12.902750015258789,138.10073852539062,52.751834869384766,2153.739990234375
2016-10-10,13.038734436035156,139.08462524414062,53.162315368652344,2163.659912109375
2016-10-11,12.886750221252441,137.45826721191406,52.90673828125,2136.72998046875
2016-10-12,12.822758674621582,137.66970825195312,52.7673225402832,2139.179931640625
2016-10-13,12.662771224975586,136.1409912109375,52.46525573730469,2132.550048828125
2016-10-14,12.798759460449219,138.66177368164062,52.29487228393555,2132.97998046875
2016-10-17,12.838757514953613,137.42576599121094,52.0237922668457,2126.5
2016-10-18,13.00674057006836,140.37759399414062,52.43427276611328,2139.60009765625
2016-10-19,13.174723625183105,141.90631103515625,52.937721252441406,2144.2900390625
2016-10-20,13.246709823608398,141.90631103515625,52.86800765991211,2141.340087890625
2016-10-21,13.334708213806152,142.036376953125,53.046138763427734,2141.159912109375
2016-10-24,13.414701461791992,142.40234375,53.3404541015625,2151.330078125
2016-10-25,13.374699592590332,142.7520294189453,53.286258697509766,2143.159912109375
2016-10-26,13.494691848754883,143.98806762695312,53.54181671142578,2139.429931640625
2016-10-27,13.526690483093262,144.54098510742188,53.61928176879883,2133.0400390625
2016-10-28,13.342707633972168,144.04498291015625,53.52635192871094,2126.409912109375
2016-10-31,13.198721885681152,144.93946838378906,53.64250946044922,2126.14990234375
2016-11-01,13.286711692810059,144.7930450439453,53.41789627075195,2111.719970703125
2016-11-02,13.182723045349121,143.58958435058594,53.19330978393555,2097.93994140625
2016-11-03,13.182723045349121,143.2886962890625,52.9609489440918,2088.659912109375
2016-11-04,13.238713264465332,143.05294799804688,52.48076629638672,2085.179931640625
2016-11-07,13.606679916381836,147.57411193847656,54.12272262573242,2131.52001953125
2016-11-08,13.598678588867188,147.93190002441406,54.2389030456543,2139.56005859375
2016-11-09,14.374606132507324,156.6409912109375,56.73280715942383,2163.260009765625
2016-11-10,15.00654411315918,163.34146118164062,59.36613464355469,2167.47998046875
2016-11-11,15.214519500732422,165.8379669189453,59.39712905883789,2164.449951171875
2016-11-14,16.06243896484375,170.0989532470703,61.581233978271484,2164.199951171875
2016-11-15,16.126434326171875,171.73341369628906,61.46504592895508,2180.389892578125
2016-11-16,15.798468589782715,167.72450256347656,59.94704818725586,2176.93994140625
2016-11-17,16.06243896484375,170.46484375,60.427223205566406,2187.1201171875
2016-11-18,15.998453140258789,171.0503692626953,60.1871223449707,2181.89990234375
2016-11-21,16.262426376342773,171.6439971923828,60.45048522949219,2198.179931640625
2016-11-22,16.23842430114746,171.6683349609375,60.82222366333008,2202.93994140625
2016-11-23,16.446407318115234,172.64418029785156,61.07779312133789,2204.719970703125
2016-11-25,16.686386108398438,171.88790893554688,61.054588317871094,2213.35009765625
2016-11-28,16.23842430114746,171.0503692626953,60.6595573425293,2201.719970703125
2016-11-29,16.230430603027344,172.72250366210938,61.12427520751953,2204.659912109375
2016-11-30,16.957042694091797,178.87281799316406,62.092411041259766,2198.81005859375
2016-12-01,17.262144088745117,184.8600311279297,63.347137451171875,2191.080078125
2016-12-02,17.045358657836914,182.1926727294922,63.1999626159668,2191.949951171875
2016-12-05,17.535125732421875,186.4261932373047,64.48566436767578,2204.7099609375
2016-12-06,17.792049407958984,188.7345428466797,64.81869506835938,2212.22998046875
2016-12-07,18.121227264404297,192.14414978027344,65.1130142211914,2241.35009765625
2016-12-08,18.426328659057617,196.94854736328125,65.92625427246094,2246.18994140625
2016-12-09,18.538738250732422,197.27481079101562,66.21282196044922,2259.530029296875
2016-12-12,18.153352737426758,193.4573974609375,65.62418365478516,2256.9599609375
2016-12-13,18.153352737426758,194.58302307128906,65.64741516113281,2271.719970703125
2016-12-14,18.201522827148438,195.7086639404297,65.62418365478516,2253.280029296875
2016-12-15,18.594942092895508,198.21287536621094,66.6078109741211,2262.030029296875
2016-12-16,18.1934871673584,194.86851501464844,65.7868423461914,2258.070068359375
2016-12-19,18.048967361450195,195.0072021484375,66.16635131835938,2262.530029296875
2016-12-20,18.233640670776367,198.2862548828125,67.0182876586914,2270.760009765625
2016-12-21,18.16940689086914,196.94036865234375,67.18870544433594,2265.179931640625
2016-12-22,18.097145080566406,195.86370849609375,67.297119140625,2260.9599609375
2016-12-23,18.14532470703125,196.55697631835938,67.42102813720703,2263.7900390625
2016-12-27,18.153352737426758,197.0382843017578,67.4830093383789,2268.8798828125
2016-12-28,17.928539276123047,196.29600524902344,66.99504089355469,2249.919921875
2016-12-29,17.663583755493164,194.28123474121094,66.52261352539062,2249.260009765625
2016-12-30,17.743879318237305,195.31710815429688,66.8324203491211,2238.830078125
2017-01-03,18.08911895751953,197.04641723632812,67.5604476928711,2257.830078125
2017-01-04,18.426328659057617,198.31893920898438,67.68506622314453,2270.75
2017-01-05,18.209550857543945,196.842529296875,67.06202697753906,2269.0
2017-01-06,18.209550857543945,199.76268005371094,67.06982421875,2276.97998046875
2017-01-09,18.105173110961914,198.1231689453125,67.11653900146484,2268.89990234375
2017-01-10,18.418298721313477,197.8621368408203,67.31122589111328,2268.89990234375
2017-01-11,18.52267837524414,200.4641876220703,67.81745147705078,2275.320068359375
2017-01-12,18.402244567871094,198.8980255126953,67.16326904296875,2270.43994140625
2017-01-13,18.47450828552246,199.2732696533203,67.52151489257812,2274.639892578125
2017-01-17,17.7037296295166,192.2909393310547,65.06832122802734,2267.889892578125
2017-01-18,18.16940689086914,191.10821533203125,65.37205505371094,2271.889892578125
2017-01-19,18.08911895751953,188.75897216796875,64.87361145019531,2263.68994140625
2017-01-20,18.17743492126465,189.40338134765625,65.16178894042969,2271.31005859375
2017-01-23,18.113203048706055,189.7868194580078,65.19291687011719,2265.199951171875
2017-01-24,18.426328659057617,190.61058044433594,65.97949981689453,2280.070068359375
2017-01-25,18.763547897338867,193.5225830078125,66.99972534179688,2298.3701171875
2017-01-26,18.819746017456055,195.42315673828125,67.56046295166016,2296.679931640625
2017-01-27,18.75551986694336,193.2779083251953,67.70065307617188,2294.68994140625
2017-01-30,18.426328659057617,190.79005432128906,66.99972534179688,2280.89990234375
2017-01-31,18.17743492126465,187.05421447753906,65.90940856933594,2278.8701171875
2017-02-01,18.378158569335938,188.15542602539062,66.15863037109375,2279.550048828125
2017-02-02,18.24166488647461,187.943359375,65.8782730102539,2280.85009765625
2017-02-03,18.699312210083008,196.54066467285156,67.89532470703125,2297.419921875
2017-02-06,18.562824249267578,195.74948120117188,67.57601928710938,2292.56005859375
2017-02-07,18.386186599731445,195.45579528808594,67.53709411621094,2293.080078125
2017-02-08,18.201522827148438,193.9141845703125,66.9452133178711,2294.669921875
2017-02-09,18.562824249267578,197.03012084960938,67.91090393066406,2307.8701171875
2017-02-10,18.530704498291016,197.9844970703125,67.7551498413086,2316.10009765625
2017-02-13,18.787630081176758,200.88018798828125,68.6507568359375,2328.25
2017-02-14,19.317533493041992,203.48220825195312,69.74886322021484,2337.580078125
2017-02-15,19.73504066467285,204.36318969726562,70.551025390625,2349.25
2017-02-16,19.73504066467285,203.4659423828125,70.50430297851562,2347.219970703125
2017-02-17,19.686872482299805,204.232666015625,70.27066040039062,2351.159912109375
2017-02-21,19.895614624023438,205.35829162597656,70.87812805175781,2365.3798828125
2017-02-22,19.903650283813477,205.33384704589844,70.91702270507812,2362.820068359375
2017-02-23,19.73504066467285,204.89337158203125,70.97157287597656,2363.81005859375
2017-02-24,19.454030990600586,201.76119995117188,70.34854125976562,2367.340087890625
2017-02-27,19.72700309753418,203.37619018554688,70.42639923095703,2369.75
2017-02-28,19.81532859802246,202.86912536621094,70.57440185546875,2363.639892578125
2017-03-01,20.536104202270508,206.67202758789062,72.89521026611328,2395.9599609375
2017-03-02,20.318668365478516,205.32260131835938,71.75816345214844,2381.919921875
2017-03-03,20.487789154052734,206.81922912597656,72.27217102050781,2383.1201171875
2017-03-06,20.334774017333984,206.09951782226562,71.58683776855469,2375.31005859375
2017-03-07,20.302562713623047,205.19174194335938,71.18965911865234,2368.389892578125
2017-03-08,20.34282112121582,204.65200805664062,71.03385925292969,2362.97998046875
2017-03-09,20.415313720703125,204.60292053222656,71.31425476074219,2364.8701171875
2017-03-10,20.38309669494629,203.13084411621094,71.08839416503906,2372.60009765625
2017-03-13,20.375045776367188,202.95089721679688,71.15069580078125,2373.469970703125
2017-03-14,20.391145706176758,202.591064453125,71.26750946044922,2365.449951171875
2017-03-15,20.278400421142578,201.82232666015625,71.43885040283203,2385.260009765625
2017-03-16,20.31061553955078,202.99998474121094,71.36876678466797,2381.3798828125
2017-03-17,20.020694732666016,199.49969482421875,70.62109375,2378.25
2017-03-20,19.682453155517578,198.02761840820312,70.11489868164062,2373.469970703125
2017-03-21,18.538875579833984,190.55271911621094,68.05891418457031,2344.02001953125
2017-03-22,18.474441528320312,188.97430419921875,68.16792297363281,2348.449951171875
2017-03-23,18.579137802124023,189.6531219482422,68.05891418457031,2345.9599609375
2017-03-24,18.619403839111328,186.79893493652344,67.98100280761719,2343.97998046875
2017-03-27,18.54692268371582,184.40264892578125,67.94205474853516,2341.590087890625
2017-03-28,18.90932846069336,187.55126953125,69.001220703125,2358.570068359375
2017-03-29,18.804636001586914,186.83164978027344,68.74422454833984,2361.1298828125
2017-03-30,19.223407745361328,189.09703063964844,69.33611297607422,2368.06005859375
2017-03-31,18.997913360595703,187.87026977539062,68.40934753417969,2362.719970703125
2017-04-03,18.997913360595703,187.24871826171875,68.16012573242188,2358.840087890625
2017-04-04,18.877117156982422,187.49411010742188,68.38728332519531,2360.159912109375
2017-04-05,18.65967559814453,186.185546875,67.5100326538086,2352.949951171875
2017-04-06,18.73215103149414,186.9870147705078,67.73717498779297,2357.489990234375
2017-04-07,18.6516170501709,186.36546325683594,67.5021743774414,2355.5400390625
2017-04-10,18.538875579833984,187.1914520263672,67.26719665527344,2357.159912109375
2017-04-11,18.458332061767578,186.25096130371094,67.14972686767578,2353.780029296875
2017-04-12,18.24089813232422,184.62347412109375,66.89124298095703,2344.929931640625
2017-04-13,17.991239547729492,182.63619995117188,66.10798645019531,2328.949951171875
2017-04-17,18.3697509765625,185.04058837890625,67.25154113769531,2349.010009765625
2017-04-18,18.28921890258789,176.3144073486328,66.70325469970703,2342.18994140625
2017-04-19,18.313379287719727,175.0876922607422,66.15498352050781,2338.169921875
2017-04-20,18.579137802124023,178.33445739746094,67.00869750976562,2355.840087890625
2017-04-21,18.28921890258789,177.35305786132812,66.20193481445312,2348.68994140625
2017-04-24,19.03013038635254,182.55445861816406,68.53609466552734,2374.14990234375
2017-04-25,19.31199836730957,185.34320068359375,69.13137817382812,2388.610107421875
2017-04-26,19.239513397216797,184.9915313720703,69.26453399658203,2387.449951171875
2017-04-27,19.046234130859375,184.6725616455078,68.62224578857422,2388.77001953125
2017-04-28,18.796581268310547,183.0287628173828,68.14445495605469,2384.199951171875
2017-05-01,19.014022827148438,183.887451171875,68.19145202636719,2388.330078125
2017-05-02,18.9495906829834,184.10829162597656,67.7528076171875,2391.169921875
2017-05-03,19.142881393432617,185.08148193359375,68.14445495605469,2388.1298828125
2017-05-04,19.207300186157227,185.3104705810547,68.22278594970703,2389.52001953125
2017-05-05,19.11871337890625,185.53944396972656,68.14445495605469,2399.2900390625
2017-05-08,19.29588508605957,184.0346221923828,68.22278594970703,2399.3798828125
2017-05-09,19.31199836730957,182.99606323242188,67.94865417480469,2396.919921875
2017-05-10,19.44890022277832,183.9120330810547,68.48126983642578,2399.6298828125
2017-05-11,19.38447380065918,183.81387329101562,68.26980590820312,2394.43994140625
2017-05-12,19.328102111816406,182.227294921875,68.081787109375,2390.89990234375
2017-05-15,19.376419067382812,184.10829162597656,68.41075897216797,2402.320068359375
2017-05-16,19.32004737854004,184.50082397460938,68.62224578857422,2400.669921875
2017-05-17,18.17646598815918,174.78506469726562,66.0061264038086,2357.030029296875
2017-05-18,18.313379287719727,175.9627685546875,65.7633285522461,2365.719970703125
2017-05-19,18.563034057617188,176.15084838867188,66.40560913085938,2381.72998046875
2017-05-22,18.55497932434082,176.66607666015625,66.34293365478516,2394.02001953125
2017-05-23,18.836849212646484,179.62660217285156,67.1732177734375,2398.419921875
2017-05-24,18.81268310546875,183.0532989501953,67.134033203125,2404.389892578125
2017-05-25,18.724096298217773,181.9410858154297,66.85208129882812,2415.070068359375
2017-05-26,18.71604347229004,182.80792236328125,66.85990905761719,2415.820068359375
2017-05-30,18.450286865234375,179.23020935058594,65.71633911132812,2412.909912109375
2017-05-31,18.106891632080078,173.35487365722656,64.34562683105469,2411.800048828125
2017-06-01,18.284648895263672,176.43206787109375,65.0583724975586,2430.06005859375
2017-06-02,18.13920783996582,175.0370635986328,64.72941589355469,2439.070068359375
2017-06-05,18.106891632080078,175.59512329101562,64.84689331054688,2436.10009765625
2017-06-06,17.961456298828125,176.03817749023438,64.98002624511719,2429.330078125
2017-06-07,18.260412216186523,177.0639190673828,65.72415161132812,2433.139892578125
2017-06-08,18.55936050415039,179.50921630859375,66.53876495361328,2433.7900390625
2017-06-09,19.124958038330078,182.52890014648438,68.11314392089844,2431.77001953125
2017-06-12,19.213825225830078,182.09400939941406,68.12881469726562,2429.389892578125
2017-06-13,19.205751419067383,183.97314453125,68.35596466064453,2440.35009765625
2017-06-14,19.19766616821289,185.86871337890625,68.21495819091797,2437.919921875
2017-06-15,19.01991081237793,183.1772003173828,67.80766296386719,2432.4599609375
2017-06-16,18.9310359954834,182.01197814941406,67.5021743774414,2433.14990234375
2017-06-19,19.318866729736328,185.556884765625,68.98255157470703,2453.4599609375
2017-06-20,18.97951316833496,184.71168518066406,68.5517578125,2437.030029296875
2017-06-21,18.688636779785156,182.56996154785156,68.23846435546875,2435.610107421875
2017-06-22,18.52704620361328,180.33798217773438,68.16010284423828,2434.5
2017-06-23,18.438159942626953,178.22088623046875,68.0348129272461,2438.300048828125
2017-06-26,18.494720458984375,180.8878173828125,68.33243560791016,2439.070068359375
2017-06-27,18.8017578125,180.7564697265625,68.96688079833984,2419.3798828125
2017-06-28,19.294626235961914,183.1690216064453,70.35328674316406,2440.68994140625
2017-06-29,19.650135040283203,184.1454620361328,71.3950424194336,2419.699951171875
2017-06-30,19.601659774780273,182.08580017089844,71.5908432006836,2423.409912109375
2017-07-03,19.941015243530273,186.50050354003906,73.0478515625,2429.010009765625
2017-07-05,20.134931564331055,187.12413024902344,73.78031158447266,2432.5400390625
2017-07-06,19.965251922607422,186.01632690429688,73.54402160644531,2409.75
2017-07-07,20.062211990356445,184.859375,73.91419982910156,2425.179931640625
2017-07-10,20.110689163208008,185.31887817382812,73.39439392089844,2427.429931640625
2017-07-11,19.876379013061523,186.22970581054688,73.1108627319336,2425.530029296875
2017-07-12,19.674381256103516,186.59075927734375,72.85883331298828,2443.25
2017-07-13,19.892532348632812,189.06076049804688,73.3235092163086,2447.830078125
2017-07-14,19.561256408691406,187.58367919921875,72.6540756225586,2459.27001953125
2017-07-17,19.407745361328125,188.1252899169922,71.9767837524414,2459.139892578125
2017-07-18,19.310781478881836,183.2427978515625,71.72473907470703,2460.610107421875
2017-07-19,19.440061569213867,182.88177490234375,71.82711791992188,2473.830078125
2017-07-20,19.343107223510742,182.41404724121094,71.82711791992188,2473.449951171875
2017-07-21,19.22998809814453,180.67445373535156,71.58297729492188,2472.5400390625
2017-07-24,19.318866729736328,179.0332794189453,71.8901138305664,2469.909912109375
2017-07-25,19.7794132232666,181.8232879638672,73.08724975585938,2477.1298828125
2017-07-26,19.561256408691406,182.37307739257812,72.40204620361328,2477.830078125
2017-07-27,19.48045539855957,181.74111938476562,72.10276794433594,2475.419921875
2017-07-28,19.41581916809082,183.489013671875,71.8901138305664,2472.10009765625
2017-07-31,19.488540649414062,184.90045166015625,72.29969024658203,2470.300048828125
2017-08-01,19.75517463684082,186.27072143554688,73.26837921142578,2476.35009765625
2017-08-02,19.868295669555664,185.67173767089844,73.33140563964844,2477.570068359375
2017-08-03,19.690540313720703,183.8008575439453,72.85098266601562,2472.159912109375
2017-08-04,20.175329208374023,188.56016540527344,73.76456451416016,2476.830078125
2017-08-07,20.16724395751953,191.1285858154297,74.04811096191406,2480.909912109375
2017-08-08,20.118764877319336,190.41470336914062,73.78031158447266,2474.919921875
2017-08-09,19.98948860168457,189.561279296875,73.66217041015625,2474.02001953125
2017-08-10,19.488540649414062,185.03994750976562,72.60681915283203,2438.2099609375
2017-08-11,19.278467178344727,183.93212890625,72.00037384033203,2441.320068359375
2017-08-14,19.73093605041504,186.56617736816406,72.84310913085938,2465.840087890625
2017-08-15,19.771339416503906,186.75489807128906,73.03211212158203,2464.610107421875
2017-08-16,19.545103073120117,185.130126953125,72.52803802490234,2468.110107421875
2017-08-17,19.100711822509766,181.69198608398438,71.39395141601562,2430.010009765625
2017-08-18,19.084550857543945,182.2909393310547,71.46482849121094,2425.550048828125
2017-08-21,18.89063262939453,181.17498779296875,71.37820434570312,2428.3701171875
2017-08-22,19.254226684570312,183.46437072753906,72.11064910888672,2452.510009765625
2017-08-23,19.19766616821289,182.77513122558594,72.19725799560547,2444.0400390625
2017-08-24,19.26230239868164,182.98023986816406,72.07913970947266,2438.969970703125
2017-08-25,19.205751419067383,182.5536346435547,72.37054443359375,2443.050048828125
2017-08-28,19.16534996032715,180.81394958496094,72.14215087890625,2444.239990234375
2017-08-29,19.052230834960938,181.11036682128906,71.74835968017578,2446.300048828125
2017-08-30,19.38520050048828,183.1359100341797,71.91373443603516,2457.590087890625
2017-08-31,19.401445388793945,184.2227325439453,71.58297729492188,2471.64990234375
2017-09-01,19.56386375427246,185.9847412109375,72.22091674804688,2476.550048828125
2017-09-05,18.930410385131836,179.31544494628906,70.4961166381836,2457.85009765625
2017-09-06,19.011627197265625,180.1799774169922,70.96866607666016,2465.5400390625
2017-09-07,18.654293060302734,177.7180633544922,69.72430419921875,2465.10009765625
2017-09-08,18.589326858520508,178.84608459472656,69.63763427734375,2461.429931640625
2017-09-11,18.971019744873047,182.0160675048828,70.71662902832031,2488.110107421875
2017-09-12,19.45016098022461,186.04237365722656,71.58297729492188,2496.47998046875
2017-09-13,19.75876808166504,186.5446319580078,71.78773498535156,2498.3701171875
2017-09-14,19.685678482055664,186.78347778320312,71.64598083496094,2495.6201171875
2017-09-15,19.799375534057617,185.44129943847656,72.15789794921875,2500.22998046875
2017-09-18,20.05925750732422,187.3433380126953,73.18177032470703,2503.8701171875
2017-09-19,20.189189910888672,188.4795684814453,73.98509216308594,2506.64990234375
2017-09-20,20.351613998413086,189.20420837402344,74.5048828125,2508.239990234375
2017-09-21,20.432825088500977,190.43917846679688,74.84354400634766,2500.60009765625
2017-09-22,20.31912612915039,190.22512817382812,74.68604278564453,2502.219970703125
2017-09-25,20.107980728149414,189.5911865234375,74.1268539428711,2496.659912109375
2017-09-26,20.148584365844727,189.32766723632812,73.79605102539062,2496.840087890625
2017-09-27,20.63585662841797,193.29638671875,74.9616928100586,2507.0400390625
2017-09-28,20.6683406829834,193.8809356689453,75.11919403076172,2510.06005859375
2017-09-29,20.579010009765625,195.2971649169922,75.22159576416016,2519.360107421875
2017-10-02,20.806400299072266,198.14602661132812,76.26905822753906,2529.1201171875
2017-10-03,21.00130271911621,198.9447479248047,76.67072296142578,2534.580078125
2017-10-04,20.879487991333008,197.86611938476562,75.89102172851562,2537.739990234375
2017-10-05,21.220577239990234,202.60052490234375,76.91293334960938,2552.070068359375
2017-10-06,21.285539627075195,202.56761169433594,76.77828216552734,2549.330078125
2017-10-09,20.993192672729492,199.91632080078125,76.37423706054688,2544.72998046875
2017-10-10,21.058156967163086,199.75164794921875,76.94461822509766,2550.639892578125
2017-10-11,20.97694206237793,199.5869598388672,76.71488952636719,2555.239990234375
2017-10-12,20.6683406829834,197.4462127685547,76.04153442382812,2550.929931640625
2017-10-13,20.97694206237793,196.40049743652344,75.9385757446289,2553.169921875
2017-10-16,21.309907913208008,199.59518432617188,77.50707244873047,2557.639892578125
2017-10-17,21.277429580688477,194.39146423339844,77.33280944824219,2559.360107421875
2017-10-18,21.50482177734375,199.28228759765625,77.62589263916016,2561.260009765625
2017-10-19,21.586027145385742,197.60263061523438,77.72095489501953,2562.10009765625
2017-10-20,22.06517791748047,201.5054473876953,78.83001708984375,2575.2099609375
2017-10-23,22.057064056396484,199.36465454101562,78.6953353881836,2564.97998046875
2017-10-24,22.479360580444336,201.59597778320312,79.9469985961914,2569.1298828125
2017-10-25,22.438753128051758,199.01885986328125,80.02620697021484,2557.14990234375
2017-10-26,22.528087615966797,199.02708435058594,80.59657287597656,2560.39990234375
2017-10-27,22.576812744140625,199.01885986328125,80.6203384399414,2581.070068359375
2017-10-30,22.41438865661621,198.34365844726562,80.3351821899414,2572.830078125
2017-10-31,22.24384307861328,199.65283203125,79.701416015625,2575.260009765625
2017-11-01,22.357540130615234,201.11849975585938,79.9469985961914,2579.360107421875
2017-11-02,22.6336612701416,203.27569580078125,80.47774505615234,2579.85009765625
2017-11-03,22.593055725097656,201.23374938964844,80.3351821899414,2587.840087890625
2017-11-06,22.53619956970215,200.48448181152344,79.83609008789062,2591.1298828125
2017-11-07,22.07329750061035,197.4544219970703,78.22795867919922,2590.639892578125
2017-11-08,21.756572723388672,198.64002990722656,77.34861755371094,2594.3798828125
2017-11-09,21.512941360473633,198.2613525390625,77.34071350097656,2584.6201171875
2017-11-10,21.529184341430664,197.734375,77.24564361572266,2582.300048828125
2017-11-13,21.439849853515625,197.8331756591797,77.5229263305664,2584.840087890625
2017-11-14,21.309907913208008,195.3383331298828,77.05553436279297,2578.8701171875
2017-11-15,21.756572723388672,195.64300537109375,77.78433990478516,2564.6201171875
2017-11-16,21.73221778869629,197.09210205078125,78.00614929199219,2585.639892578125
2017-11-17,21.618513107299805,195.9805450439453,77.74473571777344,2578.85009765625
2017-11-20,21.715970993041992,196.07113647460938,78.43391418457031,2582.139892578125
2017-11-21,21.707843780517578,195.9805450439453,78.37053680419922,2599.030029296875
2017-11-22,21.650999069213867,194.67138671875,78.14080810546875,2597.080078125
2017-11-24,21.594152450561523,194.2761993408203,77.8873291015625,2602.419921875
2017-11-27,21.594152450561523,193.58456420898438,77.578369140625,2601.419921875
2017-11-28,22.44687271118164,197.12509155273438,80.29557037353516,2627.0400390625
2017-11-29,22.96662712097168,199.35520935058594,82.17301940917969,2626.070068359375
2017-11-30,22.974781036376953,204.5422821044922,82.7988510131836,2647.580078125
2017-12-01,22.917692184448242,205.62423706054688,83.01273345947266,2642.219970703125
2017-12-04,23.700641632080078,207.0283660888672,84.72383880615234,2639.43994140625
2017-12-05,23.59461784362793,205.11212158203125,83.74945831298828,2629.570068359375
2017-12-06,23.358108520507812,203.1464080810547,83.12364959716797,2629.27001953125
2017-12-07,23.47227668762207,205.30213928222656,82.87808227539062,2636.97998046875
2017-12-08,23.692487716674805,206.78065490722656,83.91583251953125,2651.5
2017-12-11,23.602779388427734,206.59889221191406,83.67024230957031,2659.989990234375
2017-12-12,23.91269874572754,212.83493041992188,84.64463806152344,2664.110107421875
2017-12-13,23.521215438842773,211.0839080810547,83.58309936523438,2662.85009765625
2017-12-14,23.431507110595703,211.01779174804688,82.90975189208984,2652.010009765625
2017-12-15,23.6843318939209,212.4137420654297,84.08216094970703,2675.81005859375
2017-12-18,24.043184280395508,214.7677001953125,84.73177337646484,2690.159912109375
2017-12-19,24.018722534179688,211.8437957763672,84.37527465820312,2681.469970703125
2017-12-20,24.043184280395508,210.77000427246094,84.08216094970703,2679.25
2017-12-21,24.32048225402832,215.58538818359375,85.42095184326172,2684.570068359375
2017-12-22,24.369421005249023,213.90040588378906,85.11991119384766,2683.340087890625
2017-12-26,24.287864685058594,212.86795043945312,84.7792739868164,2680.5
2017-12-27,24.247085571289062,211.40603637695312,84.93773651123047,2682.6201171875
2017-12-28,24.304174423217773,211.8603057861328,85.3892822265625,2687.5400390625
2017-12-29,24.07581329345703,210.42312622070312,84.7159194946289,2673.610107421875
2018-01-02,24.385726928710938,211.17474365234375,85.5160140991211,2695.81005859375
2018-01-03,24.304174423217773,209.20889282226562,85.60317993164062,2713.06005859375
2018-01-04,24.62224769592285,212.13287353515625,86.82948303222656,2723.989990234375
2018-01-05,24.73642921447754,211.0508270263672,86.27205657958984,2743.14990234375
2018-01-08,24.565155029296875,207.9864959716797,86.39947509765625,2747.7099609375
2018-01-09,24.687496185302734,209.7458038330078,86.83745574951172,2751.2900390625
2018-01-10,24.915849685668945,210.06797790527344,87.79301452636719,2748.22998046875
2018-01-11,25.00556755065918,210.728759765625,88.26284790039062,2767.56005859375
2018-01-12,25.43782615661621,212.2980499267578,89.7200927734375,2786.239990234375
2018-01-16,25.478605270385742,213.4791717529297,89.40155792236328,2776.419921875
2018-01-17,25.429668426513672,209.5063018798828,89.97491455078125,2802.56005859375
2018-01-18,25.674341201782227,207.29273986816406,90.1899185180664,2798.030029296875
2018-01-19,25.87007713317871,211.54644775390625,89.9908447265625,2810.300048828125
2018-01-22,26.04950714111328,216.00662231445312,91.0419692993164,2832.969970703125
2018-01-23,26.03318977355957,214.82550048828125,90.9464111328125,2839.1298828125
2018-01-24,26.17184066772461,219.44265747070312,92.10900115966797,2837.5400390625
2018-01-25,26.17184066772461,222.20962524414062,92.13290405273438,2839.25
2018-01-26,26.26155662536621,221.47457885742188,92.6266098022461,2872.8701171875
2018-01-29,26.32680320739746,225.0592498779297,92.53105926513672,2853.530029296875
2018-01-30,26.000568389892578,222.13531494140625,91.66307067871094,2822.429931640625
2018-01-31,26.098440170288086,221.26809692382812,92.10900115966797,2823.81005859375
2018-02-01,26.506229400634766,224.85276794433594,93.06458282470703,2821.97998046875
2018-02-02,26.057661056518555,214.78424072265625,91.00215911865234,2762.1298828125
2018-02-05,24.67933464050293,205.75643920898438,86.63837432861328,2648.93994140625
2018-02-06,25.445974349975586,213.67742919921875,89.274169921875,2695.139892578125
2018-02-07,25.486753463745117,212.35589599609375,89.87935638427734,2681.659912109375
2018-02-08,24.255237579345703,203.4767303466797,85.90574645996094,2581.0
2018-02-09,24.73642921447754,205.91331481933594,87.62580108642578,2619.550048828125
2018-02-12,25.380727767944336,209.1016082763672,88.9795150756836,2656.0
2018-02-13,25.429668426513672,211.05909729003906,89.52898406982422,2662.93994140625
2018-02-14,26.098440170288086,216.88211059570312,91.599365234375,2698.6298828125
2018-02-15,26.269710540771484,221.09457397460938,91.9815902709961,2731.199951171875
2018-02-16,26.073972702026367,221.0450439453125,91.3206787109375,2732.219970703125
2018-02-20,26.04134750366211,218.79019165039062,91.34456634521484,2716.260009765625
2018-02-21,25.992416381835938,217.5594940185547,91.72679901123047,2701.330078125
2018-02-22,25.845611572265625,215.9322509765625,91.55956268310547,2703.9599609375
2018-02-23,26.122901916503906,220.34292602539062,93.41494750976562,2747.300048828125
2018-02-26,26.440982818603516,224.05160522460938,94.57754516601562,2779.60009765625
2018-02-27,26.367582321166992,221.30105590820312,93.45476531982422,2744.280029296875
2018-02-28,26.179996490478516,217.7809295654297,91.97364044189453,2713.830078125
2018-03-01,25.770679473876953,212.68699645996094,90.32527923583984,2677.669921875
2018-03-02,25.893478393554688,213.79681396484375,90.23767852783203,2691.25
2018-03-05,26.30279541015625,217.93821716308594,91.62326049804688,2720.93994140625
2018-03-06,26.28642463684082,221.09402465820312,91.70291137695312,2728.1201171875
2018-03-07,26.343725204467773,219.78529357910156,91.36048126220703,2726.800048828125
2018-03-08,26.360097885131836,220.60525512695312,91.36842346191406,2738.969970703125
2018-03-09,26.785789489746094,224.2746124267578,93.99626922607422,2786.570068359375
2018-03-12,26.8840274810791,226.4364776611328,93.69366455078125,2783.02001953125
2018-03-13,26.491079330444336,222.41928100585938,92.57087707519531,2765.31005859375
2018-03-14,26.31098175048828,219.02333068847656,91.53567504882812,2749.47998046875
2018-03-15,26.27823257446289,220.82894897460938,91.7666015625,2747.330078125
2018-03-16,26.335542678833008,221.64894104003906,91.92585754394531,2752.010009765625
2018-03-19,26.179996490478516,217.44961547851562,91.20122528076172,2712.919921875
2018-03-20,26.179996490478516,217.9962158203125,91.288818359375,2716.93994140625
2018-03-21,26.089946746826172,216.88636779785156,91.36842346191406,2711.929931640625
2018-03-22,25.00934410095215,209.2246856689453,87.55411529541016,2643.68994140625
2018-03-23,23.879629135131836,203.14511108398438,85.21299743652344,2588.260009765625
2018-03-26,24.91929817199707,211.11318969726562,87.8407974243164,2658.550048828125
2018-03-27,24.16615104675293,204.80166625976562,86.13670349121094,2612.6201171875
2018-03-28,24.059728622436523,206.54934692382812,86.00131225585938,2605.0
2018-03-29,24.550912857055664,208.6117706298828,87.57006072998047,2640.8701171875
2018-04-02,23.99424171447754,204.87623596191406,85.88188171386719,2581.8798828125
2018-04-03,24.22345542907715,207.5515899658203,87.0604019165039,2614.449951171875
2018-04-04,24.46086311340332,209.2412109375,88.38227081298828,2644.68994140625
2018-04-05,24.82105827331543,211.8834991455078,89.54281616210938,2662.840087890625
2018-04-06,24.256202697753906,207.04632568359375,87.30982208251953,2604.469970703125
2018-04-09,24.45267105102539,208.8850860595703,88.35828399658203,2613.159912109375
2018-04-10,24.952043533325195,212.5129852294922,90.04700469970703,2656.8701171875
2018-04-11,24.47723388671875,209.5062713623047,88.53435516357422,2642.18994140625
2018-04-12,25.091211318969727,215.01441955566406,90.73528289794922,2663.989990234375
2018-04-13,24.395368576049805,211.97459411621094,88.27823638916016,2656.300048828125
2018-04-16,24.501794815063477,213.5980682373047,88.20623016357422,2677.840087890625
2018-04-17,24.591840744018555,210.0778045654297,88.20623016357422,2706.389892578125
2018-04-18,24.174339294433594,210.38427734375,87.493896484375,2708.639892578125
2018-04-19,24.706451416015625,210.5251007080078,89.41475677490234,2693.1298828125
2018-04-20,24.771942138671875,208.69459533691406,89.21465301513672,2670.139892578125
2018-04-23,24.82105827331543,204.3129425048828,88.78245544433594,2670.2900390625
2018-04-24,24.714641571044922,200.85069274902344,88.36628723144531,2634.56005859375
2018-04-25,24.6737060546875,198.15054321289062,88.0301284790039,2639.39990234375
2018-04-26,24.61640167236328,198.86282348632812,88.11815643310547,2666.93994140625
2018-04-27,24.6818904876709,198.6226348876953,87.55795288085938,2669.909912109375
2018-04-30,24.493610382080078,197.40504455566406,87.06171417236328,2648.050048828125
2018-05-01,24.51816749572754,196.0301513671875,87.06171417236328,2654.800048828125
2018-05-02,24.215269088745117,193.8600616455078,86.37342071533203,2635.669921875
2018-05-03,23.904190063476562,193.3299102783203,85.82916259765625,2629.72998046875
2018-05-04,23.986053466796875,194.59719848632812,86.7815933227539,2663.419921875
2018-05-07,24.26439094543457,196.4691162109375,87.53392028808594,2672.6298828125
2018-05-08,24.501794815063477,196.3034210205078,88.8304672241211,2671.919921875
2018-05-09,25.148515701293945,200.2212677001953,90.76732635498047,2697.7900390625
2018-05-10,25.28768539428711,201.63763427734375,91.47163391113281,2723.070068359375
2018-05-11,25.312244415283203,201.2069091796875,91.12748718261719,2727.719970703125
2018-05-14,25.47597312927246,202.02687072753906,91.15949249267578,2730.1298828125
2018-05-15,25.55783462524414,200.08041381835938,90.46318817138672,2711.449951171875
2018-05-16,25.426851272583008,199.58349609375,90.71129608154297,2722.4599609375
2018-05-17,25.222190856933594,198.04286193847656,90.40717315673828,2720.1298828125
2018-05-18,24.771942138671875,196.3034210205078,88.94254302978516,2712.969970703125
2018-05-21,25.00934410095215,196.88328552246094,89.75885772705078,2733.010009765625
2018-05-22,25.28768539428711,197.1317901611328,90.44719696044922,2724.43994140625
2018-05-23,24.91929817199707,196.97438049316406,90.03101348876953,2733.2900390625
2018-05-24,24.73101043701172,195.55801391601562,89.0225601196289,2727.760009765625
2018-05-25,24.690078735351562,194.65518188476562,88.56636810302734,2721.330078125
2018-05-29,23.707714080810547,188.04550170898438,84.7807388305664,2689.860107421875
2018-05-30,24.141590118408203,190.48092651367188,86.71754455566406,2724.010009765625
2018-05-31,23.870344161987305,187.75454711914062,85.64511108398438,2705.27001953125
2018-06-01,24.16625213623047,189.80763244628906,86.75758361816406,2734.6201171875
2018-06-04,24.16625213623047,191.0877227783203,86.79759216308594,2746.8701171875
2018-06-05,23.936098098754883,189.79933166503906,86.30938720703125,2748.800048828125
2018-06-06,24.69231605529785,193.0327606201172,88.32626342773438,2772.35009765625
2018-06-07,24.733417510986328,194.0468292236328,88.67842102050781,2770.3701171875
2018-06-08,24.667661666870117,193.99691772460938,88.92652130126953,2779.030029296875
2018-06-11,24.708763122558594,194.57872009277344,88.70243072509766,2782.0
2018-06-12,24.57724380493164,193.36521911621094,88.19020080566406,2786.85009765625
2018-06-13,24.52792739868164,194.36268615722656,88.01412963867188,2775.6298828125
2018-06-14,24.24844741821289,194.2130889892578,86.46144104003906,2782.489990234375
2018-06-15,24.067615509033203,192.7750701904297,86.357421875,2779.659912109375
2018-06-18,24.16625213623047,192.33450317382812,86.58151245117188,2773.75
2018-06-19,24.051172256469727,189.78268432617188,86.07728576660156,2762.590087890625
2018-06-20,24.03473472595215,189.36708068847656,86.06928253173828,2767.320068359375
2018-06-21,24.07583999633789,188.66888427734375,86.0452651977539,2749.760009765625
2018-06-22,23.829242706298828,187.8708953857422,84.63665008544922,2754.8798828125
2018-06-25,23.410030364990234,184.14703369140625,83.86833190917969,2717.070068359375
2018-06-26,23.4593505859375,184.1803436279297,83.92434692382812,2723.06005859375
2018-06-27,23.21275520324707,183.01663208007812,82.62781524658203,2699.6298828125
2018-06-28,23.56620216369629,185.70973205566406,83.98037719726562,2716.31005859375
2018-06-29,23.171655654907227,183.34080505371094,83.39612579345703,2718.3701171875
2018-07-02,23.245630264282227,185.57675170898438,84.10043334960938,2726.7099609375
2018-07-03,22.834646224975586,183.1829071044922,82.9239273071289,2713.219970703125
2018-07-05,22.94972038269043,183.48207092285156,83.46305847167969,2736.610107421875
2018-07-06,23.040138244628906,184.35487365722656,83.73667907714844,2759.820068359375
2018-07-09,23.878557205200195,189.50840759277344,86.3277816772461,2784.169921875
2018-07-10,23.697725296020508,188.560791015625,85.79670715332031,2793.840087890625
2018-07-11,23.57442855834961,187.5716552734375,85.61161041259766,2774.02001953125
2018-07-12,23.648405075073242,188.86834716796875,85.98177337646484,2798.2900390625
2018-07-13,23.46756362915039,188.19508361816406,85.58747100830078,2801.31005859375
2018-07-16,24.478605270385742,192.37612915039062,88.98328399658203,2798.429931640625
2018-07-17,24.667661666870117,192.02700805664062,88.91893005371094,2809.550048828125
2018-07-18,24.766300201416016,192.20985412597656,89.74777221679688,2815.6201171875
2018-07-19,24.3881893157959,190.8715362548828,88.42803192138672,2804.489990234375
2018-07-20,24.766300201416016,192.58389282226562,89.54656219482422,2801.830078125
2018-07-23,25.275930404663086,194.30445861816406,91.2122802734375,2806.97998046875
2018-07-24,25.341684341430664,196.06666564941406,91.85604858398438,2820.39990234375
2018-07-25,25.538965225219727,196.7399444580078,92.68486785888672,2846.070068359375
2018-07-26,25.432104110717773,197.08905029296875,92.41934204101562,2837.43994140625
2018-07-27,25.530742645263672,197.5296173095703,93.36886596679688,2818.820068359375
2018-07-30,25.73624038696289,198.61851501464844,93.9321517944336,2802.60009765625
2018-07-31,25.38277816772461,197.3550262451172,92.49978637695312,2816.2900390625
2018-08-01,25.686922073364258,196.19967651367188,93.0711441040039,2813.360107421875
2018-08-02,25.711578369140625,194.4956817626953,93.4654312133789,2827.219970703125
2018-08-03,25.900632858276367,194.57872009277344,94.22184753417969,2840.35009765625
2018-08-06,25.90885353088379,196.10824584960938,94.24597930908203,2850.39990234375
2018-08-07,25.900632858276367,197.68751525878906,94.59198760986328,2858.449951171875
2018-08-08,26.139005661010742,196.4739532470703,94.78514862060547,2857.699951171875
2018-08-09,25.974609375,194.32110595703125,94.05288696289062,2853.580078125
2018-08-10,25.63759994506836,190.85496520996094,93.12747192382812,2833.280029296875
2018-08-13,25.053991317749023,188.56912231445312,91.64681243896484,2821.929931640625
2018-08-14,25.30880355834961,190.8134307861328,92.2584228515625,2839.9599609375
2018-08-15,24.955358505249023,190.55567932128906,91.49392700195312,2818.3701171875
2018-08-16,25.25126838684082,193.67276000976562,92.35496520996094,2840.68994140625
2018-08-17,25.26770782470703,193.98863220214844,92.35496520996094,2850.1298828125
2018-08-20,25.374563217163086,195.98353576660156,92.2342529296875,2857.050048828125
2018-08-21,25.497859954833984,198.36911010742188,92.79753112792969,2862.9599609375
2018-08-22,25.46497917175293,198.94268798828125,92.51588439941406,2861.820068359375
2018-08-23,25.349905014038086,196.4490966796875,92.32276916503906,2856.97998046875
2018-08-24,25.391000747680664,195.4266357421875,92.28254699707031,2874.68994140625
2018-08-27,25.73624038696289,201.65245056152344,93.91605377197266,2896.739990234375
2018-08-28,25.703353881835938,201.4612579345703,93.4573974609375,2897.52001953125
2018-08-29,25.59650421142578,201.3194580078125,93.15162658691406,2914.0400390625
2018-08-30,25.489643096923828,199.65147399902344,92.69294738769531,2901.1298828125
2018-08-31,25.42388153076172,198.32550048828125,92.20207214355469,2901.52001953125
2018-09-04,25.59650421142578,198.200439453125,92.66072082519531,2896.719970703125
2018-09-05,25.629379272460938,198.1170654296875,92.21009063720703,2888.60009765625
2018-09-06,25.480712890625,195.58175659179688,91.8158187866211,2878.050048828125
2018-09-07,25.48896598815918,195.07310485839844,91.99285125732422,2871.679931640625
2018-09-10,25.4559268951416,193.4051513671875,91.50199127197266,2877.1298828125
2018-09-11,25.480712890625,191.98744201660156,92.08135986328125,2887.889892578125
2018-09-12,25.133806228637695,190.26937866210938,90.99503326416016,2888.919921875
2018-09-13,24.894277572631836,190.41952514648438,91.34910583496094,2904.179931640625
2018-09-14,25.084253311157227,191.17845153808594,91.33299255371094,2904.97998046875
2018-09-17,25.009910583496094,190.05262756347656,91.60659790039062,2888.800048828125
2018-09-18,24.95209312438965,190.88658142089844,91.97675323486328,2904.31005859375
2018-09-19,25.60460090637207,196.4658203125,94.64836120605469,2907.949951171875
2018-09-20,25.761531829833984,197.98362731933594,95.46109771728516,2930.75
2018-09-21,25.629383087158203,196.26564025878906,94.83341979980469,2929.669921875
2018-09-24,25.389850616455078,194.2307586669922,93.92411804199219,2919.3701171875
2018-09-25,25.3320369720459,193.8971710205078,93.65856170654297,2915.56005859375
2018-09-26,24.886018753051758,190.87823486328125,92.55613708496094,2905.969970703125
2018-09-27,24.729093551635742,189.92745971679688,92.15380096435547,2914.0
2018-09-28,24.33262825012207,187.0086212158203,90.80189514160156,2913.97998046875
2018-10-01,24.489559173583984,187.9176483154297,91.33299255371094,2924.590087890625
2018-10-02,24.431743621826172,188.5347900390625,91.71121215820312,2923.429931640625
2018-10-03,24.778644561767578,189.9608612060547,92.5722427368164,2925.510009765625
2018-10-04,25.133806228637695,189.710693359375,93.40687561035156,2901.610107421875
2018-10-05,24.96861457824707,188.23452758789062,92.88014221191406,2885.570068359375
2018-10-08,25.00164794921875,187.934326171875,93.44737243652344,2884.429931640625
2018-10-09,24.762128829956055,185.8994140625,92.79912567138672,2880.340087890625
2018-10-10,24.150920867919922,179.21099853515625,90.3276138305664,2785.679931640625
2018-10-11,23.424083709716797,177.60983276367188,87.62108612060547,2728.3701171875
2018-10-12,23.506675720214844,178.36036682128906,86.6648941040039,2767.1298828125
2018-10-15,23.060659408569336,179.48623657226562,86.1706314086914,2750.7900390625
2018-10-16,23.56448745727539,184.89035034179688,88.0181655883789,2809.919921875
2018-10-17,23.87009620666504,190.37783813476562,88.99867248535156,2809.2099609375
2018-10-18,23.33322525024414,187.60073852539062,87.58869171142578,2768.780029296875
2018-10-19,23.391035079956055,189.27700805664062,87.44281768798828,2767.780029296875
2018-10-22,22.61464500427246,184.8069610595703,86.18682098388672,2755.8798828125
2018-10-23,22.317298889160156,182.27166748046875,85.287353515625,2740.68994140625
2018-10-24,21.63175392150879,174.44908142089844,83.69908142089844,2656.10009765625
2018-10-25,21.96213722229004,178.47714233398438,84.9713134765625,2705.570068359375
2018-10-26,21.79694938659668,177.10107421875,83.80442810058594,2658.68994140625
2018-10-29,21.978652954101562,178.87741088867188,84.96321868896484,2641.25
2018-10-30,22.119068145751953,182.87216186523438,86.46233367919922,2682.6298828125
2018-10-31,22.71375846862793,187.95101928710938,88.34231567382812,2711.739990234375
2018-11-01,22.969797134399414,189.2853240966797,88.30989837646484,2740.3701171875
2018-11-02,23.035879135131836,191.5537109375,87.8237075805664,2723.06005859375
2018-11-05,23.17629051208496,190.7447967529297,88.39903259277344,2738.31005859375
2018-11-06,23.300182342529297,190.31112670898438,88.81228637695312,2755.449951171875
2018-11-07,23.572750091552734,192.87973022460938,90.33570861816406,2813.889892578125
2018-11-08,23.845319747924805,193.18829345703125,91.06501007080078,2806.830078125
2018-11-09,23.556232452392578,185.68258666992188,90.18174743652344,2781.010009765625
2018-11-12,22.920249938964844,171.83876037597656,88.28558349609375,2726.219970703125
2018-11-13,22.928504943847656,171.00479125976562,88.80418395996094,2722.179931640625
2018-11-14,22.474227905273438,168.86985778808594,86.97285461425781,2701.580078125
2018-11-15,23.044139862060547,169.9122772216797,89.1931381225586,2730.199951171875
2018-11-16,22.920249938964844,168.56124877929688,89.1282958984375,2736.27001953125
2018-11-19,22.920249938964844,165.30882263183594,89.80899810791016,2690.72998046875
2018-11-20,22.61464500427246,159.5711669921875,87.88040161132812,2641.889892578125
2018-11-21,22.523788452148438,160.62193298339844,87.2240219116211,2649.929931640625
2018-11-23,22.2760009765625,157.70303344726562,86.42182922363281,2632.56005859375
2018-11-26,22.7633113861084,162.07301330566406,88.53677368164062,2673.449951171875
2018-11-27,22.911985397338867,161.49757385253906,88.9095230102539,2682.169921875
2018-11-28,23.481891632080078,165.41722106933594,89.89813995361328,2743.7900390625
2018-11-29,23.15976905822754,163.15640258789062,89.18505096435547,2737.800048828125
2018-11-30,23.457122802734375,159.67303466796875,90.10071563720703,2760.169921875
2018-12-03,23.572750091552734,160.4601593017578,90.95156860351562,2790.3701171875
2018-12-04,22.29252052307129,154.33079528808594,86.89177703857422,2700.06005859375
2018-12-06,21.82740020751953,154.1466064453125,85.23872375488281,2695.949951171875
2018-12-07,21.121416091918945,150.44552612304688,83.69908142089844,2633.080078125
2018-12-10,20.56493377685547,149.7421417236328,82.13516998291016,2637.719970703125
2018-12-11,20.415430068969727,148.04234313964844,81.33293914794922,2636.780029296875
2018-12-12,20.36559295654297,147.9585723876953,81.8596420288086,2651.070068359375
2018-12-13,20.265928268432617,147.3054962158203,81.94068145751953,2650.5400390625
2018-12-14,20.332374572753906,144.66790771484375,81.26810455322266,2599.949951171875
2018-12-17,20.32406997680664,140.68209838867188,80.23088073730469,2545.93994140625
2018-12-18,20.32406997680664,143.60438537597656,79.85003662109375,2546.159912109375
2018-12-19,20.08319854736328,141.7204132080078,78.83711242675781,2506.9599609375
2018-12-20,20.025062561035156,141.01702880859375,78.15641784667969,2467.419921875
2018-12-21,19.41044044494629,134.01683044433594,76.30888366699219,2416.6201171875
2018-12-24,18.87887191772461,130.9186248779297,74.66392517089844,2351.10009765625
2018-12-26,20.025062561035156,136.42835998535156,77.75936126708984,2467.699951171875
2018-12-27,20.241016387939453,138.50502014160156,78.63453674316406,2488.830078125
2018-12-28,20.257619857788086,136.51211547851562,78.46436309814453,2485.739990234375
2018-12-31,20.465267181396484,139.8782196044922,79.10453033447266,2506.85009765625
2019-01-02,20.731046676635742,144.04823303222656,80.4739761352539,2510.030029296875
2019-01-03,20.39881706237793,141.9381103515625,79.33029174804688,2447.889892578125
2019-01-04,21.246000289916992,146.57701110839844,82.2548599243164,2531.93994140625
2019-01-07,21.22939109802246,147.38922119140625,82.3120346069336,2549.68994140625
2019-01-08,21.187862396240234,146.8449249267578,82.1568374633789,2574.409912109375
2019-01-09,21.3955020904541,147.76597595214844,82.0179443359375,2584.9599609375
2019-01-10,21.370588302612305,147.3724365234375,82.00977325439453,2596.639892578125
2019-01-11,21.6197566986084,148.15121459960938,81.61766815185547,2596.260009765625
2019-01-14,21.90214729309082,149.65005493164062,82.45907592773438,2582.610107421875
2019-01-15,22.051651000976562,150.64651489257812,83.0635986328125,2610.300048828125
2019-01-16,23.629741668701172,165.023681640625,83.73345947265625,2616.10009765625
2019-01-17,24.0782470703125,166.7066650390625,84.07656860351562,2635.9599609375
2019-01-18,24.33572006225586,169.59559631347656,85.4407958984375,2670.7099609375
2019-01-22,24.161304473876953,165.5260772705078,84.09288787841797,2632.89990234375
2019-01-23,24.020109176635742,164.87290954589844,83.88050842285156,2638.699951171875
2019-01-24,24.152999877929688,165.6265869140625,83.92950439453125,2642.330078125
2019-01-25,24.568279266357422,168.08836364746094,84.46050262451172,2664.760009765625
2019-01-28,24.609817504882812,167.23422241210938,84.8608169555664,2643.85009765625
2019-01-29,24.410478591918945,167.8873748779297,85.09770202636719,2640.0
2019-01-30,24.14469337463379,169.5453338623047,85.29376983642578,2681.050048828125
2019-01-31,23.646343231201172,165.80238342285156,84.55036926269531,2704.10009765625
2019-02-01,23.571598052978516,164.5714569091797,84.8608169555664,2706.530029296875
2019-02-04,23.986881256103516,165.55958557128906,85.16304016113281,2724.8701171875
2019-02-05,23.903825759887695,165.80238342285156,84.78728485107422,2737.699951171875
2019-02-06,23.8622989654541,164.63848876953125,84.74642944335938,2731.610107421875
2019-02-07,23.455322265625,161.66590881347656,83.63543701171875,2706.050048828125
2019-02-08,23.496845245361328,160.49363708496094,82.80218505859375,2707.8798828125
2019-02-11,23.596513748168945,160.2089385986328,82.4100570678711,2709.800048828125
2019-02-12,23.829078674316406,162.85494995117188,83.8151626586914,2744.72998046875
2019-02-13,23.83738136291504,163.0224151611328,84.21541595458984,2753.030029296875
2019-02-14,23.579904556274414,161.21376037597656,83.66810607910156,2745.72998046875
2019-02-15,24.17791748046875,166.21270751953125,86.22502899169922,2775.60009765625
2019-02-19,24.19452667236328,166.3550567626953,85.92276763916016,2779.760009765625
2019-02-20,24.427087783813477,166.2964324951172,86.33940887451172,2784.699951171875
2019-02-21,24.327425003051758,164.4207763671875,86.1596908569336,2774.8798828125
2019-02-22,24.152999877929688,164.11935424804688,85.7757339477539,2792.669921875
2019-02-25,24.310808181762695,166.33828735351562,86.67434692382812,2796.110107421875
2019-02-26,24.327425003051758,166.54763793945312,86.01264190673828,2793.89990234375
2019-02-27,24.52676010131836,166.54766845703125,85.90644073486328,2792.3798828125
2019-02-28,24.27631378173828,165.37063598632812,85.2529296875,2784.489990234375
2019-03-01,24.46831512451172,166.63165283203125,85.31009674072266,2803.68994140625
2019-03-04,24.23457145690918,164.7653045654297,85.1140365600586,2792.81005859375
2019-03-05,24.27631378173828,164.78211975097656,85.04869842529297,2789.64990234375
2019-03-06,24.075958251953125,163.72279357910156,84.73008728027344,2771.449951171875
2019-03-07,23.833864212036133,162.06655883789062,84.11741638183594,2748.929931640625
2019-03-08,23.917339324951172,164.14312744140625,84.15009307861328,2743.070068359375
2019-03-11,24.159440994262695,164.75689697265625,85.2447280883789,2783.300048828125
2019-03-12,24.159440994262695,165.311767578125,84.99151611328125,2791.52001953125
2019-03-13,24.45162582397461,165.83302307128906,85.27741241455078,2810.919921875
2019-03-14,24.59354019165039,166.01795959472656,86.05347442626953,2808.47998046875
2019-03-15,24.45996856689453,166.68215942382812,87.04195404052734,2822.47998046875
2019-03-18,24.894071578979492,170.2216339111328,87.56478118896484,2832.93994140625
2019-03-19,24.75215721130371,169.0865936279297,87.24618530273438,2832.570068359375
2019-03-20,23.908994674682617,163.3697052001953,85.38362121582031,2824.22998046875
2019-03-21,23.524974822998047,163.58831787109375,84.03571319580078,2854.8798828125
2019-03-22,22.54825210571289,158.86341857910156,81.49512481689453,2800.7099609375
2019-03-25,22.406333923339844,158.48507690429688,80.81708526611328,2798.360107421875
2019-03-26,22.715213775634766,160.31785583496094,81.62581634521484,2818.4599609375
2019-03-27,22.5649471282959,159.76296997070312,81.34806060791016,2805.3701171875
2019-03-28,22.815393447875977,160.72982788085938,82.27119445800781,2815.43994140625
2019-03-29,23.032440185546875,161.41082763671875,82.69598388671875,2834.39990234375
2019-04-01,23.82551383972168,165.4042510986328,85.48165130615234,2867.18994140625
2019-04-02,24.100997924804688,166.04319763183594,85.89010620117188,2867.239990234375
2019-04-03,24.075958251953125,168.86805725097656,86.06165313720703,2873.39990234375
2019-04-04,24.334745407104492,170.019775390625,86.89305114746094,2879.389892578125
2019-04-05,24.27631378173828,170.14590454101562,86.687255859375,2892.739990234375
2019-04-08,24.351444244384766,170.28045654296875,86.9671401977539,2895.77001953125
2019-04-09,24.117698669433594,168.66627502441406,86.32508087158203,2878.199951171875
2019-04-10,24.267961502075195,170.65037536621094,86.71195220947266,2888.2099609375
2019-04-11,24.267961502075195,170.5242919921875,87.444580078125,2888.320068359375
2019-04-12,25.186256408691406,174.73631286621094,91.54390716552734,2907.409912109375
2019-04-15,24.910768508911133,168.06936645507812,90.49849700927734,2905.580078125
2019-04-16,24.944162368774414,169.6919403076172,91.453369140625,2907.06005859375
2019-04-17,25.069385528564453,174.7866973876953,94.08747100830078,2900.449951171875
2019-04-18,25.069385528564453,173.11370849609375,93.39602661132812,2905.030029296875
2019-04-22,25.086078643798828,172.01234436035156,93.51127624511719,2907.969970703125
2019-04-23,25.1027774810791,171.62562561035156,93.62651824951172,2933.679931640625
2019-04-24,25.061031341552734,168.59896850585938,93.47013092041016,2927.25
2019-04-25,25.111122131347656,169.32203674316406,93.51951599121094,2926.169921875
2019-04-26,25.336523056030273,170.73443603515625,94.22742462158203,2939.8798828125
2019-04-29,25.687143325805664,173.96286010742188,95.58566284179688,2943.030029296875
2019-04-30,25.528522491455078,173.1221160888672,95.52801513671875,2945.830078125
2019-05-01,25.26139259338379,172.12164306640625,94.79541015625,2923.72998046875
2019-05-02,25.461746215820312,172.34022521972656,95.00120544433594,2917.52001953125
2019-05-03,25.63705062866211,174.46728515625,95.58566284179688,2945.639892578125
2019-05-06,25.43669891357422,173.5509033203125,94.7378158569336,2932.469970703125
2019-05-07,24.97755241394043,170.35609436035156,93.19023132324219,2884.050048828125
2019-05-08,24.877378463745117,168.94369506835938,92.69635009765625,2879.419921875
2019-05-09,24.802244186401367,169.515380859375,92.62226104736328,2870.719970703125
2019-05-10,24.693714141845703,169.8684844970703,92.61402893066406,2881.39990234375
2019-05-13,23.583417892456055,163.91619873046875,90.09515380859375,2811.8701171875
2019-05-14,23.892303466796875,165.01751708984375,90.81129455566406,2834.409912109375
2019-05-15,23.616809844970703,165.11837768554688,90.46558380126953,2850.9599609375
2019-05-16,23.867252349853516,167.42201232910156,91.62623596191406,2876.320068359375
2019-05-17,23.708642959594727,165.98434448242188,91.18170928955078,2859.530029296875
2019-05-20,23.708642959594727,165.82460021972656,91.6591567993164,2840.22998046875
2019-05-21,23.95073699951172,167.3967742919922,91.97198486328125,2864.360107421875
2019-05-22,23.78377342224121,164.3785858154297,91.22286987304688,2856.27001953125
2019-05-23,23.174358367919922,161.3939971923828,89.42838287353516,2822.239990234375
2019-05-24,23.524974822998047,162.25990295410156,90.30918884277344,2826.06005859375
2019-05-28,23.291236877441406,159.2669677734375,89.32962036132812,2802.389892578125
2019-05-29,23.166013717651367,158.8109130859375,89.08267974853516,2783.02001953125
2019-05-30,22.673471450805664,158.23663330078125,88.12779235839844,2788.860107421875
2019-05-31,22.205978393554688,154.1154022216797,87.22232055664062,2752.06005859375
2019-06-03,22.27276039123535,154.70655822753906,87.63390350341797,2744.449951171875
2019-06-04,23.307933807373047,160.3563690185547,90.33386993408203,2803.27001953125
2019-06-05,23.29958152770996,159.14027404785156,90.6549301147461,2826.14990234375
2019-06-06,23.400300979614258,160.29725646972656,90.85247039794922,2843.489990234375
2019-06-07,23.106542587280273,160.29725646972656,89.8564453125,2873.340087890625
2019-06-10,23.559776306152344,163.93711853027344,90.8277587890625,2886.72998046875
2019-06-11,23.70245933532715,164.4522705078125,91.10767364501953,2885.719970703125
2019-06-12,23.459054946899414,160.6435546875,89.94699096679688,2879.840087890625
2019-06-13,23.45065689086914,161.68228149414062,90.16924285888672,2891.639892578125
2019-06-14,23.534591674804688,161.85964965820312,90.39972686767578,2886.97998046875
2019-06-17,23.442264556884766,161.15863037109375,89.90583038330078,2889.669921875
2019-06-18,24.02140235900879,164.66339111328125,91.13235473632812,2917.75
2019-06-19,23.76959991455078,165.2207794189453,90.47382354736328,2926.4599609375
2019-06-20,23.727638244628906,165.27146911621094,90.70426940917969,2954.179931640625
2019-06-21,23.60173797607422,165.47413635253906,90.08692169189453,2950.4599609375
2019-06-24,23.48423194885254,166.7831268310547,89.44486236572266,2945.35009765625
2019-06-25,23.29958152770996,165.57545471191406,88.7040023803711,2917.3798828125
2019-06-26,23.425479888916016,166.37779235839844,89.29669952392578,2913.780029296875
2019-06-27,23.67727279663086,168.32859802246094,89.59303283691406,2924.919921875
2019-06-28,24.34033966064453,172.78761291503906,92.02959442138672,2941.760009765625
2019-07-01,24.692859649658203,174.69625854492188,93.57714080810547,2964.330078125
2019-07-02,24.46623992919922,173.95306396484375,93.67591857910156,2973.010009765625
2019-07-03,24.382307052612305,174.0037384033203,93.52670288085938,2995.820068359375
2019-07-05,24.558561325073242,175.57447814941406,94.08213806152344,2990.409912109375
2019-07-08,24.50821304321289,173.75881958007812,93.56816101074219,2975.949951171875
2019-07-09,24.634103775024414,175.4647674560547,93.966064453125,2979.6298828125
2019-07-10,24.357128143310547,173.94464111328125,93.69247436523438,2993.070068359375
2019-07-11,24.642501831054688,178.4881134033203,94.5877914428711,2999.909912109375
2019-07-12,24.718036651611328,180.67543029785156,95.58261108398438,3013.77001953125
2019-07-15,24.524991989135742,178.6823272705078,94.42201232910156,3014.300048828125
2019-07-16,24.33194923400879,182.00975036621094,95.4333724975586,3004.0400390625
2019-07-17,24.49980926513672,180.13491821289062,94.4966049194336,2984.419921875
2019-07-18,24.743213653564453,181.16517639160156,95.0603256225586,2995.110107421875
2019-07-19,24.676071166992188,180.32069396972656,94.12357330322266,2976.610107421875
2019-07-22,24.818761825561523,180.72605895996094,94.72872924804688,2985.030029296875
2019-07-23,25.389497756958008,185.3118133544922,96.4613265991211,3005.469970703125
2019-07-24,25.74201202392578,187.50747680664062,96.85095977783203,3019.56005859375
2019-07-25,25.46503448486328,185.77627563476562,95.92249298095703,3003.669921875
2019-07-26,25.825939178466797,187.60040283203125,96.34527587890625,3025.860107421875
2019-07-29,25.616111755371094,186.0634002685547,96.03853607177734,3020.969970703125
2019-07-30,25.926658630371094,186.97544860839844,95.82299041748047,3013.179931640625
2019-07-31,25.750402450561523,185.9029541015625,96.16289520263672,2980.3798828125
2019-08-01,24.751611709594727,178.69921875,93.62615966796875,2953.56005859375
2019-08-02,24.659286499023438,176.8159637451172,93.61786651611328,2932.050048828125
2019-08-05,23.568166732788086,170.32162475585938,90.83248901367188,2844.739990234375
2019-08-06,23.853538513183594,173.97840881347656,91.54540252685547,2881.77001953125
2019-08-07,23.408693313598633,173.75039672851562,89.55585479736328,2883.97998046875
2019-08-08,23.81995964050293,174.8144989013672,91.07288360595703,2938.090087890625
2019-08-09,23.777999877929688,174.7300262451172,90.97340393066406,2918.64990234375
2019-08-12,23.19886589050293,170.18650817871094,89.26568603515625,2882.699951171875
2019-08-13,23.266008377075195,172.37379455566406,90.6418228149414,2926.320068359375
2019-08-14,22.17489242553711,165.1532440185547,86.87818145751953,2840.60009765625
2019-08-15,22.032209396362305,165.6768035888672,87.20980072021484,2847.60009765625
2019-08-16,22.686880111694336,168.41305541992188,89.29884338378906,2888.679931640625
2019-08-19,22.888320922851562,170.76080322265625,90.10296630859375,2923.64990234375
2019-08-20,22.426685333251953,168.885986328125,88.95895385742188,2900.510009765625
2019-08-21,22.602949142456055,169.47714233398438,89.20767974853516,2924.429931640625
2019-08-22,22.8211669921875,170.94656372070312,90.12782287597656,2922.949951171875
2019-08-23,22.216856002807617,165.69375610351562,87.88957214355469,2847.110107421875
2019-08-26,22.477046966552734,168.6072540283203,88.59420776367188,2878.3798828125
2019-08-27,22.216856002807617,167.27297973632812,87.65745544433594,2869.159912109375
2019-08-28,22.535802841186523,169.2575225830078,88.5361557006836,2887.93994140625
2019-08-29,22.93867301940918,172.88626098632812,90.5423355102539,2924.580078125
2019-08-30,23.089757919311523,173.2856903076172,91.07288360595703,2926.4599609375
2019-09-03,22.703664779663086,169.0875701904297,89.99520111083984,2906.27001953125
2019-09-04,23.07297134399414,171.43309020996094,91.08116912841797,2937.780029296875
2019-09-05,23.757293701171875,175.95407104492188,93.15364074707031,2976.0
2019-09-06,23.427804946899414,176.09007263183594,93.35260772705078,2978.7099609375
2019-09-09,24.18817138671875,180.14366149902344,95.66548919677734,2978.429931640625
2019-09-10,24.79646873474121,183.2454833984375,96.88411712646484,2979.389892578125
2019-09-11,24.889400482177734,184.23980712890625,97.1493911743164,3000.929931640625
2019-09-12,25.06682014465332,185.88845825195312,97.74626922607422,3009.570068359375
2019-09-13,25.4892578125,186.87423706054688,99.66952514648438,3007.389892578125
2019-09-16,25.45545196533203,184.59669494628906,98.78248596191406,2997.9599609375
2019-09-17,25.29493522644043,183.48350524902344,98.29338836669922,3005.699951171875
2019-09-18,25.34562110900879,184.47772216796875,99.27986907958984,3006.72998046875
2019-09-19,25.19354820251465,182.90557861328125,98.9648666381836,3006.7900390625
2019-09-20,24.999235153198242,181.63937377929688,98.56694793701172,2992.070068359375
2019-09-23,24.940093994140625,181.4013671875,98.55037689208984,2991.780029296875
2019-09-24,24.450075149536133,176.5489501953125,97.26543426513672,2966.60009765625
2019-09-25,24.711984634399414,178.48655700683594,97.82086944580078,2984.8701171875
2019-09-26,24.610595703125,176.94837951660156,97.01675415039062,2977.6201171875
2019-09-27,24.79646873474121,177.5857391357422,97.5887680053711,2961.7900390625
2019-09-30,24.644392013549805,176.10708618164062,97.56388092041016,2976.739990234375
2019-10-01,24.027652740478516,172.24888610839844,95.78983306884766,2940.25
2019-10-02,23.520736694335938,168.47573852539062,93.88316345214844,2887.610107421875
2019-10-03,23.495389938354492,167.61740112304688,93.74945831298828,2910.6298828125
2019-10-04,23.968507766723633,170.64279174804688,95.78007507324219,2952.010009765625
2019-10-07,23.91781997680664,170.30279541015625,95.57113647460938,2938.7900390625
2019-10-08,23.343320846557617,167.7278594970703,93.44029235839844,2893.06005859375
2019-10-09,23.562978744506836,167.28599548339844,94.11712646484375,2919.39990234375
2019-10-10,24.036100387573242,169.85243225097656,95.43743133544922,2938.1298828125
2019-10-11,24.42473030090332,173.9400634765625,97.05020141601562,2970.27001953125
2019-10-14,24.619047164916992,174.90884399414062,97.30924987792969,2966.14990234375
2019-10-15,25.117511749267578,175.4527130126953,100.24230194091797,2995.679931640625
2019-10-16,25.4892578125,176.2685546875,100.00834655761719,2989.68994140625
2019-10-17,25.565288543701172,175.4527130126953,100.56820678710938,2997.949951171875
2019-10-18,25.641315460205078,175.5037078857422,100.74370574951172,2986.199951171875
2019-10-21,26.207374572753906,177.82366943359375,103.24225616455078,3006.719970703125
2019-10-22,26.359455108642578,178.12112426757812,104.27842712402344,2995.989990234375
2019-10-23,26.545310974121094,179.5828094482422,104.55418395996094,3004.52001953125
2019-10-24,26.494625091552734,179.35337829589844,104.47896575927734,3010.2900390625
2019-10-25,26.798768997192383,182.0557861328125,105.3145980834961,3022.550048828125
2019-10-28,26.9001522064209,185.04713439941406,105.71569061279297,3039.419921875
2019-10-29,27.094470977783203,184.95361328125,105.64886474609375,3036.889892578125
2019-10-30,26.71428871154785,183.39849853515625,105.06391906738281,3046.77001953125
2019-10-31,26.4185848236084,181.3334503173828,104.38705444335938,3037.56005859375
2019-11-01,26.866355895996094,184.7411346435547,106.7936782836914,3066.909912109375
2019-11-04,27.373275756835938,186.84872436523438,107.64602661132812,3078.27001953125
2019-11-05,27.728113174438477,185.8033905029297,107.87999725341797,3074.6201171875
2019-11-06,27.702768325805664,185.61647033691406,108.04710388183594,3076.780029296875
2019-11-07,28.074495315551758,189.75511169433594,108.6320571899414,3085.179931640625
2019-11-08,28.099842071533203,189.43214416503906,108.9496078491211,3093.080078125
2019-11-11,28.032258987426758,186.1348876953125,108.56521606445312,3087.010009765625
2019-11-12,27.95621681213379,187.30760192871094,107.93012237548828,3091.840087890625
2019-11-13,27.702768325805664,186.38133239746094,107.36188507080078,3094.0400390625
2019-11-14,27.62672996520996,186.47483825683594,107.46218872070312,3096.6298828125
2019-11-15,27.821044921875,187.171630859375,108.23930358886719,3120.4599609375
2019-11-18,27.846389770507812,186.72970581054688,109.15013885498047,3122.030029296875
2019-11-19,27.82949447631836,186.99322509765625,109.11672973632812,3120.179931640625
2019-11-20,27.618276596069336,185.18307495117188,108.32286834716797,3108.4599609375
2019-11-21,27.74500846862793,185.45498657226562,108.57353973388672,3103.5400390625
2019-11-22,28.032258987426758,187.19712829589844,109.29219055175781,3110.2900390625
2019-11-25,28.277273178100586,189.2962188720703,109.87715911865234,3133.639892578125
2019-11-26,28.175886154174805,189.04122924804688,110.02753448486328,3140.52001953125
2019-11-27,28.23501968383789,189.46615600585938,110.35346221923828,3153.6298828125
2019-11-29,28.150535583496094,189.1670684814453,110.10275268554688,3140.97998046875
2019-12-02,28.243473052978516,185.99644470214844,109.86043548583984,3113.8701171875
2019-12-03,27.74500846862793,181.381591796875,108.44820404052734,3093.199951171875
2019-12-04,28.006914138793945,184.5436248779297,110.58743286132812,3112.760009765625
2019-12-05,28.108844757080078,185.56915283203125,111.1890869140625,3117.429931640625
2019-12-06,28.60153579711914,191.95309448242188,112.84363555908203,3145.909912109375
2019-12-09,28.465618133544922,189.5601806640625,112.31719207763672,3135.9599609375
2019-12-10,28.48261260986328,189.61996459960938,112.39238739013672,3132.52001953125
2019-12-11,28.5760498046875,189.0303192138672,112.12498474121094,3141.6298828125
2019-12-12,29.45950698852539,193.1836700439453,115.33381652832031,3168.570068359375
2019-12-13,29.255626678466797,192.28639221191406,114.32267761230469,3168.800048828125
2019-12-16,29.476490020751953,194.88438415527344,114.76556396484375,3191.449951171875
2019-12-17,29.765308380126953,197.5421600341797,115.46751403808594,3192.52001953125
2019-12-18,29.82478141784668,196.94393920898438,115.35050964355469,3191.139892578125
2019-12-19,29.688861846923828,196.50811767578125,114.77396392822266,3205.3701171875
2019-12-20,29.69735336303711,195.64498901367188,114.6820068359375,3221.219970703125
2019-12-23,29.8757381439209,195.78170776367188,114.64859771728516,3224.010009765625
2019-12-24,29.918212890625,196.4824676513672,114.96613311767578,3223.3798828125
2019-12-26,30.173057556152344,197.5934600830078,116.18619537353516,3239.909912109375
2019-12-27,30.028642654418945,197.12342834472656,116.26973724365234,3240.02001953125
2019-12-30,29.858747482299805,196.38844299316406,115.84353637695312,3221.2900390625
2019-12-31,29.918212890625,196.49952697753906,116.48694610595703,3230.780029296875
2020-01-02,30.27499008178711,200.2512969970703,117.89920806884766,3257.85009765625
2020-01-03,29.646379470825195,197.90966796875,116.34335327148438,3234.85009765625
2020-01-06,29.603914260864258,199.93508911132812,116.25083923339844,3246.280029296875
2020-01-07,29.408527374267578,201.25112915039062,114.27452087402344,3237.179931640625
2020-01-08,29.705846786499023,203.19105529785156,115.16595458984375,3253.050048828125
2020-01-09,29.75680923461914,207.32742309570312,115.58645629882812,3274.699951171875
2020-01-10,29.510467529296875,206.9086456298828,114.4343032836914,3265.35009765625
2020-01-13,29.782299041748047,209.5579071044922,115.38461303710938,3288.1298828125
2020-01-14,30.003158569335938,209.94253540039062,116.73026275634766,3283.14990234375
2020-01-15,29.451004028320312,209.5579071044922,114.98094940185547,3289.2900390625
2020-01-16,29.493486404418945,213.41224670410156,115.42668914794922,3316.81005859375
2020-01-17,29.4849853515625,213.1899871826172,116.22565460205078,3329.6201171875
2020-01-21,29.10272216796875,209.97671508789062,115.08187103271484,3320.7900390625
2020-01-22,29.187665939331055,211.1304168701172,114.94731140136719,3321.75
2020-01-23,28.98379898071289,209.87416076660156,114.82954406738281,3325.5400390625
2020-01-24,28.491111755371094,206.74630737304688,111.97860717773438,3295.469970703125
2020-01-27,27.90498161315918,203.51588439941406,111.03668975830078,3243.6298828125
2020-01-28,28.236268997192383,207.31036376953125,113.0550537109375,3276.239990234375
2020-01-29,28.040889739990234,205.20802307128906,112.88687896728516,3273.39990234375
2020-01-30,28.440139770507812,208.63499450683594,114.28292846679688,3283.659912109375
2020-01-31,27.887990951538086,203.18260192871094,111.31421661376953,3225.52001953125
2020-02-03,28.006916046142578,204.25938415527344,112.16358947753906,3248.919921875
2020-02-04,28.559059143066406,206.76339721679688,113.77832794189453,3297.590087890625
2020-02-05,29.4849853515625,208.78024291992188,115.71260833740234,3334.68994140625
2020-02-06,29.451004028320312,206.66085815429688,115.72941589355469,3345.780029296875
2020-02-07,29.40003776550293,203.396240234375,115.3593978881836,3327.7099609375
2020-02-10,29.467994689941406,202.8492889404297,115.8387680053711,3352.090087890625
2020-02-11,29.535951614379883,202.08013916015625,116.05741119384766,3357.75
2020-02-12,29.66338348388672,203.9517059326172,116.05741119384766,3379.449951171875
2020-02-13,29.65488624572754,203.69537353515625,115.95651245117188,3373.93994140625
2020-02-14,29.603914260864258,202.61000061035156,115.60328674316406,3380.159912109375
2020-02-18,29.111223220825195,199.30267333984375,114.07268524169922,3370.2900390625
2020-02-19,29.493486404418945,202.82366943359375,115.62850189208984,3386.14990234375
2020-02-20,29.603914260864258,198.8924560546875,115.62850189208984,3373.22998046875
2020-02-21,29.187665939331055,197.08921813964844,114.21562957763672,3337.75
2020-02-24,27.803035736083984,191.89324951171875,111.14599609375,3225.889892578125
2020-02-25,26.40142059326172,185.9708251953125,106.18411254882812,3128.2099609375
2020-02-26,26.019161224365234,184.4069061279297,106.50371551513672,3116.389892578125
2020-02-27,24.744956970214844,175.783935546875,102.07166290283203,2978.760009765625
2020-02-28,24.209796905517578,172.62832641601562,97.64801025390625,2954.219970703125
2020-03-02,24.948835372924805,180.1088409423828,102.19783782958984,3090.22998046875
2020-03-03,23.572694778442383,174.91549682617188,98.36286926269531,3003.3701171875
2020-03-04,24.116357803344727,179.48117065429688,100.79335021972656,3130.1201171875
2020-03-05,22.893869400024414,170.92584228515625,95.84830474853516,3023.93994140625
2020-03-06,21.979141235351562,165.8184814453125,90.89483642578125,2972.3701171875
2020-03-09,18.747669219970703,148.5874481201172,78.58264923095703,2746.56005859375
2020-03-10,20.183876037597656,158.5098876953125,84.68827819824219,2882.22998046875
2020-03-11,19.380287170410156,147.79638671875,80.70195007324219,2741.3798828125
2020-03-12,17.533729553222656,129.5593719482422,74.04967498779297,2480.639892578125
2020-03-13,20.654062271118164,152.33631896972656,87.38788604736328,2711.02001953125
2020-03-16,17.47388458251953,132.98150634765625,74.31037902832031,2386.1298828125
2020-03-17,18.7904109954834,136.42942810058594,78.85179138183594,2529.18994140625
2020-03-18,17.773099899291992,120.39358520507812,70.5511245727539,2398.10009765625
2020-03-19,18.123598098754883,128.5361785888672,71.73693084716797,2409.389892578125
2020-03-20,16.815622329711914,119.00926208496094,70.22315216064453,2304.919921875
2020-03-23,15.456350326538086,116.05142211914062,66.4638900756836,2237.39990234375
2020-03-24,17.978271484375,132.0701141357422,74.36924743652344,2447.330078125
2020-03-25,18.038108825683594,133.38565063476562,77.14454650878906,2475.56005859375
2020-03-26,19.42302894592285,142.5514373779297,82.51852416992188,2630.070068359375
2020-03-27,18.465553283691406,136.14569091796875,76.63995361328125,2541.469970703125
2020-03-30,18.841703414916992,137.24627685546875,78.63311004638672,2626.64990234375
2020-03-31,18.149250030517578,132.92132568359375,75.71485900878906,2584.590087890625
2020-04-01,16.901111602783203,124.92487335205078,70.94640350341797,2470.5
2020-04-02,17.58502197265625,128.91452026367188,73.59552764892578,2526.89990234375
2020-04-03,17.123384475708008,126.33501434326172,71.42021942138672,2488.64990234375
2020-04-06,18.286027908325195,136.05108642578125,76.01728820800781,2663.679931640625
2020-04-07,18.927188873291016,142.74920654296875,77.01997375488281,2659.409912109375
2020-04-08,20.047094345092773,152.1557159423828,80.13001251220703,2749.97998046875
2020-04-09,21.252490997314453,158.43252563476562,87.31875610351562,2789.820068359375
2020-04-13,20.44889259338379,154.06455993652344,83.43547821044922,2761.6298828125
2020-04-14,20.286466598510742,153.24771118164062,81.14968872070312,2846.06005859375
2020-04-15,18.969934463500977,153.49708557128906,77.1474380493164,2783.360107421875
2020-04-16,18.31167984008789,152.2245330810547,74.20736694335938,2799.550048828125
2020-04-17,19.901762008666992,157.7704315185547,80.8777847290039,2874.56005859375
2020-04-20,19.23495101928711,155.11358642578125,77.92919921875,2823.159912109375
2020-04-21,18.4997501373291,149.44725036621094,75.66889190673828,2736.56005859375
2020-04-22,18.636533737182617,151.31312561035156,75.91531372070312,2799.31005859375
2020-04-23,18.69637680053711,150.5134735107422,75.95779418945312,2797.800048828125
2020-04-24,18.961389541625977,152.19012451171875,77.0794448852539,2836.739990234375
2020-04-27,20.06418800354004,157.8134307861328,80.40193176269531,2878.47998046875
2020-04-28,20.423242568969727,160.7970733642578,80.97123718261719,2863.389892578125
2020-04-29,21.18409538269043,163.3937530517578,83.1550521850586,2939.510009765625
2020-04-30,20.560028076171875,157.71023559570312,81.37062072753906,2912.429931640625
2020-05-01,19.73078727722168,152.27615356445312,79.23777770996094,2830.7099609375
2020-05-04,19.60255241394043,151.35614013671875,78.29458618164062,2842.739990234375
2020-05-05,19.371728897094727,153.3079071044922,78.17562103271484,2868.43994140625
2020-05-06,19.106721878051758,152.12136840820312,76.70558166503906,2848.419921875
2020-05-07,19.525615692138672,156.76449584960938,77.50432586669922,2881.18994140625
2020-05-08,20.149681091308594,159.40415954589844,78.77043151855469,2929.800048828125
2020-05-11,19.303346633911133,157.4866943359375,76.45064544677734,2930.18994140625
2020-05-12,18.69637680053711,152.3707275390625,73.95244598388672,2870.1201171875
2020-05-13,17.841489791870117,147.7190399169922,71.4032211303711,2820.0
2020-05-14,18.559593200683594,149.99755859375,74.36882019042969,2852.5
2020-05-15,18.328771591186523,147.77920532226562,72.99222564697266,2863.699951171875
2020-05-18,19.60255241394043,156.3861083984375,76.8585205078125,2953.909912109375
2020-05-19,18.987030029296875,152.90380859375,75.34599304199219,2922.93994140625
2020-05-20,19.585453033447266,156.00779724121094,77.60628509521484,2971.610107421875
2020-05-21,19.576902389526367,154.85562133789062,76.62059020996094,2948.510009765625
2020-05-22,19.371728897094727,154.70945739746094,76.02578735351562,2955.449951171875
2020-05-26,20.75665283203125,168.57855224609375,81.42157745361328,2991.77001953125
2020-05-27,22.2099609375,180.27223205566406,86.13761901855469,3036.1298828125
2020-05-28,21.252490997314453,173.01522827148438,84.85453033447266,3029.72998046875
2020-05-29,20.619869232177734,170.00433349609375,82.68770599365234,3044.31005859375
2020-06-01,21.03876495361328,172.98065185546875,83.78385162353516,3055.72998046875
2020-06-02,21.23538589477539,176.62319946289062,84.06427764892578,3080.820068359375
2020-06-03,22.218507766723633,182.1864471435547,88.60185241699219,3122.8701171875
2020-06-04,23.05353355407715,185.86355590820312,90.44580841064453,3112.35009765625
2020-06-05,24.198463439941406,188.54574584960938,94.51604461669922,3193.929931640625
2020-06-08,24.568626403808594,191.04611206054688,96.4024429321289,3232.389892578125
2020-06-09,24.29315185546875,188.70147705078125,93.92969512939453,3207.179931640625
2020-06-10,22.89858055114746,184.7388153076172,90.12287902832031,3190.139892578125
2020-06-11,20.600114822387695,167.9624481201172,82.60272216796875,3002.10009765625
2020-06-12,21.33183479309082,174.58128356933594,84.863037109375,3041.31005859375
2020-06-15,21.650346755981445,178.5006866455078,86.03565979003906,3066.590087890625
2020-06-16,22.209896087646484,181.3385009765625,86.72394561767578,3124.739990234375
2020-06-17,21.52122688293457,178.39683532714844,84.5316390991211,3113.489990234375
2020-06-18,21.55565643310547,176.36358642578125,84.0727767944336,3115.340087890625
2020-06-19,21.736434936523438,174.45150756835938,83.11257934570312,3097.739990234375
2020-06-22,21.19410514831543,176.00022888183594,82.21185302734375,3117.860107421875
2020-06-23,21.340438842773438,177.1768798828125,83.21453857421875,3131.2900390625
2020-06-24,20.496810913085938,171.32809448242188,80.43590545654297,3050.330078125
2020-06-25,21.280187606811523,179.1842041015625,83.24005126953125,3083.760009765625
2020-06-26,19.928651809692383,163.68829345703125,78.67696380615234,3009.050048828125
2020-06-29,20.135255813598633,167.39144897460938,79.02533721923828,3053.239990234375
2020-06-30,20.445158004760742,170.9820556640625,79.92606353759766,3100.2900390625
2020-07-01,20.023345947265625,170.9387664794922,79.24627685546875,3115.860107421875
2020-07-02,20.04917335510254,170.7916717529297,79.50370025634766,3130.010009765625
2020-07-06,20.3676815032959,179.40911865234375,81.51143646240234,3179.719970703125
2020-07-07,19.808128356933594,172.48748779296875,79.21195220947266,3145.320068359375
2020-07-08,19.88560676574707,174.98794555664062,80.05282592773438,3169.93994140625
2020-07-09,19.60152816772461,170.29852294921875,78.31964111328125,3152.050048828125
2020-07-10,20.677589416503906,177.85174560546875,82.60110473632812,3185.0400390625
2020-07-13,20.823932647705078,180.72422790527344,83.7851791381836,3155.219970703125
2020-07-14,20.780893325805664,185.16275024414062,84.26567840576172,3197.52001953125
2020-07-15,21.1768798828125,187.66319274902344,85.56986999511719,3226.56005859375
2020-07-16,20.600114822387695,185.73379516601562,85.8100814819336,3215.570068359375
2020-07-17,19.988908767700195,182.9132080078125,84.22278594970703,3224.72998046875
2020-07-20,20.298816680908203,183.1727752685547,83.48487091064453,3251.840087890625
2020-07-21,21.021928787231445,183.4409942626953,85.2953109741211,3257.300048828125
2020-07-22,20.927236557006836,178.232421875,84.67752838134766,3276.02001953125
2020-07-23,21.125228881835938,175.65414428710938,84.92633819580078,3235.659912109375
2020-07-24,20.961668014526367,174.3130645751953,84.32572174072266,3215.6298828125
2020-07-27,20.780893325805664,175.65414428710938,83.14166259765625,3239.409912109375
2020-07-28,20.970277786254883,174.44281005859375,83.50202941894531,3218.43994140625
2020-07-29,21.753652572631836,175.2734375,85.5269546508789,3258.43994140625
2020-07-30,21.383481979370117,172.63455200195312,83.24462127685547,3246.219970703125
2020-07-31,21.417919158935547,171.27622985839844,82.91858673095703,3271.1201171875
2020-08-03,21.51261329650879,172.513427734375,82.45525360107422,3294.610107421875
2020-08-04,21.529830932617188,174.46017456054688,81.98336029052734,3306.510009765625
2020-08-05,21.856952667236328,176.95193481445312,83.40766143798828,3327.77001953125
2020-08-06,21.92582130432129,176.71835327148438,83.43338012695312,3349.159912109375
2020-08-07,22.476762771606445,180.1964874267578,85.26956176757812,3351.280029296875
2020-08-10,22.864145278930664,181.15684509277344,86.35065460205078,3360.469970703125
2020-08-11,23.174055099487305,182.6103515625,89.07913208007812,3333.68994140625
2020-08-12,23.010494232177734,183.5361785888672,88.32408142089844,3380.35009765625
2020-08-13,22.68336296081543,180.30032348632812,87.83502197265625,3373.429931640625
2020-08-14,22.786666870117188,179.93692016601562,87.86934661865234,3372.85009765625
2020-08-17,22.295976638793945,175.69737243652344,85.55268096923828,3381.989990234375
2020-08-18,21.977466583251953,174.1746368408203,84.36005401611328,3389.780029296875
2020-08-19,21.951644897460938,175.65414428710938,84.55741882324219,3374.85009765625
2020-08-20,21.60730743408203,174.64183044433594,83.54496002197266,3385.510009765625
2020-08-21,21.504003524780273,175.1436767578125,83.50202941894531,3397.159912109375
2020-08-24,22.11520767211914,179.39181518554688,85.8530044555664,3431.280029296875
2020-08-25,22.38206672668457,178.232421875,86.23050689697266,3443.6201171875
2020-08-26,22.003293991088867,179.2880096435547,85.02072143554688,3478.72998046875
2020-08-27,22.425111770629883,181.82302856445312,87.8178482055664,3484.550048828125
2020-08-28,22.640323638916016,179.71192932128906,88.17823028564453,3508.010009765625
2020-08-31,22.15825080871582,178.3279266357422,85.96453094482422,3500.31005859375
2020-09-01,22.13242530822754,178.84152221679688,85.9216537475586,3526.64990234375
2020-09-02,22.399288177490234,182.828125,87.21723175048828,3580.840087890625
2020-09-03,22.243255615234375,180.66943359375,86.94268798828125,3455.06005859375
2020-09-04,23.006078720092773,183.6114959716797,88.82172393798828,3426.9599609375
2020-09-08,22.087223052978516,176.24757385253906,85.73287200927734,3331.840087890625
2020-09-09,22.11322784423828,176.02127075195312,86.5479965209961,3398.9599609375
2020-09-10,21.792491912841797,174.09754943847656,85.65567016601562,3339.18994140625
2020-09-11,22.10455894470215,174.88970947265625,86.7196044921875,3340.969970703125
2020-09-14,22.321271896362305,175.25527954101562,87.92082214355469,3383.5400390625
2020-09-15,21.913854598999023,172.34803771972656,85.18376159667969,3401.199951171875
2020-09-16,22.191246032714844,174.68080139160156,85.54411315917969,3385.489990234375
2020-09-17,21.974533081054688,169.58865356445312,84.56597900390625,3357.010009765625
2020-09-18,21.853178024291992,169.61480712890625,84.38578033447266,3319.469970703125
2020-09-21,21.211708068847656,168.8662109375,81.77742004394531,3281.06005859375
2020-09-22,20.752283096313477,166.7945556640625,80.88507843017578,3315.570068359375
2020-09-23,20.16282844543457,162.00711059570312,79.57233428955078,3236.919921875
2020-09-24,20.2321720123291,169.83241271972656,79.50370025634766,3246.590087890625
2020-09-25,20.36220359802246,169.693115234375,80.19868469238281,3298.4599609375
2020-09-28,20.882308959960938,173.27935791015625,82.50674438476562,3351.60009765625
2020-09-29,20.60491943359375,171.29473876953125,81.81173706054688,3335.469970703125
2020-09-30,20.882308959960938,174.93321228027344,82.60110473632812,3363.0
2020-10-01,20.890974044799805,172.82675170898438,83.20172119140625,3380.800048828125
2020-10-02,20.986330032348633,174.0018310546875,83.99110412597656,3348.419921875
2020-10-05,21.34174346923828,175.65565490722656,85.76634979248047,3408.60009765625
2020-10-06,21.12502670288086,175.03765869140625,84.88306427001953,3360.969970703125
2020-10-07,21.56711769104004,177.22250366210938,86.36389923095703,3419.43994140625
2020-10-08,21.87917709350586,181.03501892089844,88.13912963867188,3446.830078125
2020-10-09,21.983200073242188,180.65203857421875,87.63687896728516,3477.139892578125
2020-10-12,22.26059341430664,186.3795166015625,88.71068572998047,3534.219970703125
2020-10-13,21.62779426574707,183.49838256835938,87.27315521240234,3511.929931640625
2020-10-14,20.47489356994629,183.8639678955078,86.78822326660156,3488.669921875
2020-10-15,20.934316635131836,181.57470703125,88.08718872070312,3483.340087890625
2020-10-16,21.01233673095703,179.49432373046875,87.90531158447266,3483.81005859375
2020-10-19,20.561573028564453,179.04171752929688,86.42449188232422,3426.919921875
2020-10-20,20.925649642944336,181.07852172851562,86.91812133789062,3443.1201171875
2020-10-21,20.84763526916504,176.6218719482422,86.05215454101562,3435.56005859375
2020-10-22,21.55845069885254,178.78927612304688,89.09168243408203,3453.489990234375
2020-10-23,21.584457397460938,178.47592163085938,89.89706420898438,3465.389892578125
2020-10-26,21.27238655090332,175.08116149902344,87.67151641845703,3400.969970703125
2020-10-27,20.67426300048828,170.32855224609375,86.01750183105469,3390.679931640625
2020-10-28,20.344858169555664,165.1842498779297,83.60140228271484,3271.030029296875
2020-10-29,20.405546188354492,165.33221435546875,84.14698028564453,3310.110107421875
2020-10-30,20.544235229492188,164.548828125,84.900390625,3269.9599609375
2020-11-02,20.873640060424805,165.55853271484375,86.8141860961914,3310.239990234375
2020-11-03,21.40241813659668,172.28704833984375,89.5506820678711,3369.159912109375
2020-11-04,20.526905059814453,172.23484802246094,86.8141860961914,3443.43994140625
2020-11-05,21.333065032958984,176.66539001464844,90.36470031738281,3510.449951171875
2020-11-06,21.073013305664062,175.18560791015625,89.16100311279297,3509.43994140625
2020-11-09,24.063636779785156,187.0846405029297,101.23271942138672,3550.5
2020-11-10,23.976947784423828,189.2955322265625,100.90363311767578,3545.530029296875
2020-11-11,23.699554443359375,189.80043029785156,99.39683532714844,3572.659912109375
2020-11-12,23.136104583740234,186.71902465820312,98.17581939697266,3537.010009765625
2020-11-13,23.404827117919922,190.69691467285156,98.79066467285156,3585.14990234375
2020-11-16,23.90760040283203,193.56944274902344,101.5791244506836,3626.909912109375
2020-11-17,23.881591796875,195.54534912109375,100.54857635498047,3609.530029296875
2020-11-18,23.387489318847656,195.2406768798828,99.80384826660156,3567.7900390625
2020-11-19,23.387489318847656,195.47567749023438,100.07231140136719,3581.8701171875
2020-11-20,23.240123748779297,194.41375732421875,99.2149658203125,3557.5400390625
2020-11-23,23.74289321899414,199.1837921142578,102.07270812988281,3577.590087890625
2020-11-24,25.121185302734375,206.73057556152344,106.79229736328125,3635.409912109375
2020-11-25,25.16452407836914,205.89492797851562,105.67516326904297,3629.64990234375
2020-11-27,25.12984848022461,204.90260314941406,104.97374725341797,3638.35009765625
2020-11-30,24.410367965698242,200.7070770263672,102.08136749267578,3621.6298828125
2020-12-01,24.869794845581055,203.1138153076172,103.69210052490234,3662.449951171875
2020-12-02,25.190526962280273,207.98861694335938,105.68385314941406,3669.010009765625
2020-12-03,25.216693878173828,206.08071899414062,104.99103546142578,3666.719970703125
2020-12-04,25.54814910888672,209.67776489257812,105.9436264038086,3699.1201171875
2020-12-07,25.37369728088379,208.6887969970703,105.54525756835938,3691.9599609375
2020-12-08,25.234142303466797,209.0300750732422,105.64920043945312,3702.25
2020-12-09,25.120746612548828,212.51336669921875,104.8265151977539,3672.820068359375
2020-12-10,25.39114761352539,213.89614868164062,104.15106964111328,3668.10009765625
2020-12-11,24.920137405395508,210.0365753173828,103.53620910644531,3663.4599609375
2020-12-14,24.614843368530273,208.1111602783203,102.44507598876953,3647.489990234375
2020-12-15,24.98118782043457,212.17201232910156,104.1943588256836,3694.6201171875
2020-12-16,25.050968170166016,213.34478759765625,104.49742889404297,3701.169921875
2020-12-17,25.14691925048828,213.9224395751953,103.63146209716797,3722.47998046875
2020-12-18,25.007356643676758,211.90948486328125,103.12055206298828,3709.409912109375
2020-12-21,25.94066047668457,224.90603637695312,106.99147033691406,3694.919921875
2020-12-22,25.47836685180664,218.8759765625,105.36341857910156,3687.260009765625
2020-12-23,26.211057662963867,224.44219970703125,108.30773162841797,3690.010009765625
2020-12-24,26.132553100585938,224.18841552734375,107.8314437866211,3703.06005859375
2020-12-28,26.280839920043945,227.1902618408203,108.54155731201172,3735.360107421875
2020-12-29,26.176172256469727,225.80746459960938,108.25576782226562,3727.0400390625
2020-12-30,26.15000343322754,227.0677490234375,108.55889129638672,3732.0400390625
2020-12-31,26.437843322753906,230.79608154296875,110.03968811035156,3756.070068359375
2021-01-04,26.193614959716797,231.92506408691406,109.00054168701172,3700.64990234375
2021-01-05,26.39423370361328,237.11485290527344,109.59361267089844,3726.860107421875
2021-01-06,28.042783737182617,249.91017150878906,114.73966979980469,3748.139892578125
2021-01-07,28.662071228027344,255.24879455566406,118.50764465332031,3803.7900390625
2021-01-08,28.374235153198242,253.8748016357422,118.63848876953125,3824.679931640625
2021-01-11,28.84524917602539,257.1567077636719,120.40909576416016,3799.610107421875
2021-01-12,29.359874725341797,264.4908447265625,122.30177307128906,3801.18994140625
2021-01-13,29.185428619384766,265.1296691894531,122.4151840209961,3809.840087890625
2021-01-14,29.647720336914062,269.44439697265625,123.1303482055664,3795.5400390625
2021-01-15,28.79291534423828,263.4406433105469,120.92365264892578,3768.25
2021-01-19,28.58357810974121,257.4805603027344,120.40033721923828,3798.909912109375
2021-01-20,28.20850944519043,254.2161865234375,118.5948715209961,3851.85009765625
2021-01-21,27.711328506469727,253.25340270996094,117.60054779052734,3853.070068359375
2021-01-22,27.519428253173828,253.27090454101562,116.69343566894531,3841.469970703125
2021-01-25,27.179258346557617,247.7134552001953,115.23683166503906,3855.360107421875
2021-01-26,26.98736000061035,246.59329223632812,114.765869140625,3849.6201171875
2021-01-27,26.019161224365234,239.2154083251953,111.5212173461914,3750.77001953125
2021-01-28,26.446561813354492,240.6943817138672,113.48370361328125,3787.3798828125
2021-01-29,25.86216163635254,237.3249969482422,112.22771453857422,3714.239990234375
2021-02-01,26.132553100585938,240.440673828125,113.05630493164062,3773.860107421875
2021-02-02,27.06586456298828,251.15296936035156,116.53644561767578,3826.31005859375
2021-02-03,27.545597076416016,252.53573608398438,117.8709487915039,3830.169921875
2021-02-04,28.348072052001953,257.0867004394531,120.58352661132812,3871.739990234375
2021-02-05,28.23467254638672,256.8678894042969,120.3480224609375,3886.830078125
2021-02-08,28.86269187927246,262.6878967285156,122.23197174072266,3915.590087890625
2021-02-09,28.740583419799805,262.9593200683594,121.7435531616211,3911.22998046875
2021-02-10,28.766742706298828,266.3023986816406,121.81333923339844,3909.8798828125
2021-02-11,28.679521560668945,264.5871276855469,121.47321319580078,3916.3798828125
2021-02-12,29.106922149658203,268.0878601074219,123.20014953613281,3934.830078125
2021-02-16,29.891948699951172,273.02398681640625,126.16567993164062,3932.590087890625
2021-02-17,30.014066696166992,273.70660400390625,126.55818939208984,3931.330078125
2021-02-18,29.82216453552246,271.2210998535156,126.98558807373047,3913.969970703125
2021-02-19,30.12745475769043,276.2271423339844,129.1050567626953,3906.7099609375
2021-02-22,30.65952491760254,277.3211669921875,130.31736755371094,3876.5
2021-02-23,30.982255935668945,279.3690185546875,131.36412048339844,3881.3701171875
2021-02-24,31.732397079467773,289.37249755859375,133.67544555664062,3925.429931640625
2021-02-25,31.339876174926758,286.8519287109375,131.86122131347656,3829.340087890625
2021-02-26,30.275737762451172,279.6053466796875,128.36366271972656,3811.14990234375
2021-03-01,31.217763900756836,289.8765563964844,131.26815795898438,3901.820068359375
2021-03-02,30.99098014831543,290.772705078125,130.84075927734375,3870.2900390625
2021-03-03,31.767282485961914,293.839111328125,133.3701629638672,3819.719970703125
2021-03-04,31.995197296142578,289.3229675292969,131.32046508789062,3768.469970703125
2021-03-05,32.37211990356445,287.635986328125,131.625732421875,3841.93994140625
2021-03-08,32.54743576049805,293.6282043457031,133.3701629638672,3821.35009765625
2021-03-09,31.83740234375,290.4652404785156,132.42816162109375,3875.43994140625
2021-03-10,32.7578125,300.5078125,135.30650329589844,3898.81005859375
2021-03-11,32.64386749267578,300.57818603515625,134.59999084472656,3939.340087890625
2021-03-12,33.25746536254883,306.47369384765625,136.1961212158203,3943.340087890625
2021-03-15,33.09092712402344,304.04876708984375,135.51580810546875,3968.93994140625
2021-03-16,32.9944953918457,300.2354736328125,133.8935089111328,3962.7099609375
2021-03-17,33.266239166259766,303.0822448730469,135.27157592773438,3974.1201171875
2021-03-18,34.1340446472168,305.7620849609375,137.50445556640625,3915.4599609375
2021-03-19,33.7746467590332,302.4232482910156,135.315185546875,3913.10009765625
2021-03-22,33.01202392578125,298.144287109375,131.67811584472656,3940.590087890625
2021-03-23,32.3458251953125,291.50189208984375,130.3610382080078,3910.52001953125
2021-03-24,32.3458251953125,288.7606201171875,131.37277221679688,3889.139892578125
2021-03-25,33.01202392578125,290.43011474609375,133.05615234375,3909.52001953125
2021-03-26,33.90613555908203,287.653564453125,135.27157592773438,3974.5400390625
2021-03-29,33.581809997558594,286.195068359375,133.16957092285156,3971.090087890625
2021-03-30,34.17787170410156,291.7127990722656,134.73953247070312,3958.550048828125
2021-03-31,33.9149055480957,287.3109130859375,132.77706909179688,3972.889892578125
2021-04-01,34.616172790527344,287.873291015625,134.0679931640625,4019.8701171875
2021-04-05,34.887908935546875,284.2708740234375,134.778564453125,4077.909912109375
2021-04-06,34.7914924621582,287.3636474609375,133.83103942871094,4073.93994140625
2021-04-07,35.107051849365234,286.91552734375,135.92787170410156,4079.949951171875
2021-04-08,34.80025100708008,290.9484558105469,136.09463500976562,4097.169921875
2021-04-09,35.05445861816406,290.65850830078125,137.11236572265625,4128.7998046875
2021-04-12,35.11582565307617,291.5634765625,136.82281494140625,4127.990234375
2021-04-13,34.46715545654297,287.9083557128906,135.1909637451172,4141.58984375
2021-04-14,34.95803451538086,294.64739990234375,132.66421508789062,4124.66015625
2021-04-15,33.958740234375,297.4590148925781,133.50643920898438,4170.419921875
2021-04-16,34.31813430786133,300.7626647949219,134.4978485107422,4185.47021484375
2021-04-19,34.335662841796875,301.4479675292969,133.9275665283203,4163.259765625
2021-04-20,33.38019943237305,291.59857177734375,130.9621124267578,4134.93994140625
2021-04-21,33.94120407104492,294.5772399902344,132.07632446289062,4173.419921875
2021-04-22,33.62562942504883,290.693603515625,129.29513549804688,4134.97998046875
2021-04-23,34.34443283081055,298.1619567871094,131.76927185058594,4180.169921875
2021-04-26,34.54603958129883,301.8258056640625,132.09390258789062,4187.6201171875
2021-04-27,34.95803451538086,304.558349609375,132.6992645263672,4186.72021484375
2021-04-28,35.08951950073242,305.858642578125,133.5590362548828,4183.18017578125
2021-04-29,36.036224365234375,310.12884521484375,136.1560516357422,4211.47021484375
2021-04-30,35.52780532836914,306.15740966796875,134.9453125,4181.169921875
2021-05-03,35.554115295410156,307.6598815917969,134.55052185058594,4192.66015625
2021-05-04,35.939796447753906,307.3787536621094,136.4104766845703,4164.66015625
2021-05-05,36.28166961669922,314.2145690917969,138.20028686523438,4167.58984375
2021-05-06,36.82514953613281,321.551025390625,140.98146057128906,4201.6201171875
2021-05-07,36.97417068481445,325.8738098144531,141.46397399902344,4232.60009765625
2021-05-10,36.86021423339844,323.93206787109375,141.44644165039062,4188.43017578125
2021-05-11,36.439456939697266,316.2353210449219,139.09515380859375,4152.10009765625
2021-05-12,36.09758377075195,311.3852844238281,138.13882446289062,4063.0400390625
2021-05-13,36.67613220214844,315.26007080078125,141.69215393066406,4112.5
2021-05-14,37.1319580078125,324.0111389160156,143.89425659179688,4173.85009765625
2021-05-17,37.465065002441406,324.432861328125,144.4733428955078,4163.2900390625
2021-05-18,36.956634521484375,320.3121032714844,142.43785095214844,4127.830078125
2021-05-19,36.79008865356445,314.8821716308594,141.34994506835938,4115.68017578125
2021-05-20,36.70242691040039,316.11236572265625,141.10430908203125,4159.1201171875
2021-05-21,37.16701889038086,321.8057861328125,142.7098388671875,4155.85986328125
2021-05-24,37.36863708496094,323.5893859863281,143.48190307617188,4197.0498046875
2021-05-25,36.82514953613281,320.2682189941406,141.9991912841797,4188.1298828125
2021-05-26,36.85144805908203,322.807373046875,141.98165893554688,4195.990234375
2021-05-27,37.29850387573242,326.2956237792969,144.1925811767578,4200.8798828125
2021-05-28,37.15825271606445,327.9706115722656,144.09608459472656,4204.10986328125
2021-06-01,37.62283706665039,337.15679931640625,145.68408203125,4202.0400390625
2021-06-02,37.64036178588867,338.0383605957031,145.69281005859375,4208.1201171875
2021-06-03,38.07170104980469,342.6932678222656,145.78936767578125,4192.85009765625
2021-06-04,38.08930969238281,345.0999755859375,146.02622985839844,4229.89013671875
2021-06-07,37.957275390625,342.1995544433594,145.34190368652344,4226.52001953125
2021-06-08,37.746002197265625,339.1492919921875,144.76284790039062,4227.259765625
2021-06-09,37.2530517578125,337.4566345214844,142.9555206298828,4219.5498046875
2021-06-10,36.698482513427734,329.66326904296875,140.72705078125,4239.18017578125
2021-06-11,36.84812927246094,333.2866516113281,140.63052368164062,4247.43994140625
2021-06-14,36.40799331665039,328.7641296386719,138.24415588378906,4255.14990234375
2021-06-15,36.43439483642578,327.3358459472656,136.14727783203125,4246.58984375
2021-06-16,36.63685989379883,327.0713806152344,137.1035919189453,4223.7001953125
2021-06-17,35.03477478027344,318.6962585449219,133.146728515625,4221.85986328125
2021-06-18,34.13688659667969,307.52642822265625,129.7777099609375,4166.4501953125
2021-06-21,34.99076461791992,315.2051086425781,131.9798583984375,4224.7900390625
2021-06-22,35.184417724609375,315.1963195800781,131.78684997558594,4246.43994140625
2021-06-23,35.38687515258789,318.2995300292969,132.585205078125,4241.83984375
2021-06-24,35.94145965576172,325.0877990722656,133.80471801757812,4266.490234375
2021-06-25,36.63685989379883,325.10540771484375,135.15585327148438,4280.7001953125
2021-06-28,36.58406066894531,325.05255126953125,135.4014892578125,4290.60986328125
2021-06-29,35.994266510009766,328.49957275390625,135.23483276367188,4291.7998046875
2021-06-30,36.293556213378906,334.5913391113281,136.46311950683594,4297.5
2021-07-01,36.566444396972656,330.5888977050781,137.81422424316406,4319.93994140625
2021-07-02,36.2231330871582,329.85723876953125,137.68186950683594,4352.33984375
2021-07-06,35.272438049316406,326.0663757324219,135.36996459960938,4343.5400390625
2021-07-07,34.99076461791992,324.1356201171875,135.5287628173828,4358.1298828125
2021-07-08,34.13688659667969,316.4393310546875,133.1904296875,4320.81982421875
2021-07-09,35.246036529541016,327.7413330078125,137.4524688720703,4369.5498046875
2021-07-12,35.7653923034668,335.44659423828125,139.42019653320312,4384.6298828125
2021-07-13,35.087581634521484,331.46173095703125,137.3465576171875,4369.2099609375
2021-07-14,34.20731735229492,330.0687255859375,136.87890625,4374.2998046875
2021-07-15,34.18090057373047,329.14312744140625,137.1788787841797,4360.02978515625
2021-07-16,33.379852294921875,321.60552978515625,134.04635620117188,4327.16015625
2021-07-19,32.50839614868164,312.7190856933594,129.687255859375,4258.490234375
2021-07-20,33.177398681640625,321.57025146484375,132.10508728027344,4323.06005859375
2021-07-21,33.855201721191406,329.2753601074219,134.88462829589844,4358.68994140625
2021-07-22,33.41507339477539,328.578857421875,133.1815948486328,4367.47998046875
2021-07-23,33.18620681762695,329.76019287109375,132.9257049560547,4411.7900390625
2021-07-26,33.56471633911133,331.3911437988281,133.81692504882812,4422.2998046875
2021-07-27,33.432674407958984,330.4566650390625,133.64047241210938,4401.4599609375
2021-07-28,33.56471633911133,329.9189758300781,133.86105346679688,4400.64013671875
2021-07-29,34.04887008666992,332.8458557128906,135.00820922851562,4419.14990234375
2021-07-30,33.76718521118164,330.491943359375,133.93161010742188,4395.259765625
2021-08-02,33.41507339477539,333.4100341796875,133.39334106445312,4387.16015625
2021-08-03,33.93443298339844,335.32305908203125,134.9110870361328,4423.14990234375
2021-08-04,33.68795394897461,333.1191711425781,133.4551239013672,4402.66015625
2021-08-05,34.3481559753418,338.7965393066406,135.1405487060547,4429.10009765625
2021-08-06,35.34286117553711,350.77740478515625,138.97897338867188,4436.52001953125
2021-08-09,35.80060577392578,352.5318298339844,138.82901000976562,4432.35009765625
2021-08-10,36.469608306884766,359.6639099121094,140.53204345703125,4436.75
2021-08-11,36.92734909057617,364.8829650878906,142.20863342285156,4442.41015625
2021-08-12,37.10341262817383,365.8614807128906,142.76451110839844,4460.830078125
2021-08-13,36.64566421508789,362.1412048339844,141.16734313964844,4468.0
2021-08-16,36.34636688232422,359.99896240234375,140.2408447265625,4479.7099609375
2021-08-17,36.17031478881836,357.0191345214844,138.5465850830078,4448.080078125
2021-08-18,35.906246185302734,351.5796813964844,137.28480529785156,4400.27001953125
2021-08-19,35.378074645996094,346.9689636230469,136.13766479492188,4405.7998046875
2021-08-20,35.53652572631836,348.9966125488281,136.52590942382812,4441.669921875
2021-08-23,36.01186752319336,353.9159240722656,138.2730712890625,4479.52978515625
2021-08-24,36.51362228393555,360.18402099609375,139.12899780273438,4486.22998046875
2021-08-25,37.10341262817383,364.2040710449219,141.99685668945312,4496.18994140625
2021-08-26,37.00657272338867,363.5782165527344,142.72923278808594,4470.0
2021-08-27,37.40269470214844,369.99615478515625,143.8763427734375,4509.3701171875
2021-08-30,36.672061920166016,364.6273193359375,141.57325744628906,4528.7900390625
2021-08-31,36.75129699707031,366.31927490234375,141.14089965820312,4522.68017578125
2021-09-01,36.25834655761719,366.4521789550781,140.93797302246094,4524.08984375
2021-09-02,36.29373550415039,367.1963195800781,141.59097290039062,4536.9501953125
2021-09-03,36.320274353027344,364.370361328125,140.73501586914062,4535.43017578125
2021-09-07,36.559173583984375,363.49334716796875,140.48794555664062,4520.02978515625
2021-09-08,36.08138656616211,358.78045654296875,139.86141967773438,4514.06982421875
2021-09-09,36.2140998840332,358.4083557128906,140.47027587890625,4493.27978515625
2021-09-10,35.63014602661133,357.4339904785156,138.85546875,4458.580078125
2021-09-13,36.22294998168945,362.5543212890625,141.06150817871094,4468.72998046875
2021-09-14,35.24967956542969,357.6199951171875,138.5995635986328,4443.0498046875
2021-09-15,35.515140533447266,356.0785827636719,139.56137084960938,4480.7001953125
2021-09-16,35.78940963745117,351.40997314453125,139.49961853027344,4473.75
2021-09-17,35.83365249633789,346.7856750488281,139.13784790039062,4432.990234375
2021-09-20,34.60380172729492,334.9769287109375,134.97288513183594,4357.72998046875
2021-09-21,34.62150192260742,332.9482727050781,134.9905242919922,4354.18994140625
2021-09-22,35.515140533447266,341.479248046875,137.5759735107422,4395.64013671875
2021-09-23,36.88654708862305,347.1400451660156,142.2262725830078,4448.97998046875
2021-09-24,37.28468704223633,346.245361328125,143.8675079345703,4455.47998046875
2021-09-27,38.2756462097168,354.18280029296875,147.34417724609375,4443.10986328125
2021-09-28,38.18717575073242,345.0494079589844,146.55003356933594,4352.6298828125
2021-09-29,38.107547760009766,340.9654846191406,146.4353485107422,4359.4599609375
2021-09-30,37.5589714050293,334.8883361816406,144.44107055664062,4307.5400390625
2021-10-01,38.11639404296875,336.633544921875,147.47657775878906,4357.0400390625
2021-10-04,38.34642791748047,331.4511413574219,147.31773376464844,4300.4599609375
2021-10-05,39.125038146972656,341.78045654296875,149.7234649658203,4345.72021484375
2021-10-06,39.14273452758789,343.7648010253906,150.0430908203125,4363.5498046875
2021-10-07,39.03656005859375,346.0415954589844,150.992919921875,4399.759765625
2021-10-08,39.23121643066406,347.98162841796875,151.10833740234375,4391.33984375
2021-10-11,38.7357292175293,341.2755432128906,147.93026733398438,4361.18994140625
2021-10-12,38.52338790893555,342.4183349609375,146.79396057128906,4350.64990234375
2021-10-13,38.16947937011719,342.2234191894531,142.92349243164062,4363.7998046875
2021-10-14,39.87710189819336,346.55535888671875,145.11619567871094,4438.259765625
2021-10-15,41.02731704711914,359.7283630371094,147.90362548828125,4471.3701171875
2021-10-18,40.94769287109375,366.478759765625,147.8503875732422,4486.4599609375
2021-10-19,41.12464904785156,365.1233215332031,149.64356994628906,4519.6298828125
2021-10-20,41.66435623168945,361.3407287597656,151.65870666503906,4536.18994140625
2021-10-21,41.43431854248047,361.0749206542969,150.46917724609375,4549.77978515625
2021-10-22,42.08905029296875,367.0368957519531,152.4931640625,4544.89990234375
2021-10-25,42.03596496582031,367.41778564453125,151.7475128173828,4566.47998046875
2021-10-26,42.434120178222656,369.9514465332031,152.1558380126953,4574.7900390625
2021-10-27,41.620113372802734,364.0869445800781,148.9866485595703,4551.68017578125
2021-10-28,42.27485656738281,367.4798278808594,151.23260498046875,4596.419921875
2021-10-29,42.27485656738281,366.177490234375,150.8153533935547,4605.3798828125
2021-11-01,42.336795806884766,369.1452941894531,150.73548889160156,4613.669921875
2021-11-02,42.363338470458984,375.47930908203125,151.3302459716797,4630.64990234375
2021-11-03,42.79688262939453,370.2082824707031,151.38352966308594,4660.56982421875
2021-11-04,41.876708984375,361.50018310546875,149.39505004882812,4680.06005859375
2021-11-05,41.558189392089844,360.6231384277344,149.18194580078125,4697.52978515625
2021-11-08,41.885562896728516,361.7393493652344,150.07859802246094,4701.7001953125
2021-11-09,41.478553771972656,359.090576171875,148.94227600097656,4685.25
2021-11-10,41.788230895996094,353.5715637207031,148.80023193359375,4646.7099609375
2021-11-11,42.01827621459961,356.424072265625,148.79136657714844,4649.27001953125
2021-11-12,41.505104064941406,358.7007751464844,148.12557983398438,4682.85009765625
2021-11-15,41.62895965576172,358.6122131347656,147.85926818847656,4682.7998046875
2021-11-16,41.6555061340332,357.08843994140625,146.79396057128906,4700.89990234375
2021-11-17,41.15119171142578,346.8654479980469,146.00392150878906,4688.669921875
2021-11-18,40.98307800292969,346.7059020996094,144.7433319091797,4704.5400390625
2021-11-19,40.16908264160156,343.18023681640625,142.85250854492188,4697.9599609375
2021-11-22,40.94769287109375,350.9493713378906,145.89739990234375,4682.93994140625
2021-11-23,42.02711486816406,359.967529296875,149.38613891601562,4690.7001953125
2021-11-24,42.14214324951172,353.6335144042969,148.21435546875,4701.4599609375
2021-11-26,40.48759841918945,344.951904296875,143.7490997314453,4594.6201171875
2021-11-29,40.337188720703125,342.42724609375,143.12770080566406,4655.27001953125
2021-11-30,39.346229553222656,337.510498046875,140.99716186523438,4567.0
2021-12-01,38.788822174072266,335.2753601074219,140.1626739501953,4513.0400390625
2021-12-02,39.90900802612305,345.12481689453125,143.1099395751953,4577.10009765625
2021-12-03,39.00218963623047,340.84124755859375,140.5177764892578,4538.43017578125
2021-12-06,39.25111770629883,346.692138671875,142.17779541015625,4591.669921875
2021-12-07,39.74898147583008,356.319091796875,144.31723022460938,4686.75
2021-12-08,39.260013580322266,353.83441162109375,142.66612243652344,4701.2099609375
2021-12-09,39.55339431762695,353.09521484375,142.44418334960938,4667.4501953125
2021-12-10,39.58007049560547,348.2595520019531,141.87600708007812,4712.02001953125
2021-12-13,38.74436569213867,342.542236328125,140.1893310546875,4668.97021484375
2021-12-14,39.23334503173828,346.26470947265625,141.26348876953125,4634.08984375
2021-12-15,39.06441879272461,347.2354431152344,140.2070770263672,4709.85009765625
2021-12-16,40.00680923461914,353.87890625,142.39976501464844,4668.669921875
2021-12-17,39.01107406616211,340.0130920410156,139.15951538085938,4620.64013671875
2021-12-20,38.3709831237793,330.93829345703125,136.6562042236328,4568.02001953125
2021-12-21,39.28668212890625,338.6950378417969,138.5648193359375,4649.22998046875
2021-12-22,39.36669921875,340.48504638671875,139.10629272460938,4696.56005859375
2021-12-23,39.49114990234375,342.8984375,139.6033935546875,4725.7900390625
2021-12-27,39.68674850463867,345.570068359375,140.40235900878906,4791.18994140625
2021-12-28,39.74009704589844,345.1871337890625,140.82847595214844,4786.35009765625
2021-12-29,39.6778564453125,343.9314880371094,140.75746154785156,4793.06005859375
2021-12-30,39.588951110839844,343.3258972167969,140.68643188476562,4778.72998046875
2021-12-31,39.55339431762695,340.6809997558594,140.57102966308594,4766.18017578125
2022-01-03,41.055877685546875,352.0621643066406,143.544921875,4796.56005859375
2022-01-04,42.6650390625,362.8824157714844,148.9866485595703,4793.5400390625
2022-01-05,41.94491195678711,355.0010681152344,146.26287841796875,4700.580078125
2022-01-06,42.78950881958008,353.487060546875,147.81678771972656,4696.0498046875
2022-01-07,43.72299575805664,354.0035705566406,149.2813720703125,4677.02978515625
2022-01-10,43.50074005126953,355.48193359375,149.42428588867188,4670.2900390625
2022-01-11,43.749664306640625,358.937255859375,149.57606506347656,4713.06982421875
2022-01-12,43.43850326538086,347.5915832519531,150.42446899414062,4726.35009765625
2022-01-13,43.3495979309082,348.0279846191406,150.23695373535156,4659.02978515625
2022-01-14,42.59391784667969,339.2471008300781,141.00286865234375,4662.85009765625
2022-01-18,41.12699890136719,315.61187744140625,135.09091186523438,4577.10986328125
2022-01-19,41.287017822265625,309.3067626953125,133.0011444091797,4532.759765625
2022-01-20,40.673587799072266,310.0014343261719,131.8669891357422,4482.72998046875
2022-01-21,39.9356803894043,306.2699890136719,129.56295776367188,4397.93994140625
2022-01-24,39.60673141479492,305.806884765625,129.4468231201172,4410.1298828125
2022-01-25,40.38909149169922,304.1683349609375,130.85784912109375,4356.4501953125
2022-01-26,40.80694580078125,305.1745300292969,132.0991668701172,4349.93017578125
2022-01-27,40.424659729003906,303.7052001953125,129.76829528808594,4326.509765625
2022-01-28,40.780269622802734,309.0307312011719,130.9292755126953,4431.85009765625
2022-01-31,41.02030944824219,315.8612365722656,132.70648193359375,4515.5498046875
2022-02-01,41.73153305053711,324.2145690917969,134.98370361328125,4546.5400390625
2022-02-02,41.68708801269531,323.3241271972656,133.90316772460938,4589.3798828125
2022-02-03,41.278133392333984,319.6015930175781,132.79576110839844,4477.43994140625
2022-02-04,42.922855377197266,327.3671569824219,136.2428741455078,4500.52978515625
2022-02-07,43.1273307800293,327.85699462890625,136.69839477539062,4483.8701171875
2022-02-08,43.90079879760742,329.5934753417969,139.27035522460938,4521.5400390625
2022-02-09,43.811893463134766,333.5386962890625,139.85084533691406,4587.18017578125
2022-02-10,43.607421875,330.0121154785156,139.27035522460938,4504.080078125
2022-02-11,42.60280227661133,323.3241271972656,137.45745849609375,4418.64013671875
2022-02-14,42.15827560424805,320.81268310546875,136.180419921875,4401.669921875
2022-02-15,42.48722457885742,324.10772705078125,138.1719207763672,4471.06982421875
2022-02-16,42.389427185058594,320.6435546875,138.42196655273438,4475.009765625
2022-02-17,40.95808029174805,310.8563537597656,135.23373413085938,4380.259765625
2022-02-18,40.86028289794922,308.1669006347656,135.8678436279297,4348.8701171875
2022-02-22,40.504669189453125,306.5905456542969,135.62672424316406,4304.759765625
2022-02-23,39.81121063232422,303.8476867675781,132.7868194580078,4225.5
2022-02-24,38.762149810791016,302.9571533203125,129.08963012695312,4288.7001953125
2022-02-25,40.02458953857422,311.80029296875,132.1438446044922,4384.64990234375
2022-02-28,39.29557418823242,303.93682861328125,126.63374328613281,4373.93994140625
2022-03-01,37.757537841796875,294.0023193359375,121.85595703125,4306.259765625
2022-03-02,38.3709831237793,301.3299560546875,124.38329315185547,4386.5400390625
2022-03-03,37.96001052856445,298.6783752441406,123.49918365478516,4363.490234375
2022-03-04,36.584205627441406,295.3191223144531,120.02523803710938,4328.8701171875
2022-03-07,34.25246047973633,288.3498229980469,115.39031982421875,4201.08984375
2022-03-08,34.475799560546875,287.88397216796875,114.5776596069336,4170.7001953125
2022-03-09,36.66459274291992,298.83062744140625,119.16789245605469,4277.8798828125
2022-03-10,36.33404541015625,295.525146484375,117.75688171386719,4259.52001953125
2022-03-11,36.030296325683594,292.92730712890625,115.10455322265625,4204.31005859375
2022-03-14,36.80753707885742,291.1177978515625,116.24763488769531,4173.10986328125
2022-03-15,37.0755615234375,294.86224365234375,118.3105697631836,4262.4501953125
2022-03-16,38.23696517944336,305.25360107421875,123.59742736816406,4357.85986328125
2022-03-17,38.442440032958984,307.50201416015625,125.16024780273438,4411.669921875
2022-03-18,38.32630920410156,309.3921813964844,125.11559295654297,4463.1201171875
2022-03-21,38.2726936340332,303.6769104003906,124.71370697021484,4461.18017578125
2022-03-22,39.46983337402344,307.26910400390625,127.36605072021484,4511.60986328125
2022-03-23,38.49604797363281,300.6401672363281,124.82978820800781,4456.240234375
2022-03-24,38.478172302246094,301.1955871582031,125.64248657226562,4520.16015625
2022-03-25,39.067806243896484,302.3242492675781,126.74092864990234,4543.06005859375
2022-03-28,38.90700149536133,300.3625183105469,125.80321502685547,4575.52001953125
2022-03-29,38.8087272644043,304.26812744140625,126.0800552368164,4631.60009765625
2022-03-30,38.41564178466797,300.6222839355469,125.50848388671875,4602.4501953125
2022-03-31,36.82540512084961,295.7042541503906,121.7398681640625,4530.41015625
2022-04-01,36.53952407836914,295.8117980957031,120.8379135131836,4545.85986328125
2022-04-04,36.47698974609375,294.0112609863281,121.37372589111328,4582.64013671875
2022-04-05,35.86055374145508,290.2040710449219,119.96125793457031,4525.1201171875
2022-04-06,35.46746826171875,283.3064270019531,118.29686737060547,4481.14990234375
2022-04-07,35.19050598144531,281.41619873046875,117.93700408935547,4500.2099609375
2022-04-08,35.4406623840332,287.9018859863281,120.09618377685547,4488.27978515625
2022-04-11,35.36919021606445,287.3375244140625,119.6553726196289,4412.52978515625
2022-04-12,34.99396514892578,286.4595947265625,118.34187316894531,4397.4501953125
2022-04-13,34.68128204345703,288.4214172363281,114.52728271484375,4446.58984375
2022-04-14,33.564552307128906,288.12579345703125,113.46568298339844,4392.58984375
2022-04-18,34.70808029174805,295.50714111328125,115.57090759277344,4391.68994140625
2022-04-19,35.351314544677734,300.9447326660156,117.96399688720703,4462.2099609375
2022-04-20,35.43172073364258,305.5223388671875,118.37785339355469,4459.4501953125
2022-04-21,34.76168441772461,299.46661376953125,117.4601821899414,4393.66015625
2022-04-22,33.55562210083008,286.4506530761719,114.08644104003906,4271.77978515625
2022-04-25,33.31440734863281,287.9287414550781,114.05046844482422,4296.1201171875
2022-04-26,32.56395721435547,280.4935607910156,110.67671203613281,4175.2001953125
2022-04-27,32.38528060913086,280.5921630859375,109.23724365234375,4183.9599609375
2022-04-28,32.885581970214844,285.23236083984375,110.964599609375,4287.5
2022-04-29,31.876047134399414,273.65869140625,107.38394927978516,4131.93017578125
2022-05-02,32.28700256347656,278.0749206542969,108.36457061767578,4155.3798828125
2022-05-03,33.17146301269531,281.8731384277344,110.68569946289062,4175.47998046875
2022-05-04,34.502601623535156,290.3384704589844,114.34735107421875,4300.169921875
2022-05-05,33.53774642944336,280.4488525390625,111.48640441894531,4146.8701171875
2022-05-06,33.457340240478516,280.3502197265625,111.30647277832031,4123.33984375
2022-05-09,32.49247741699219,276.7043762207031,109.63310241699219,3991.239990234375
2022-05-10,31.947519302368164,273.2733459472656,106.96110534667969,4001.050048828125
2022-05-11,31.777772903442383,270.12921142578125,106.2863540649414,3935.179931640625
2022-05-12,31.33107566833496,268.2121276855469,106.1963882446289,3930.080078125
2022-05-13,31.42042350769043,275.0023193359375,107.1410140991211,4023.889892578125
2022-05-16,31.098804473876953,271.822265625,106.3943099975586,4008.010009765625
2022-05-17,32.15299606323242,280.3592224121094,109.92098999023438,4088.85009765625
2022-05-18,31.161334991455078,274.7694396972656,108.04069519042969,3923.679931640625
2022-05-19,30.777177810668945,276.0862731933594,106.43928527832031,3900.7900390625
2022-05-20,30.250080108642578,274.83209228515625,105.56661224365234,3901.360107421875
2022-05-23,32.04578399658203,283.6199951171875,112.09818267822266,3973.75
2022-05-24,31.849241256713867,281.2371520996094,113.68159484863281,3941.47998046875
2022-05-25,32.01898956298828,282.0881042480469,114.47329711914062,3978.72998046875
2022-05-26,32.760494232177734,289.9084777832031,116.45255279541016,4057.840087890625
2022-05-27,33.073184967041016,294.3426818847656,118.09896087646484,4158.240234375
2022-05-31,33.23399353027344,294.5860595703125,118.96263122558594,4132.14990234375
2022-06-01,32.760494232177734,290.07952880859375,116.87540435791016,4101.22998046875
2022-06-02,32.97614669799805,292.24267578125,118.75569915771484,4176.81982421875
2022-06-03,32.51790237426758,287.2224426269531,117.10033416748047,4108.5400390625
2022-06-06,32.48194885253906,288.8719177246094,116.71345520019531,4121.43017578125
2022-06-07,32.66166305541992,289.77313232421875,117.01934814453125,4160.68017578125
2022-06-08,32.24833679199219,283.6173095703125,115.15704345703125,4115.77001953125
2022-06-09,31.00835609436035,274.1899108886719,112.73694610595703,4017.820068359375
2022-06-10,29.80432891845703,258.6877746582031,107.55488586425781,3900.860107421875
2022-06-13,28.771018981933594,255.3529510498047,104.35208129882812,3749.6298828125
2022-06-14,28.267833709716797,254.65000915527344,102.61572265625,3735.47998046875
2022-06-15,28.797971725463867,261.4366149902344,103.83026885986328,3789.989990234375
2022-06-16,28.61826515197754,256.84912109375,102.0489273071289,3666.77001953125
2022-06-17,28.681163787841797,252.1714324951172,101.68907165527344,3674.840087890625
2022-06-21,29.516796112060547,256.6959228515625,104.2081298828125,3764.7900390625
2022-06-22,29.29216194152832,256.45257568359375,103.62333679199219,3759.889892578125
2022-06-23,28.824926376342773,257.921630859375,102.4897689819336,3795.72998046875
2022-06-24,29.031591415405273,272.8649597167969,105.54863739013672,3911.739990234375
2022-06-27,29.067527770996094,271.0894775390625,104.70293426513672,3900.110107421875
2022-06-28,28.986663818359375,269.9267883300781,104.19912719726562,3821.550048828125
2022-06-29,28.627248764038086,273.3426818847656,103.7313003540039,3818.830078125
2022-06-30,27.97132110595703,267.7006530761719,101.31121826171875,3785.3798828125
2022-07-01,28.357690811157227,269.6924743652344,102.60671997070312,3825.330078125
2022-07-05,28.070158004760742,267.8629150390625,102.21644592285156,3831.389892578125
2022-07-06,27.83654022216797,264.762451171875,101.55387878417969,3845.080078125
2022-07-07,28.627248764038086,269.1246643066406,104.1224594116211,3902.6201171875
2022-07-08,28.564355850219727,267.2048645019531,103.79571533203125,3899.3798828125
2022-07-11,28.267833709716797,264.2396545410156,102.43427276611328,3854.429931640625
2022-07-12,28.17798614501953,263.6538391113281,102.53411865234375,3818.800048828125
2022-07-13,27.71074867248535,261.5087890625,101.57202911376953,3801.780029296875
2022-07-14,27.072784423828125,253.79371643066406,98.0232162475586,3790.3798828125
2022-07-15,28.977680206298828,264.8616027832031,102.5159683227539,3863.159912109375
2022-07-18,28.986663818359375,271.5220642089844,101.46312713623047,3830.85009765625
2022-07-19,29.966062545776367,286.65472412109375,103.97722625732422,3936.68994140625
2022-07-20,29.97504997253418,289.7191467285156,103.95909118652344,3959.89990234375
2022-07-21,30.235631942749023,294.3066711425781,104.66703033447266,3998.949951171875
2022-07-22,30.03795051574707,291.95428466796875,104.15876007080078,3961.6298828125
2022-07-25,30.307506561279297,292.1255187988281,104.57626342773438,3966.840087890625
2022-07-26,29.696504592895508,287.1053161621094,102.94254302978516,3921.050048828125
2022-07-27,30.18170738220215,292.5040588378906,104.59441375732422,4023.610107421875
2022-07-28,29.939109802246094,296.6229248046875,104.20414733886719,4072.429931640625
2022-07-29,30.37939453125,300.48052978515625,104.70331573486328,4130.2900390625
2022-08-01,30.289535522460938,299.2997741699219,103.65956115722656,4118.6298828125
2022-08-02,29.68752670288086,295.51434326171875,102.04400634765625,4091.18994140625
2022-08-03,30.226640701293945,300.2821960449219,103.11499786376953,4155.169921875
2022-08-04,30.0109920501709,299.1104736328125,101.98046875,4151.93994140625
2022-08-05,30.51417350769043,301.6341247558594,105.06639862060547,4145.18994140625
2022-08-08,30.09185791015625,301.64312744140625,103.78663635253906,4140.06005859375
2022-08-09,30.478225708007812,303.39166259765625,104.72148895263672,4122.47021484375
2022-08-10,31.511539459228516,313.5672302246094,107.45342254638672,4210.240234375
2022-08-11,32.26631164550781,316.9649963378906,109.04175567626953,4207.27001953125
2022-08-12,32.61674118041992,318.8938293457031,110.84793853759766,4280.14990234375
2022-08-15,32.571807861328125,320.723388671875,111.1474609375,4297.14013671875
2022-08-16,32.9222297668457,319.93023681640625,112.20935821533203,4305.2001953125
2022-08-17,32.715572357177734,318.8216857910156,111.26544952392578,4274.0400390625
2022-08-18,32.5987663269043,319.524658203125,110.4031982421875,4283.740234375
2022-08-19,31.87993621826172,314.79296875,107.6712646484375,4228.47998046875
2022-08-22,31.19706153869629,308.6191711425781,105.89232635498047,4137.990234375
2022-08-23,30.918508529663086,306.60015869140625,104.84854888916016,4128.72998046875
2022-08-24,31.017351150512695,308.18646240234375,105.1026840209961,4140.77001953125
2022-08-25,31.57443618774414,312.2873229980469,107.5986557006836,4199.1201171875
2022-08-26,30.577064514160156,303.1933898925781,104.07707214355469,4057.659912109375
2022-08-29,30.460262298583984,300.9582214355469,103.82294464111328,4030.610107421875
2022-08-30,30.630979537963867,300.69677734375,103.8410873413086,3986.159912109375
2022-08-31,30.19968032836914,302.09527587890625,103.22392272949219,3955.0
2022-09-01,30.272037506103516,302.84893798828125,103.9318618774414,3966.85009765625
2022-09-02,30.235857009887695,301.0146484375,103.20574188232422,3924.260009765625
2022-09-06,29.901214599609375,296.4832458496094,103.23297119140625,3908.18994140625
2022-09-07,30.362483978271484,300.17919921875,105.19344329833984,3979.8701171875
2022-09-08,31.339296340942383,304.55615234375,107.64403533935547,4006.179931640625
2022-09-09,31.60158920288086,308.84234619140625,108.16136169433594,4067.360107421875
2022-09-12,31.900043487548828,311.09442138671875,109.44112396240234,4110.41015625
2022-09-13,30.751401901245117,298.2085876464844,105.63818359375,3932.68994140625
2022-09-14,30.633821487426758,297.1824645996094,105.39311981201172,3946.010009765625
2022-09-15,31.212665557861328,301.1416931152344,106.98145294189453,3901.35009765625
2022-09-16,30.859933853149414,296.22894287109375,106.26444244384766,3873.330078125
2022-09-19,31.37546157836914,298.45379638671875,107.24466705322266,3899.889892578125
2022-09-20,30.9051513671875,293.5500183105469,105.12992095947266,3855.929931640625
2022-09-21,29.982614517211914,291.2344970703125,102.09845733642578,3789.929931640625
2022-09-22,29.39472007751465,284.1604919433594,100.93669128417969,3757.989990234375
2022-09-23,28.698291778564453,274.2167663574219,99.05790710449219,3693.22998046875
2022-09-26,28.065170288085938,267.5423278808594,96.92501831054688,3655.0400390625
2022-09-27,27.649126052856445,264.6001281738281,96.07183837890625,3647.2900390625
2022-09-28,28.101354598999023,273.1452331542969,98.01416015625,3719.0400390625
2022-09-29,27.730525970458984,268.89532470703125,96.35319519042969,3640.469970703125
2022-09-30,27.314477920532227,266.1166076660156,94.84654998779297,3585.6201171875
2022-10-03,28.119441986083984,271.656005859375,97.77816772460938,3678.429931640625
2022-10-04,29.286182403564453,285.93115234375,102.35258483886719,3790.929931640625
2022-10-05,28.87013816833496,280.60064697265625,101.0888671875,3783.280029296875
2022-10-06,28.45408821105957,276.6686706542969,99.02843475341797,3744.52001953125
2022-10-07,27.811925888061523,273.4085388183594,97.05044555664062,3639.659912109375
2022-10-10,27.730525970458984,272.9181823730469,96.14385223388672,3612.389892578125
2022-10-11,26.925559997558594,267.1699523925781,93.36915588378906,3588.840087890625
2022-10-12,27.006967544555664,268.16888427734375,94.88013458251953,3577.030029296875
2022-10-13,28.66211700439453,278.84808349609375,100.15482330322266,3669.909912109375
2022-10-14,28.671157836914062,272.4187316894531,101.82146453857422,3583.070068359375
2022-10-17,30.407705307006836,278.52117919921875,106.09797668457031,3677.949951171875
2022-10-18,31.547319412231445,285.00494384765625,108.82688903808594,3719.97998046875
2022-10-19,30.679039001464844,283.1070861816406,106.69322204589844,3695.159912109375
2022-10-20,30.48006248474121,282.2442932128906,106.34525299072266,3665.780029296875
2022-10-21,31.610628128051758,295.220947265625,111.93126678466797,3752.75
2022-10-24,31.719158172607422,298.4900817871094,112.0686264038086,3797.340087890625
2022-10-25,32.00858688354492,301.85003662109375,112.36165618896484,3859.110107421875
2022-10-26,32.288970947265625,304.83770751953125,113.65286254882812,3830.60009765625
2022-10-27,32.44272232055664,306.19073486328125,114.1015853881836,3807.300048828125
2022-10-28,32.72309875488281,310.4042663574219,115.45689392089844,3901.06005859375
2022-10-31,32.59648132324219,312.8470458984375,115.27371978759766,3871.97998046875
2022-11-01,32.7411994934082,316.54302978515625,117.35245513916016,3856.10009765625
2022-11-02,32.6417121887207,317.6418151855469,116.2718734741211,3759.68994140625
2022-11-03,32.4608154296875,316.8062744140625,116.48249816894531,3719.889892578125
2022-11-04,33.274818420410156,325.0155029296875,119.66927337646484,3770.550048828125
2022-11-07,33.47380447387695,329.2381286621094,120.30115509033203,3806.800048828125
2022-11-08,33.56424331665039,330.56396484375,120.37439727783203,3828.110107421875
2022-11-09,33.030616760253906,328.72955322265625,118.80850982666016,3748.570068359375
2022-11-10,34.486785888671875,343.5406188964844,123.69854736328125,3956.3701171875
2022-11-11,34.74003601074219,349.7701416015625,123.9000244140625,3992.929931640625
2022-11-14,34.15214157104492,347.2183837890625,122.62711334228516,3957.25
2022-11-15,34.097869873046875,347.69061279296875,121.73887634277344,3991.72998046875
2022-11-16,33.79035568237305,347.1911315917969,121.90370178222656,3958.7900390625
2022-11-17,33.61851119995117,344.8755187988281,121.37257385253906,3946.56005859375
2022-11-18,33.6365966796875,344.3487854003906,122.56304168701172,3965.340087890625
2022-11-21,33.74513626098633,345.2658996582031,121.839599609375,3949.93994140625
2022-11-22,33.90794372558594,348.58953857421875,123.66191101074219,4003.580078125
2022-11-23,34.016475677490234,350.7508544921875,124.98059844970703,4027.260009765625
2022-11-25,34.097869873046875,353.1210021972656,125.21870422363281,4026.1201171875
2022-11-28,33.33812713623047,347.2183837890625,123.03008270263672,3963.93994140625
2022-11-29,33.46475601196289,348.4443054199219,125.05386352539062,3957.6298828125
2022-11-30,34.23354721069336,352.95965576171875,126.53736877441406,4080.110107421875
2022-12-01,33.25101852416992,350.82080078125,124.76083374023438,4076.570068359375
2022-12-02,32.82344436645508,347.8684387207031,123.77181243896484,4071.699951171875
2022-12-05,31.358762741088867,339.6054382324219,120.30115509033203,3998.840087890625
2022-12-06,30.021446228027344,331.7172546386719,120.50260925292969,3941.260009765625
2022-12-07,29.784908294677734,328.98419189453125,120.42021179199219,3933.919921875
2022-12-08,29.51198959350586,327.3023376464844,121.68390655517578,3963.510009765625
2022-12-09,29.4574031829834,328.271240234375,121.02458953857422,3934.3798828125
2022-12-12,29.775814056396484,331.9639892578125,122.90187072753906,3990.56005859375
2022-12-13,29.794010162353516,337.0004577636719,122.78282165527344,4019.64990234375
2022-12-14,29.366430282592773,329.4046630859375,122.16926574707031,3995.320068359375
2022-12-15,28.9024658203125,319.76141357421875,119.13817596435547,3895.75
2022-12-16,28.838783264160156,316.58056640625,118.39640045166016,3852.360107421875
2022-12-19,29.166288375854492,314.9901428222656,119.1015396118164,3817.659912109375
2022-12-20,29.284549713134766,314.8804016113281,119.67845916748047,3821.6201171875
2022-12-21,29.730323791503906,320.0631103515625,121.02458953857422,3878.43994140625
2022-12-22,29.46649932861328,315.8767395019531,119.6509780883789,3822.389892578125
2022-12-23,29.539281845092773,315.8127746582031,120.21875,3844.820068359375
2022-12-27,29.59386444091797,312.5771179199219,120.63996124267578,3829.25
2022-12-28,29.812198638916016,311.5716247558594,121.29932403564453,3783.219970703125
2022-12-29,30.148807525634766,313.9115905761719,121.99526977539062,3849.280029296875
2022-12-30,30.1306095123291,313.8658447265625,122.80113220214844,3839.5
2023-01-03,30.485410690307617,316.4617614746094,123.73518371582031,3824.139892578125
2023-01-04,31.058547973632812,317.8145751953125,124.8890151977539,3852.969970703125
2023-01-05,30.9948673248291,314.2132263183594,124.86135864257812,3808.10009765625
2023-01-06,31.304174423217773,318.161865234375,127.25064849853516,3895.080078125
2023-01-09,30.83110809326172,322.6590576171875,126.72479248046875,3892.090087890625
2023-01-10,31.04035186767578,326.6441650390625,127.85952758789062,3919.25
2023-01-11,31.276887893676758,333.1522216796875,128.8096923828125,3969.610107421875
2023-01-12,31.358762741088867,338.1429748535156,128.6805419921875,3983.169921875
2023-01-13,32.050167083740234,341.8540344238281,131.92774963378906,3999.090087890625
2023-01-17,31.40424919128418,319.8437194824219,129.8889923095703,3990.969970703125
2023-01-18,30.676456451416016,319.0850830078125,125.98683166503906,3928.860107421875
2023-01-19,30.230680465698242,320.6024169921875,124.30786895751953,3898.85009765625
2023-01-20,30.794723510742188,312.458251953125,124.61226654052734,3972.610107421875
2023-01-23,31.222301483154297,319.13079833984375,126.63255310058594,4019.81005859375
2023-01-24,31.44973373413086,318.3903503417969,127.72111511230469,4016.949951171875
2023-01-25,31.722658157348633,319.57861328125,128.3392333984375,4016.219970703125
2023-01-26,32.150238037109375,324.4596252441406,129.13253784179688,4060.429931640625
2023-01-27,32.250308990478516,323.298828125,129.4462127685547,4070.56005859375
2023-01-30,32.11384582519531,326.7356262207031,128.34841918945312,4017.77001953125
2023-01-31,32.27760696411133,334.3679504394531,129.11410522460938,4076.60009765625
2023-02-01,32.67787551879883,334.2765197753906,128.77276611328125,4119.2099609375
2023-02-02,32.868927001953125,337.7134094238281,128.17315673828125,4179.759765625
2023-02-03,33.141845703125,338.152099609375,130.15652465820312,4136.47998046875
2023-02-06,33.0872688293457,338.9290771484375,130.92221069335938,4111.080078125
2023-02-07,33.4511604309082,342.2196044921875,132.5181427001953,4164.0
2023-02-08,33.20552444458008,342.85943603515625,131.58642578125,4117.85986328125
2023-02-09,32.495933532714844,336.36053466796875,129.5384521484375,4081.5
2023-02-10,32.36857223510742,339.3677673339844,130.11041259765625,4090.4599609375
2023-02-13,32.4322509765625,341.8721923828125,131.52186584472656,4137.2900390625
2023-02-14,32.40496063232422,339.8247985839844,132.10301208496094,4136.1298828125
2023-02-15,32.350379943847656,342.1647644042969,132.6565704345703,4147.60009765625
2023-02-16,32.09564971923828,338.3806457519531,130.82997131347656,4090.409912109375
2023-02-17,32.15933609008789,336.8266906738281,131.21743774414062,4079.090087890625
2023-02-21,31.40424919128418,330.08099365234375,128.8096923828125,3997.340087890625
2023-02-22,31.195009231567383,329.87078857421875,127.82258605957031,3991.050048828125
2023-02-23,31.167715072631836,332.2930603027344,128.84658813476562,4012.320068359375
2023-02-24,31.12222671508789,332.57647705078125,130.00894165039062,3970.0400390625
2023-02-27,31.12222671508789,334.11199951171875,131.14361572265625,3982.239990234375
2023-02-28,31.20410919189453,321.4249572753906,132.24142456054688,3970.14990234375
2023-03-01,31.058547973632812,318.7369079589844,131.50340270996094,3951.389892578125
2023-03-02,30.664825439453125,321.3790283203125,130.13809204101562,3981.35009765625
2023-03-03,31.27830696105957,328.7345275878906,132.52740478515625,4045.639892578125
2023-03-06,31.21419906616211,328.69769287109375,131.7524871826172,4048.419921875
2023-03-07,30.216157913208008,318.5987854003906,127.87794494628906,3986.3701171875
2023-03-08,29.813278198242188,321.55389404296875,127.12149810791016,3992.010009765625
2023-03-09,27.96367645263672,314.9256591796875,120.23959350585938,3918.320068359375
2023-03-10,27.716455459594727,301.6506652832031,123.29307556152344,3861.590087890625
2023-03-13,26.104928970336914,290.456298828125,121.07907104492188,3855.760009765625
2023-03-14,26.333843231201172,296.5689697265625,124.18791961669922,3919.2900390625
2023-03-15,26.086612701416016,287.3999328613281,118.3207778930664,3891.929931640625
2023-03-16,26.526124954223633,290.06964111328125,120.61781311035156,3960.280029296875
2023-03-17,25.47313690185547,279.4367980957031,116.06062316894531,3916.639892578125
2023-03-20,25.409040451049805,284.9510803222656,117.28755950927734,3951.570068359375
2023-03-21,26.178180694580078,292.085693359375,120.43331909179688,4002.8701171875
2023-03-22,25.308319091796875,288.76239013671875,117.3244857788086,3936.969970703125
2023-03-23,24.694839477539062,289.8486633300781,117.01080322265625,3948.719970703125
2023-03-24,24.850496292114258,287.74969482421875,115.23037719726562,3970.989990234375
2023-03-27,26.086612701416016,293.2364196777344,118.532958984375,3977.530029296875
2023-03-28,25.747827529907227,293.15362548828125,118.89273834228516,3971.27001953125
2023-03-29,26.251428604125977,295.2525634765625,119.13257598876953,4027.81005859375
2023-03-30,25.912641525268555,295.63922119140625,118.77281188964844,4050.830078125
2023-03-31,26.187335968017578,301.13519287109375,120.21192169189453,4109.31005859375
2023-04-03,26.178180694580078,300.5919494628906,120.07355499267578,4124.509765625
2023-04-04,25.61963653564453,297.0293273925781,118.46836853027344,4100.60009765625
2023-04-05,25.308319091796875,295.9982604980469,118.64502716064453,4090.3798828125
2023-04-06,25.4914493560791,296.7991638183594,118.51486206054688,4105.02001953125
2023-04-10,25.5830135345459,299.1559143066406,118.90536499023438,4109.10986328125
2023-04-11,26.288053512573242,301.37451171875,119.49108123779297,4108.93994140625
2023-04-12,26.077457427978516,304.0166320800781,119.47248840332031,4091.949951171875
2023-04-13,26.150707244873047,305.75653076171875,119.92806243896484,4146.22021484375
2023-04-14,27.029727935791016,310.1661071777344,128.98382568359375,4137.64013671875
2023-04-17,27.808021545410156,312.70697021484375,130.0065460205078,4151.31982421875
2023-04-18,27.981992721557617,307.3951721191406,131.46621704101562,4154.8701171875
2023-04-19,27.524171829223633,310.13861083984375,131.2989044189453,4154.52001953125
2023-04-20,27.37767219543457,311.8140563964844,130.91769409179688,4129.7900390625
2023-04-21,27.350200653076172,314.52972412109375,130.66661071777344,4133.52001953125
2023-04-24,27.249479293823242,316.64715576171875,130.8433074951172,4137.0400390625
2023-04-25,26.407087326049805,312.5228271484375,127.998291015625,4071.6298828125
2023-04-26,26.04083251953125,309.83477783203125,125.72968292236328,4055.989990234375
2023-04-27,26.4528751373291,314.47454833984375,127.42183685302734,4135.35009765625
2023-04-28,26.809972763061523,316.16839599609375,128.52821350097656,4169.47998046875
2023-05-01,26.5902156829834,313.5263671875,131.2802734375,4167.8701171875
2023-05-02,25.784452438354492,306.8981018066406,129.16046142578125,4119.580078125
2023-05-03,25.5097599029541,302.5528869628906,126.427001953125,4090.75
2023-05-04,24.713153839111328,295.749755859375,124.69767761230469,4061.219970703125
2023-05-05,25.37241554260254,301.0523376464844,127.13365173339844,4136.25
2023-05-08,25.354103088378906,300.58282470703125,127.4404296875,4138.1201171875
2023-05-09,25.326635360717773,298.9808654785156,126.82681274414062,4119.169921875
2023-05-10,25.01531219482422,296.9372253417969,126.89187622070312,4137.64013671875
2023-05-11,25.07940673828125,295.2525634765625,126.4920654296875,4130.6201171875
2023-05-12,24.804718017578125,294.1294250488281,124.67908477783203,4124.080078125
2023-05-15,25.317480087280273,296.495361328125,125.72968292236328,4136.27978515625
2023-05-16,25.05194091796875,295.33538818359375,124.8836441040039,4109.89990234375
2023-05-17,26.159868240356445,303.96136474609375,128.72348022460938,4158.77001953125
2023-05-18,26.068302154541016,303.40899658203125,129.69973754882812,4198.0498046875
2023-05-19,25.738676071166992,300.2513732910156,129.40219116210938,4191.97998046875
2023-05-22,25.949270248413086,299.1190490722656,128.3330078125,4192.6298828125
2023-05-23,26.169021606445312,297.8763122558594,126.994140625,4145.580078125
2023-05-24,25.72951316833496,294.4148254394531,125.83194732666016,4115.240234375
2023-05-25,25.793609619140625,298.16168212890625,126.13876342773438,4151.27978515625
2023-05-26,25.921798706054688,305.6460876464844,127.3195571899414,4205.4501953125
2023-05-30,25.876014709472656,304.55975341796875,127.80304718017578,4205.52001953125
2023-05-31,25.445663452148438,300.450439453125,126.1760025024414,4179.830078125
2023-06-01,25.63948631286621,293.4934997558594,127.91462707519531,4221.02001953125
2023-06-02,26.497825622558594,300.2185974121094,130.60159301757812,4282.3701171875
2023-06-05,26.340925216674805,298.5117492675781,129.3185272216797,4273.7900390625
2023-06-06,26.97775650024414,303.1405029296875,129.55093383789062,4283.85009765625
2023-06-07,27.208492279052734,311.442626953125,130.80613708496094,4267.52001953125
2023-06-08,26.97775650024414,311.18280029296875,130.8433074951172,4293.93017578125
2023-06-09,27.014680862426758,311.6930236816406,131.10365295410156,4298.85986328125
2023-06-12,26.885461807250977,314.9118347167969,131.09434509277344,4338.93017578125
2023-06-13,27.134660720825195,317.7039489746094,132.0426788330078,4369.009765625
2023-06-14,26.876235961914062,313.9192810058594,131.54995727539062,4372.58984375
2023-06-15,27.106971740722656,315.1436767578125,133.0375213623047,4425.83984375
2023-06-16,26.94084358215332,313.81719970703125,133.19558715820312,4409.58984375
2023-06-20,26.6455020904541,306.7767333984375,132.516845703125,4388.7099609375
2023-06-21,26.368616104125977,301.5357666015625,132.32162475585938,4365.68994140625
2023-06-22,25.80561637878418,296.44317626953125,129.77407836914062,4381.89013671875
2023-06-23,25.611797332763672,291.9257507324219,129.0953826904297,4348.330078125
2023-06-26,25.925600051879883,289.74591064453125,129.41148376464844,4328.81982421875
2023-06-27,26.064037322998047,290.757080078125,129.4207763671875,4378.41015625
2023-06-28,25.907136917114258,290.95184326171875,128.85365295410156,4376.85986328125
2023-06-29,26.451675415039062,299.6990966796875,133.3536376953125,4396.43994140625
2023-06-30,26.479366302490234,299.1889343261719,135.222412109375,4450.3798828125
2023-07-03,26.9500675201416,302.9642639160156,136.31021118164062,4455.58984375
2023-07-05,26.839317321777344,296.8792724609375,135.4021759033203,4446.81982421875
2023-07-06,26.10095977783203,290.339599609375,134.06349182128906,4411.58984375
2023-07-07,26.331697463989258,292.3525085449219,135.12130737304688,4398.9501953125
2023-07-10,26.451675415039062,293.5583801269531,135.8795928955078,4409.52978515625
2023-07-11,26.783937454223633,297.6491394042969,138.00460815429688,4439.259765625
2023-07-12,27.09774398803711,302.76947021484375,138.68797302246094,4472.16015625
2023-07-13,27.38385581970215,304.8843994140625,139.3620147705078,4510.0400390625
2023-07-14,26.86700439453125,302.57464599609375,140.2045440673828,4505.419921875
2023-07-17,27.134660720825195,303.5115966796875,143.583984375,4522.7900390625
2023-07-18,28.334491729736328,312.85247802734375,143.84608459472656,4554.97998046875
2023-07-19,29.10053825378418,315.89508056640625,144.39837646484375,4565.72021484375
2023-07-20,29.24820899963379,325.4586181640625,146.17706298828125,4534.8701171875
2023-07-21,29.515867233276367,326.4790344238281,145.05368041992188,4536.33984375
2023-07-24,30.13424301147461,332.9443664550781,147.90890502929688,4554.64013671875
2023-07-25,29.67276382446289,329.0205993652344,146.80426025390625,4567.4599609375
2023-07-26,29.91272735595703,331.6735534667969,147.68421936035156,4566.75
2023-07-27,29.488182067871094,328.8443908691406,146.0553741455078,4537.41015625
2023-07-28,29.442028045654297,327.6571044921875,146.88853454589844,4582.22998046875
2023-07-31,29.534326553344727,330.1059265136719,147.8714599609375,4588.9599609375
2023-08-01,29.183603286743164,331.8219909667969,147.14126586914062,4576.72998046875
2023-08-02,28.786741256713867,325.68133544921875,145.4749298095703,4513.39013671875
2023-08-03,28.989784240722656,327.5920715332031,146.36428833007812,4501.89013671875
2023-08-04,28.88825798034668,327.6477966308594,146.0553741455078,4478.02978515625
2023-08-07,29.423568725585938,329.8184509277344,146.74807739257812,4518.43994140625
2023-08-08,28.860572814941406,323.046875,145.92428588867188,4499.3798828125
2023-08-09,28.48216438293457,317.88018798828125,143.96775817871094,4467.7099609375
2023-08-10,28.555999755859375,315.7559509277344,143.7524871826172,4468.830078125
2023-08-11,28.8790283203125,316.0620422363281,144.58563232421875,4464.0498046875
2023-08-14,28.546770095825195,313.2885437011719,144.88519287109375,4489.72021484375
2023-08-15,27.633052825927734,308.15887451171875,141.1968231201172,4437.85986328125
2023-08-16,27.03313446044922,305.28326416015625,140.59768676757812,4404.330078125
2023-08-17,27.023908615112305,303.8083801269531,139.13735961914062,4370.35986328125
2023-08-18,26.86700439453125,301.4059143066406,139.45559692382812,4369.7099609375
2023-08-21,26.903921127319336,298.74365234375,139.93301391601562,4399.77001953125
2023-08-22,26.24863052368164,295.7104187011719,137.03103637695312,4387.5498046875
2023-08-23,26.25786018371582,298.994140625,137.95779418945312,4436.009765625
2023-08-24,26.414756774902344,296.7957458496094,137.82676696777344,4376.31005859375
2023-08-25,26.304006576538086,296.97198486328125,137.65826416015625,4405.7099609375
2023-08-28,26.543977737426758,302.3706359863281,138.1356658935547,4433.31005859375
2023-08-29,26.922380447387695,308.4742431640625,139.25901794433594,4497.6298828125
2023-08-30,26.802396774291992,307.33306884765625,138.6973419189453,4514.8701171875
2023-08-31,26.681413650512695,306.5193786621094,136.98423767089844,4507.66015625
2023-09-01,26.96991539001465,306.22943115234375,137.4429473876953,4515.77001953125
2023-09-05,26.662803649902344,302.8153991699219,135.9263916015625,4496.830078125
2023-09-06,26.42083740234375,300.3648681640625,135.7017364501953,4465.47998046875
2023-09-07,26.178871154785156,301.14117431640625,134.54092407226562,4451.14013671875
2023-09-08,26.392921447753906,304.4709777832031,134.64389038085938,4457.490234375
2023-09-11,26.504594802856445,303.6572570800781,135.23370361328125,4487.4599609375
2023-09-12,26.960609436035156,309.5030822753906,136.99359130859375,4461.89990234375
2023-09-13,26.87685203552246,313.31927490234375,137.05911254882812,4467.43994140625
2023-09-14,27.174654006958008,322.2891845703125,139.7177276611328,4505.10009765625
2023-09-15,26.839624404907227,320.39044189453125,139.30584716796875,4450.31982421875
2023-09-18,26.76517677307129,321.1199951171875,139.59600830078125,4453.52978515625
2023-09-19,26.662803649902344,319.7824401855469,139.41815185546875,4443.9501953125
2023-09-20,26.569740295410156,314.9281005859375,138.82843017578125,4402.2001953125
2023-09-21,26.10441780090332,308.8857727050781,137.7424774169922,4330.0
2023-09-22,25.722858428955078,306.6877136230469,136.4225311279297,4320.06005859375
2023-09-25,25.68563461303711,307.5763244628906,137.09657287597656,4337.43994140625
2023-09-26,25.285457611083984,302.88092041015625,135.6736602783203,4273.52978515625
2023-09-27,25.378522872924805,301.1318359375,136.46937561035156,4274.509765625
2023-09-28,25.648406982421875,304.17169189453125,138.16375732421875,4299.7001953125
2023-09-29,25.480892181396484,302.6471252441406,135.7579345703125,4288.0498046875
2023-10-02,24.848060607910156,297.9049072265625,134.5877227783203,4288.39013671875
2023-10-03,24.112852096557617,286.325439453125,133.59544372558594,4229.4501953125
2023-10-04,24.14077377319336,288.64508056640625,134.19454956054688,4263.75
2023-10-05,24.25244903564453,290.4222412109375,134.76040649414062,4258.18994140625
2023-10-06,24.261754989624023,292.27423095703125,136.8350830078125,4308.5
2023-10-09,24.485107421875,292.395751953125,136.5238800048828,4335.66015625
2023-10-10,25.136554718017578,294.4161376953125,137.35374450683594,4358.240234375
2023-10-11,25.14586067199707,292.779296875,137.8252716064453,4376.9501953125
2023-10-12,25.03418731689453,289.8142395019531,137.50462341308594,4349.60986328125
2023-10-13,24.903898239135742,289.2998046875,139.5698699951172,4327.77978515625
2023-10-16,25.117944717407227,294.0606689453125,139.4284210205078,4373.6298828125
2023-10-17,25.70424461364746,289.35595703125,139.12667846679688,4373.2001953125
2023-10-18,25.415748596191406,282.4344787597656,137.5989532470703,4314.60009765625
2023-10-19,25.090023040771484,279.8436279296875,137.01425170898438,4278.0
2023-10-20,24.485107421875,280.6479187011719,134.8075408935547,4224.16015625
2023-10-23,23.79643440246582,279.87164306640625,132.96859741210938,4217.0400390625
2023-10-24,23.703371047973633,279.8342590332031,133.1289520263672,4247.68017578125
2023-10-25,23.777820587158203,277.5706787109375,132.4027862548828,4186.77001953125
2023-10-26,24.308286666870117,277.78582763671875,132.74224853515625,4137.22998046875
2023-10-27,23.424182891845703,271.1636657714844,127.9610595703125,4117.3701171875
2023-10-30,23.908109664916992,281.3774719238281,129.59251403808594,4166.81982421875
2023-10-31,24.51302719116211,283.9777526855469,131.13912963867188,4193.7998046875
2023-11-01,24.568864822387695,287.2982177734375,131.0259246826172,4237.85986328125
2023-11-02,25.70424461364746,293.4714050292969,133.3646697998047,4317.77978515625
2023-11-03,26.448759078979492,306.4351806640625,134.85467529296875,4358.33984375
2023-11-06,26.364999771118164,302.965087890625,135.87313842773438,4365.97998046875
2023-11-07,26.206789016723633,303.0025329589844,135.80714416503906,4378.3798828125
2023-11-08,25.95551872253418,303.5730285644531,136.47671508789062,4382.77978515625
2023-11-09,25.6204891204834,300.0375671386719,136.0712127685547,4347.35009765625
2023-11-10,25.760082244873047,304.4616394042969,138.0893096923828,4415.240234375
2023-11-13,25.778696060180664,305.7710876464844,137.4763641357422,4411.5498046875
2023-11-14,27.193265914916992,316.8174743652344,139.98484802246094,4495.7001953125
2023-11-15,27.56552505493164,315.7698974609375,141.21078491210938,4502.8798828125
2023-11-16,27.49107551574707,314.8999938964844,142.82337951660156,4508.240234375
2023-11-17,27.90055274963379,317.25701904296875,144.11534118652344,4514.02001953125
2023-11-20,27.9284725189209,317.5002746582031,144.55856323242188,4547.3798828125
2023-11-21,27.60274887084961,313.3099060058594,144.25680541992188,4538.18994140625
2023-11-22,27.574831008911133,316.7426452636719,144.59628295898438,4556.6201171875
2023-11-24,27.667888641357422,317.2196960449219,144.7943115234375,4559.33984375
2023-11-27,27.509687423706055,315.8727722167969,144.46424865722656,4550.43017578125
2023-11-28,27.481765747070312,315.8166809082031,144.7943115234375,4554.89013671875
2023-11-29,28.20766258239746,320.87127685546875,145.52989196777344,4550.580078125
2023-11-30,28.601652145385742,322.07830810546875,147.1896514892578,4567.7998046875
2023-12-01,29.04254150390625,328.57568359375,147.90635681152344,4594.6298828125
2023-12-04,28.911212921142578,329.4809875488281,148.9908447265625,4569.77978515625
2023-12-05,28.686077117919922,322.2763366699219,148.9719696044922,4567.18017578125
2023-12-06,28.639175415039062,322.48382568359375,147.40652465820312,4549.33984375
2023-12-07,28.761119842529297,324.9827575683594,147.8591766357422,4585.58984375
2023-12-08,29.04254150390625,330.83892822265625,149.4906768798828,4604.3701171875
2023-12-11,28.939355850219727,331.7159118652344,150.03761291503906,4622.43994140625
2023-12-12,28.83616828918457,332.5174255371094,151.3767547607422,4643.7001953125
2023-12-13,30.055654525756836,342.06085205078125,151.88600158691406,4707.08984375
2023-12-14,31.837982177734375,361.61907958984375,154.6491241455078,4719.5498046875
2023-12-15,31.5190372467041,358.8276672363281,155.8184356689453,4719.18994140625
2023-12-18,31.35957145690918,354.951904296875,156.761474609375,4740.56005859375
2023-12-19,31.43461036682129,360.65716552734375,158.8550567626953,4768.3701171875
2023-12-20,30.93743896484375,356.008056640625,157.0632781982422,4698.35009765625
2023-12-21,31.143815994262695,358.88427734375,157.95916748046875,4746.75
2023-12-22,31.35957145690918,358.9596862792969,157.8648681640625,4754.6298828125
2023-12-26,31.762929916381836,359.86505126953125,158.79849243164062,4774.75
2023-12-27,31.74417495727539,362.5714416503906,159.7509307861328,4781.580078125
2023-12-28,31.781696319580078,364.3915100097656,160.59967041015625,4783.35009765625
2023-12-29,31.58470344543457,363.7879333496094,160.41107177734375,4769.830078125
2024-01-02,31.800460815429688,366.1737976074219,162.2782745361328,4742.830078125
2024-01-03,31.4533748626709,360.0347595214844,161.57101440429688,4704.81005859375
2024-01-04,31.706655502319336,361.1286315917969,162.64320373535156,4688.68017578125
2024-01-05,32.297637939453125,364.4197998046875,163.45925903320312,4697.240234375
2024-01-08,32.04435729980469,366.70184326171875,163.22203063964844,4763.5400390625
2024-01-09,31.54718017578125,361.8736267089844,161.93157958984375,4756.5
2024-01-10,31.5190372467041,360.1950378417969,162.27317810058594,4783.4501953125
2024-01-11,31.09691047668457,358.1109924316406,161.5899658203125,4780.240234375
2024-01-12,30.76858901977539,356.2249450683594,160.4039306640625,4783.830078125
2024-01-16,30.13070297241211,358.7711486816406,159.3981170654297,4765.97998046875
2024-01-17,29.83051872253418,355.6873779296875,158.5441436767578,4739.2099609375
2024-01-18,29.764854431152344,355.43280029296875,158.8572540283203,4780.93994140625
2024-01-19,30.22450828552246,360.4213562011719,161.59947204589844,4839.81005859375
2024-01-22,30.53407096862793,363.9670715332031,161.40969848632812,4850.43017578125
2024-01-23,30.740442276000977,359.0728454589844,160.34701538085938,4864.60009765625
2024-01-24,30.93743896484375,357.78094482421875,161.7797393798828,4868.5498046875
2024-01-25,31.32204246520996,360.8929138183594,164.09495544433594,4894.16015625
2024-01-26,31.35957145690918,356.2626647949219,163.46873474121094,4890.97021484375
2024-01-29,31.528423309326172,358.87481689453125,163.89572143554688,4927.93017578125
2024-01-30,32.63534164428711,364.82525634765625,167.25465393066406,4924.97021484375
2024-01-31,31.903642654418945,362.1282958984375,165.44232177734375,4845.64990234375
2024-02-01,31.472131729125977,361.9773864746094,164.84454345703125,4906.18994140625
2024-02-02,31.39708709716797,365.7588806152344,165.7934112548828,4958.60986328125
2024-02-05,30.946823120117188,361.19464111328125,165.57516479492188,4942.81005859375
2024-02-06,30.993724822998047,363.0523986816406,166.1444854736328,4954.22998046875
2024-02-07,31.12504768371582,364.6272888183594,166.45762634277344,4995.06005859375
2024-02-08,31.068763732910156,363.09954833984375,165.8598175048828,4997.91015625
2024-02-09,31.02186393737793,362.364013671875,166.05909729003906,5026.60986328125
2024-02-12,31.53780174255371,370.2664794921875,166.7991943359375,5021.83984375
2024-02-13,30.721689224243164,357.16796875,165.34742736816406,4953.169921875
2024-02-14,31.078147888183594,356.4985046386719,167.02691650390625,5000.6201171875
2024-02-15,31.959932327270508,363.4578857421875,170.67051696777344,5029.72998046875
2024-02-16,31.978696823120117,362.5337829589844,169.8734893798828,5005.56982421875
2024-02-20,31.856735229492188,362.60919189453125,170.53768920898438,4975.509765625
2024-02-21,31.61284828186035,366.1455383300781,171.6478729248047,4981.7998046875
2024-02-22,31.528423309326172,368.22015380859375,173.7068634033203,5087.02978515625
2024-02-23,31.819217681884766,368.76708984375,174.579833984375,5088.7998046875
2024-02-26,31.528423309326172,367.9844055175781,173.9820098876953,5069.52978515625
2024-02-27,32.15692138671875,368.5408020019531,174.06744384765625,5078.18017578125
2024-02-28,32.18506622314453,373.4032287597656,174.94984436035156,5069.759765625
2024-02-29,32.61017608642578,369.4809875488281,176.5439453125,5096.27001953125
2024-03-01,32.44956970214844,368.5787658691406,175.81329345703125,5137.080078125
2024-03-04,33.205322265625,372.5199890136719,177.13223266601562,5130.9501953125
2024-03-05,33.43204116821289,371.2474670410156,178.9066162109375,5078.64990234375
2024-03-06,33.46037673950195,369.9748229980469,179.83645629882812,5104.759765625
2024-03-07,33.65876007080078,368.89215087890625,178.26136779785156,5157.35986328125
2024-03-08,33.63041687011719,367.5245666503906,178.59344482421875,5123.68994140625
2024-03-11,33.90437698364258,366.736328125,178.65988159179688,5117.93994140625
2024-03-12,33.97050476074219,368.6547546386719,180.13058471679688,5175.27001953125
2024-03-13,34.08386993408203,372.5770263671875,181.59185791015625,5165.31005859375
2024-03-14,33.7154426574707,369.0630798339844,178.3562469482422,5150.47998046875
2024-03-15,33.45093536376953,367.7334899902344,180.5670928955078,5117.08984375
2024-03-18,34.017730712890625,365.03643798828125,182.806396484375,5149.419921875
2024-03-19,34.036624908447266,369.1106262207031,183.87855529785156,5178.509765625
2024-03-20,34.716793060302734,376.52777099609375,186.28868103027344,5224.6201171875
2024-03-21,35.43474578857422,392.90057373046875,188.87904357910156,5241.52978515625
2024-03-22,35.00019454956055,386.357177734375,186.56382751464844,5234.18017578125
2024-03-25,34.820709228515625,384.5717468261719,184.85592651367188,5218.18994140625
2024-03-26,35.03798294067383,385.74932861328125,185.71934509277344,5203.580078125
2024-03-27,35.7181510925293,394.3631591796875,189.31553649902344,5248.490234375
2024-03-28,35.82206344604492,396.6803894042969,190.05564880371094,5254.35009765625
2024-04-01,35.44419860839844,392.7106018066406,188.7652130126953,5243.77001953125
2024-04-02,35.23636245727539,389.5196838378906,188.68927001953125,5205.81005859375
2024-04-03,35.368621826171875,393.176025390625,188.1579132080078,5211.490234375
2024-04-04,34.87739181518555,385.8157958984375,186.72634887695312,5147.2099609375
2024-04-05,35.0568733215332,387.5442810058594,188.44424438476562,5204.33984375
2024-04-08,35.425296783447266,389.8900451660156,189.42727661132812,5202.39013671875
2024-04-09,35.642581939697266,390.05145263671875,188.15792846679688,5209.91015625
2024-04-10,34.6223258972168,380.60198974609375,186.5545654296875,5160.64013671875
2024-04-11,34.338924407958984,377.48699951171875,186.51637268066406,5199.06005859375
2024-04-12,33.809913635253906,369.8988037109375,174.45291137695312,5123.41015625
2024-04-15,33.961055755615234,380.7159118652344,174.54832458496094,5061.81982421875
2024-04-16,32.761314392089844,376.89813232421875,172.55364990234375,5051.41015625
2024-04-17,33.280887603759766,383.593505859375,171.86647033691406,5022.2099609375
2024-04-18,33.791011810302734,382.833740234375,172.98313903808594,5011.1201171875
2024-04-19,34.92462921142578,383.6790466308594,177.3256072998047,4967.22998046875
2024-04-22,35.642581939697266,396.3575134277344,180.7709503173828,5010.60009765625
2024-04-23,36.247161865234375,402.6730041503906,183.3764190673828,5070.5498046875
2024-04-24,36.19993591308594,401.7613525390625,184.27357482910156,5071.6298828125
2024-04-25,35.8126106262207,398.9216613769531,184.55032348632812,5048.419921875
2024-04-26,35.73704147338867,406.0634460449219,184.6648712158203,5099.9599609375
2024-04-29,35.4725341796875,409.1404724121094,184.46444702148438,5116.169921875
2024-04-30,34.962406158447266,405.2467041015625,182.9946746826172,5035.68994140625
2024-05-01,34.905731201171875,405.474609375,183.1092071533203,5018.39013671875
2024-05-02,34.839603424072266,410.8119201660156,182.91831970214844,5064.2001953125
2024-05-03,35.18913269042969,416.13970947265625,181.82078552246094,5127.7900390625
2024-05-06,35.60478973388672,421.3536376953125,183.24282836914062,5180.740234375
2024-05-07,35.746490478515625,421.47705078125,183.00421142578125,5187.7001953125
2024-05-08,35.62368392944336,424.4685974121094,186.72634887695312,5187.669921875
2024-05-09,36.16214370727539,432.64556884765625,188.491943359375,5214.080078125
2024-05-10,36.32274627685547,431.8573303222656,189.70404052734375,5222.68017578125
2024-05-13,36.09601974487305,430.7461853027344,189.66586303710938,5221.419921875
2024-05-14,36.36052322387695,435.40924072265625,192.3190460205078,5246.68017578125
2024-05-15,36.75728988647461,442.6459045410156,192.89169311523438,5308.14990234375
2024-05-16,37.05014419555664,441.15484619140625,193.23529052734375,5297.10009765625
2024-05-17,37.11627197265625,444.1939392089844,195.44944763183594,5303.27001953125
2024-05-20,36.67227554321289,439.6543884277344,186.65953063964844,5308.1298828125
2024-05-21,37.45634841918945,446.7486267089844,190.41983032226562,5321.41015625
2024-05-22,37.56025695800781,439.1225280761719,189.26502990722656,5307.009765625
2024-05-23,37.00290298461914,435.1053161621094,187.9384002685547,5267.83984375
2024-05-24,37.50358963012695,437.9828796386719,191.5555419921875,5304.72021484375
2024-05-28,37.144615173339844,436.68182373046875,190.40074157714844,5306.0400390625
2024-05-29,36.57780838012695,434.17462158203125,189.07415771484375,5266.9501953125
2024-05-30,36.4927864074707,430.1712951660156,190.238525390625,5235.47998046875
2024-05-31,37.77754592895508,436.18096923828125,193.38800048828125,5277.509765625
2024-06-03,37.67363357543945,434.7096252441406,192.61492919921875,5283.39990234375
2024-06-04,37.48469543457031,435.0153503417969,190.07623291015625,5291.33984375
2024-06-05,37.749202728271484,441.1111145019531,188.2628936767578,5354.02978515625
2024-06-06,37.50358963012695,437.6906433105469,187.9288787841797,5352.9599609375
2024-06-07,37.80772018432617,434.6427307128906,190.83021545410156,5346.990234375
2024-06-10,37.70317459106445,433.34332275390625,190.50572204589844,5360.7900390625
2024-06-11,36.93333053588867,424.4767761230469,185.49517822265625,5375.31982421875
2024-06-12,37.4560661315918,428.70941162109375,182.7942352294922,5421.02978515625
2024-06-13,37.313499450683594,426.4641418457031,184.8271026611328,5433.740234375
2024-06-14,37.29449462890625,426.5691833496094,184.94158935546875,5431.60009765625
2024-06-17,37.551109313964844,430.1234436035156,186.08688354492188,5473.22998046875
2024-06-18,38.0073127746582,437.0504150390625,188.01478576660156,5487.02978515625
2024-06-20,38.0073127746582,437.642822265625,189.6085968017578,5473.169921875
2024-06-21,37.53209686279297,430.1234436035156,187.34671020507812,5464.6201171875
2024-06-24,38.03582000732422,441.5028381347656,189.80905151367188,5447.8701171875
2024-06-25,37.42755126953125,437.002685546875,189.03594970703125,5469.2998046875
2024-06-26,37.06638717651367,435.55035400390625,188.42514038085938,5477.89990234375
2024-06-27,37.30399703979492,426.09149169921875,190.08578491210938,5482.8701171875
2024-06-28,37.798213958740234,432.1681213378906,193.0348358154297,5460.47998046875
2024-07-01,38.02631378173828,443.0029296875,196.07937622070312,5475.08984375
2024-07-02,38.90070343017578,444.865966796875,199.30519104003906,5509.009765625
2024-07-03,38.872188568115234,447.0731201171875,199.17156982421875,5537.02001953125
2024-07-05,38.40648651123047,444.0443420410156,196.53245544433594,5567.18994140625
2024-07-08,38.60607147216797,444.1112365722656,196.89715576171875,5572.85009765625
2024-07-09,39.36640930175781,451.76434326171875,199.2579803466797,5576.97998046875
2024-07-10,39.6705436706543,457.55438232421875,199.42108154296875,5633.91015625
2024-07-11,39.73707580566406,457.8792419433594,199.08522033691406,5584.5400390625
2024-07-12,39.52798080444336,458.5002746582031,196.6764373779297,5615.35009765625
2024-07-15,39.81310272216797,470.300048828125,201.5803680419922,5631.22021484375
2024-07-16,41.942047119140625,480.6092834472656,205.00640869140625,5667.2001953125
2024-07-17,41.79948806762695,479.8067321777344,208.12538146972656,5588.27001953125
2024-07-18,40.8775749206543,464.54827880859375,201.51318359375,5544.58984375
2024-07-19,40.773033142089844,463.32525634765625,201.32125854492188,5505.0
2024-07-22,40.20277786254883,465.3412780761719,201.80108642578125,5564.41015625
2024-07-23,40.30732727050781,470.2236022949219,201.8490753173828,5555.740234375
2024-07-24,40.098228454589844,465.0164489746094,200.1792449951172,5427.1298828125
2024-07-25,39.6135139465332,469.80316162109375,200.2560272216797,5399.22021484375
2024-07-26,39.60401916503906,476.797119140625,203.68206787109375,5459.10009765625
2024-07-29,39.05276870727539,470.7681884765625,202.34814453125,5463.5400390625
2024-07-30,39.23335266113281,483.14129638671875,206.5131072998047,5436.43994140625
2024-07-31,38.31144332885742,486.3515625,204.219482421875,5522.2998046875
2024-08-01,37.541603088378906,477.8385009765625,199.5746612548828,5446.68017578125
2024-08-02,35.716796875,449.6719055175781,191.1102752685547,5346.56005859375
2024-08-05,34.83290481567383,438.56964111328125,187.041259765625,5186.330078125
2024-08-06,35.089515686035156,449.2706604003906,192.2618865966797,5240.02978515625
2024-08-07,35.4506721496582,451.9363708496094,192.31947326660156,5199.5
2024-08-08,36.31555938720703,464.1278381347656,195.83189392089844,5319.31005859375
2024-08-09,36.382083892822266,468.4178466796875,197.50173950195312,5344.16015625
2024-08-12,36.27753448486328,463.8699035644531,197.8760223388672,5344.39013671875
2024-08-13,36.553157806396484,470.0229797363281,199.55543518066406,5434.43017578125
2024-08-14,36.88581085205078,476.4818420410156,201.76272583007812,5455.2099609375
2024-08-15,37.09490966796875,476.78753662109375,203.0198974609375,5543.22021484375
2024-08-16,37.389522552490234,481.7940673828125,205.34228515625,5554.25
2024-08-19,37.70317459106445,482.1953430175781,206.7626495361328,5608.25
2024-08-20,36.77175521850586,475.1824035644531,205.8701629638672,5597.1201171875
2024-08-21,36.82878112792969,474.3415832519531,205.9468994140625,5620.85009765625
2024-08-22,37.29449462890625,475.5740661621094,207.89508056640625,5570.64013671875
2024-08-23,37.798213958740234,486.7242126464844,209.50732421875,5634.60986328125
2024-08-26,37.940773010253906,485.2432556152344,210.3326416015625,5616.83984375
2024-08-27,37.70317459106445,484.6604309082031,211.30191040039062,5625.7998046875
2024-08-28,37.969295501708984,480.905517578125,212.36715698242188,5592.18017578125
2024-08-29,38.17838668823242,487.3739013671875,213.2500457763672,5591.9599609375
2024-08-30,38.72962951660156,490.4013366699219,215.7356414794922,5648.39990234375
2024-09-03,38.68210220336914,468.4978942871094,211.4170684814453,5528.93017578125
2024-09-04,38.49201965332031,471.5542297363281,210.48617553710938,5520.06982421875
2024-09-05,38.149864196777344,468.90155029296875,208.854736328125,5503.41015625
2024-09-06,37.078460693359375,460.9532165527344,203.89321899414062,5408.419921875
2024-09-09,37.75765609741211,469.5647277832031,208.06781005859375,5471.0498046875
2024-09-10,37.57590103149414,448.958740234375,197.27142333984375,5495.52001953125
2024-09-11,37.30804443359375,452.8415832519531,198.87408447265625,5554.1298828125
2024-09-12,37.09759521484375,455.619140625,198.26947021484375,5595.759765625
2024-09-13,36.973236083984375,460.3573303222656,196.08140563964844,5626.02001953125
2024-09-16,37.403709411621094,466.287353515625,199.47866821289062,5633.08984375
2024-09-17,37.83418655395508,466.5084228515625,200.81263732910156,5634.580078125
2024-09-18,37.90114974975586,465.7298889160156,199.1619873046875,5618.259765625
2024-09-19,39.096923828125,484.2310791015625,201.99301147460938,5713.64013671875
2024-09-20,38.522953033447266,479.04119873046875,202.57843017578125,5702.5498046875
2024-09-23,38.14030456542969,478.06085205078125,202.91432189941406,5718.56982421875
2024-09-24,37.738529205322266,478.6470642089844,203.05828857421875,5732.93017578125
2024-09-25,37.54719924926758,472.0347595214844,201.7147216796875,5722.259765625
2024-09-26,37.80549240112305,477.58990478515625,201.32125854492188,5745.3701171875
2024-09-27,37.69069290161133,479.11810302734375,202.01223754882812,5738.169921875
2024-09-30,37.958553314208984,475.85028076171875,202.3577117919922,5762.47998046875
2024-10-01,37.51850509643555,471.1025085449219,198.6917266845703,5708.75
2024-10-02,37.528076171875,472.8516845703125,198.93167114257812,5709.5400390625
2024-10-03,37.54719924926758,467.1907958984375,196.95472717285156,5699.93994140625
2024-10-04,38.369895935058594,475.8983154296875,203.9453582763672,5751.06982421875
2024-10-07,38.226402282714844,475.3793640136719,203.66534423828125,5695.93994140625
2024-10-08,38.19770431518555,477.2535095214844,203.49154663085938,5751.1298828125
2024-10-09,38.4464225769043,485.5285949707031,206.06959533691406,5792.0400390625
2024-10-10,38.235965728759766,484.12542724609375,205.50958251953125,5780.0498046875
2024-10-11,40.13006591796875,496.21600341796875,214.6341094970703,5815.02978515625
2024-10-14,40.09180450439453,502.4151916503906,213.8520050048828,5859.85009765625
2024-10-15,40.311824798583984,502.0594787597656,214.73065185546875,5815.259765625
2024-10-16,40.94318771362305,509.24847412109375,215.9376220703125,5842.47021484375
2024-10-17,40.751869201660156,508.421875,216.6907501220703,5841.47021484375
2024-10-18,40.48401641845703,507.9414367675781,217.60801696777344,5864.669921875
2024-10-21,39.94831085205078,497.65771484375,215.31964111328125,5853.97998046875
2024-10-22,40.464881896972656,498.1382141113281,216.40106201171875,5851.2001953125
2024-10-23,40.50314712524414,497.08099365234375,215.7155303955078,5797.419921875
2024-10-24,40.79970169067383,504.0970153808594,217.2314453125,5809.85986328125
2024-10-25,40.07267379760742,492.65985107421875,214.65341186523438,5808.1201171875
2024-10-28,40.770999908447266,503.2128601074219,217.73355102539062,5823.52001953125
2024-10-29,40.684898376464844,503.8856201171875,215.2230987548828,5832.919921875
2024-10-30,40.474449157714844,504.0009765625,216.68109130859375,5813.669921875
2024-10-31,40.005706787109375,497.64801025390625,214.27684020996094,5705.4501953125
2024-11-01,39.94831085205078,499.1473693847656,215.26171875,5728.7998046875
2024-11-04,39.53696823120117,491.5738830566406,212.21055603027344,5712.68994140625
2024-11-05,40.06310272216797,506.4613037109375,213.86166381835938,5782.759765625
2024-11-06,43.439964294433594,572.7965087890625,238.55101013183594,5929.0400390625
2024-11-07,42.827720642089844,559.5236206054688,228.23883056640625,5973.10009765625
2024-11-08,43.17211151123047,566.337890625,228.81814575195312,5995.5400390625
2024-11-11,44.08089828491211,578.9091186523438,231.0486297607422,6001.35009765625
2024-11-12,43.87043762207031,569.538330078125,231.309326171875,5983.990234375
2024-11-13,43.880001068115234,571.1049194335938,232.85418701171875,5985.3798828125
2024-11-14,43.90870666503906,565.7131958007812,233.5397491455078,5949.169921875
2024-11-15,44.72182846069336,570.451416015625,236.86123657226562,5870.6201171875
2024-11-18,44.6931266784668,565.1173095703125,236.59091186523438,5893.6201171875
2024-11-19,44.39657974243164,558.7644653320312,234.7177276611328,5916.97998046875
2024-11-20,44.06175994873047,559.29296875,232.48728942871094,5917.10986328125
2024-11-21,44.44440460205078,572.9213256835938,236.3302001953125,5948.7099609375
2024-11-22,44.96098327636719,579.3319702148438,239.98968505859375,5969.33984375
2024-11-25,45.43928909301758,579.5722045898438,241.66976928710938,5987.3701171875
2024-11-26,45.67844009399414,581.9461669921875,241.3607635498047,6021.6298828125
2024-11-27,45.69757843017578,581.87890625,241.18695068359375,5998.740234375
2024-11-29,45.4488525390625,584.8967895507812,241.119384765625,6032.3798828125
2024-12-02,44.99924850463867,581.1685791015625,237.76889038085938,6047.14990234375
2024-12-03,44.788787841796875,581.52587890625,236.38815307617188,6049.8798828125
2024-12-04,44.358314514160156,578.2709350585938,235.01702880859375,6086.490234375
2024-12-05,44.96098327636719,576.4260864257812,237.02542114257812,6075.10986328125
2024-12-06,44.97060012817383,579.2077026367188,238.84068298339844,6090.27001953125
2024-12-09,44.16257095336914,573.837646484375,235.41293334960938,6052.85009765625
2024-12-10,44.008663177490234,565.0579223632812,234.49566650390625,6034.91015625
2024-12-11,44.32610321044922,572.3309326171875,235.142578125,6084.18994140625
2024-12-12,44.32610321044922,571.413330078125,233.21145629882812,6051.25
2024-12-13,43.931705474853516,565.4924926757812,231.67620849609375,6051.08984375
2024-12-16,43.73931884765625,566.3135986328125,231.32861328125,6074.080078125
2024-12-17,43.33530807495117,555.0612182617188,230.15065002441406,6050.60986328125
2024-12-18,41.844303131103516,531.4652709960938,222.43580627441406,5872.16015625
2024-12-19,41.72886657714844,535.0775146484375,224.93663024902344,5867.080078125
2024-12-20,42.48879623413086,546.7741088867188,229.41680908203125,5930.85009765625
2024-12-23,42.21945571899414,551.2944946289062,230.17959594726562,5974.06982421875
2024-12-24,42.6908073425293,562.8944091796875,233.96461486816406,6040.0400390625
2024-12-26,42.85433578491211,561.3876953125,234.76602172851562,6037.58984375
2024-12-27,42.6523323059082,556.510009765625,232.8638458251953,5970.83984375
2024-12-30,42.23870086669922,553.9698486328125,231.0775909423828,5906.93994140625
2024-12-31,42.27717971801758,553.0715942382812,231.45416259765625,5881.6298828125
2025-01-02,42.60423278808594,555.34130859375,231.73414611816406,5868.5498046875
2025-01-03,43.10444259643555,560.3251953125,234.9011993408203,5942.47021484375
2025-01-06,43.6719856262207,563.473876953125,233.75595092773438,5975.3798828125
2025-01-07,44.32610321044922,560.3155517578125,236.00759887695312,5909.02978515625
2025-01-08,44.45115280151367,560.218994140625,235.96878051757812,5918.25
2025-01-10,43.393028259277344,540.8824462890625,232.80479431152344,5827.0400390625
2025-01-13,43.34492874145508,543.7317504882812,237.01698303222656,5836.22021484375
2025-01-14,44.03752136230469,552.0188598632812,240.1809539794922,5842.91015625
2025-01-15,45.307281494140625,585.2348022460938,244.91722106933594,5949.91015625
2025-01-16,44.86478805541992,592.0634155273438,246.7806854248047,5937.33984375
2025-01-17,44.75897216796875,604.5712890625,251.5266571044922,5996.66015625
2025-01-21,44.88402557373047,613.0708618164062,255.28262329101562,6049.240234375
2025-01-22,44.04713821411133,611.1295776367188,255.09823608398438,6086.3701171875
2025-01-23,44.62430191040039,617.6683959960938,258.11663818359375,6118.7099609375
2025-01-24,44.749351501464844,615.1571655273438,257.03936767578125,6101.240234375
2025-01-27,45.29766082763672,611.6608276367188,258.01959228515625,6012.27978515625
2025-01-28,45.05717468261719,616.0264892578125,259.2716064453125,6067.7001953125
2025-01-29,44.97060012817383,615.6207885742188,258.7280578613281,6039.31005859375
2025-01-30,44.941741943359375,623.65673828125,260.32952880859375,6071.169921875
2025-01-31,44.53772735595703,618.5377807617188,259.4268493652344,6040.52978515625
2025-02-03,44.45115280151367,610.7817993164062,258.9512634277344,5994.56982421875
2025-02-04,44.93212127685547,612.5300903320312,260.04803466796875,6037.8798828125
2025-02-05,45.31689453125,623.415283203125,262.4646911621094,6061.47998046875
2025-02-06,45.922916412353516,635.7493286132812,268.7441101074219,6083.56982421875
2025-02-07,45.595863342285156,633.5086059570312,267.676513671875,6025.990234375
2025-02-10,44.893638610839844,628.3218383789062,263.0567321777344,6066.43994140625
2025-02-11,45.00907897949219,625.1441040039062,266.8903503417969,6068.5
2025-02-12,44.45115280151367,626.8440551757812,267.33685302734375,6051.97021484375
2025-02-13,44.566585540771484,626.7958374023438,268.18121337890625,6115.06982421875
2025-02-14,45.172603607177734,637.9998168945312,268.4432373046875,6114.6298828125
2025-02-18,44.75897216796875,649.2424926757812,271.7043151855469,6129.580078125
2025-02-19,44.258766174316406,645.3403930664062,271.02490234375,6144.14990234375
2025-02-20,43.57579040527344,620.334228515625,258.9416198730469,6117.52001953125
2025-02-21,43.10444259643555,604.242919921875,256.4570007324219,6013.1298828125
2025-02-24,42.767765045166016,604.7645263671875,253.64242553710938,5983.25
2025-02-25,42.26755142211914,593.9179077148438,249.81846618652344,5955.25
2025-02-26,42.26755142211914,596.6802368164062,251.1675262451172,5956.06005859375
2025-02-27,42.44070053100586,587.2438354492188,251.41983032226562,5861.56982421875
2025-02-28,44.3453369140625,604.0263671875,256.8549499511719,5954.5
2025-03-03,43.825897216796875,587.4961547851562,252.9436492919922,5849.72021484375
2025-03-04,41.0458869934082,564.0841064453125,242.8790740966797,5778.14990234375
2025-03-05,40.680355072021484,575.663818359375,244.1213836669922,5842.6298828125
2025-03-06,39.8819465637207,551.0093383789062,239.27833557128906,5738.52001953125
2025-03-07,40.07555389404297,543.2442016601562,235.14382934570312,5770.2001953125
2025-03-10,38.555782318115234,516.05615234375,225.38014221191406,5614.56005859375
2025-03-11,38.34281539916992,515.8329467773438,222.39085388183594,5572.06982421875
2025-03-12,38.63322067260742,519.9874267578125,221.18734741210938,5599.2998046875
2025-03-13,38.40089416503906,509.4072265625,218.5572052001953,5521.52001953125
2025-03-14,39.58186721801758,525.5200805664062,225.59365844726562,5638.93994140625
2025-03-17,40.11426544189453,535.1586303710938,227.03977966308594,5675.1201171875
2025-03-18,40.31755447387695,535.5858154296875,228.0491180419922,5614.66015625
2025-03-19,40.85963821411133,540.9826049804688,232.06719970703125,5675.2900390625
2025-03-20,41.121002197265625,546.165771484375,231.9701385498047,5662.89013671875
2025-03-21,41.111324310302734,548.5536499023438,234.5129852294922,5667.56005859375
2025-03-24,41.6921272277832,563.0746459960938,240.7535858154297,5767.56982421875
2025-03-25,41.895408630371094,568.7431640625,243.733154296875,5776.64990234375
2025-03-26,41.45012283325195,557.075927734375,243.6361083984375,5712.2001953125
2025-03-27,41.19844436645508,542.5161743164062,240.81179809570312,5693.31005859375
2025-03-28,39.930355072021484,527.1798706054688,235.69703674316406,5580.93994140625
2025-03-31,40.394989013671875,530.2567749023438,238.0748748779297,5611.85009765625
2025-04-01,40.16267395019531,532.353515625,236.48316955566406,5633.06982421875
2025-04-02,40.51115798950195,546.573486328125,238.57955932617188,5670.97021484375
2025-04-03,36.02928161621094,496.225830078125,221.9541015625,5396.52001953125
2025-04-04,33.28981018066406,456.9921569824219,205.3434295654297,5074.080078125
2025-04-07,34.441741943359375,451.8476867675781,209.40577697753906,5062.25
2025-04-08,33.90933609008789,448.65423583984375,211.7787322998047,4982.77001953125
2025-04-09,35.96151351928711,501.7003479003906,228.83859252929688,5456.89990234375
2025-04-10,34.703094482421875,475.42474365234375,221.7783203125,5268.0498046875
2025-04-11,34.79990768432617,479.9286193847656,230.6549072265625,5363.35986328125
2025-04-14,35.49687194824219,489.1886291503906,229.2096710205078,5405.97021484375
2025-04-15,36.7746467590332,492.98388671875,227.65701293945312,5396.6298828125
2025-04-16,36.13576126098633,484.4032897949219,224.21963500976562,5275.7001953125
2025-04-17,36.213191986083984,494.53692626953125,226.5144805908203,5282.7001953125
2025-04-21,35.73887252807617,486.6454772949219,223.6141815185547,5158.2001953125
2025-04-22,37.094085693359375,504.7286682128906,230.0592498779297,5287.759765625
2025-04-23,37.51032638549805,513.7752075195312,235.22506713867188,5375.85986328125
2025-04-24,38.313777923583984,529.3638305664062,238.89678955078125,5484.77001953125
2025-04-25,38.42025375366211,528.8687744140625,237.83238220214844,5525.2099609375
2025-04-28,38.50737762451172,530.3636474609375,237.5101318359375,5528.75
2025-04-29,38.710662841796875,532.8096923828125,238.87725830078125,5560.830078125
2025-04-30,38.604183197021484,531.4799194335938,238.87725830078125,5569.06005859375
2025-05-01,38.88490676879883,537.5755615234375,241.09397888183594,5604.14013671875
2025-05-02,39.75611114501953,549.4854736328125,246.58203125,5686.669921875
2025-05-05,39.804508209228516,543.1373901367188,246.630859375,5650.3798828125
2025-05-06,39.533470153808594,533.2366943359375,243.3985595703125,5606.91015625
2025-05-07,39.6205940246582,535.7215576171875,243.5352783203125,5631.27978515625
2025-05-08,40.26915740966797,549.0972290039062,247.51951599121094,5663.93994140625
2025-05-09,40.45307540893555,550.4561157226562,247.138671875,5659.91015625
2025-05-12,41.97285079956055,573.9847412109375,253.94500732421875,5844.18994140625
2025-05-13,42.86341857910156,586.0887451171875,256.8355712890625,5886.5498046875
2025-05-14,43.30870056152344,593.6499633789062,259.4038391113281,5892.580078125
2025-05-15,42.9602165222168,597.8237915039062,261.2103576660156,5916.93017578125
2025-05-16,43.26029968261719,600.8619995117188,261.2787170410156,5958.3798828125
2025-05-19,43.33773422241211,594.3294677734375,258.66162109375,5963.60009765625
2025-05-20,43.26029968261719,588.71923828125,259.4428405761719,5940.4599609375
2025-05-21,41.86636734008789,576.04248046875,254.9117889404297,5844.60986328125
2025-05-22,41.9244499206543,580.6724853515625,254.55050659179688,5842.009765625
2025-05-23,41.81796646118164,580.973388671875,254.58950805664062,5802.81982421875
2025-05-27,42.805335998535156,597.6588134765625,259.06201171875,5921.5400390625
2025-05-28,42.65045928955078,590.5828247070312,257.30426025390625,5888.5498046875
2025-05-29,42.8246955871582,587.1078491210938,258.1636047363281,5912.169921875
2025-05-30,42.71821594238281,585.7324829101562,257.80230712890625,5911.68994140625
2025-06-02,42.66981887817383,584.0448608398438,258.44677734375,5935.93994140625
2025-06-03,43.22157669067383,589.0296020507812,260.01898193359375,5970.3701171875
2025-06-04,42.94085693359375,584.5228271484375,258.0171203613281,5970.81005859375
2025-06-05,42.9602165222168,591.029296875,255.80043029785156,5939.2998046875
2025-06-06,43.78786849975586,598.9503784179688,259.49169921875,6000.35986328125
2025-06-09,43.69050216674805,598.4820556640625,260.47796630859375,6005.8798828125
2025-06-10,43.90471649169922,599.7989501953125,262.2943115234375,6038.81005859375
2025-06-11,43.55418014526367,608.8710327148438,261.8548889160156,6022.240234375
2025-06-12,43.44707489013672,609.7880249023438,261.9427490234375,6045.259765625
2025-06-13,42.931007385253906,598.5015258789062,258.72998046875,5976.97021484375
2025-06-16,43.242591857910156,612.4608764648438,264.0129699707031,6033.10986328125
2025-06-17,43.067325592041016,609.32958984375,263.1926574707031,5982.72021484375
2025-06-18,43.87550735473633,619.6696166992188,267.5284729003906,5980.8701171875
2025-06-20,44.30393981933594,625.0933837890625,268.5440368652344,5967.83984375
2025-06-23,45.08291244506836,631.0244140625,271.7373046875,6025.169921875
2025-06-24,45.43344497680664,645.8810424804688,274.6571044921875,6092.18017578125
2025-06-25,45.61845397949219,653.4508666992188,277.391357421875,6092.16015625
2025-06-26,46.21241760253906,670.3170776367188,281.97125244140625,6141.02001953125
2025-06-27,45.88135528564453,673.8776245117188,280.3697509765625,6173.06982421875
2025-06-30,46.07609939575195,690.4024047851562,283.10400390625,6204.9501953125
2025-07-01,46.88428497314453,689.14404296875,283.59228515625,6198.009765625
2025-07-02,47.4295539855957,698.3428955078125,285.1449890136719,6227.419921875
2025-07-03,47.643775939941406,705.9420166015625,290.443603515625,6279.35009765625
2025-07-07,47.38087463378906,693.5045166015625,286.4892272949219,6229.97998046875
2025-07-08,45.91056823730469,680.1890869140625,277.47174072265625,6225.52001953125
2025-07-09,45.60871505737305,679.4866943359375,277.8446044921875,6263.259765625
2025-07-10,45.73530197143555,691.7388305664062,282.78021240234375,6280.4599609375
2025-07-11,45.50160217285156,687.6710815429688,281.4751281738281,6259.75
2025-07-14,45.83266830444336,695.81640625,283.2806396484375,6268.56005859375
2025-07-15,44.936851501464844,685.2908935546875,281.17095947265625,6243.759765625
2025-07-16,44.82000732421875,691.4462280273438,280.4546813964844,6263.7001953125
2025-07-17,45.78398513793945,688.5392456054688,284.4580993652344,6297.35986328125
2025-07-18,46.07609939575195,690.8999633789062,285.8023986816406,6296.7900390625
2025-07-21,46.23189163208008,688.6953125,285.50799560546875,6305.60009765625
2025-07-22,46.5142707824707,683.2422485351562,285.9593811035156,6309.6201171875
2025-07-23,46.874542236328125,699.9329833984375,291.1893310546875,6358.91015625
2025-07-24,47.11796951293945,701.55224609375,290.9832763671875,6363.35009765625
2025-07-25,47.1763916015625,711.112060546875,293.014404296875,6388.64013671875
2025-07-28,46.96217727661133,705.9127197265625,292.6807861328125,6389.77001953125
2025-07-29,46.689537048339844,714.0385131835938,291.464111328125,6370.85986328125
2025-07-30,46.69926834106445,712.8386840820312,294.0054626464844,6362.89990234375
2025-07-31,46.02741241455078,705.854248046875,290.6790771484375,6339.39013671875
2025-08-01,44.45973205566406,692.1778564453125,283.9380798339844,6238.009765625
2025-08-04,44.644737243652344,708.234375,288.73626708984375,6329.93994140625
2025-08-05,44.36236572265625,703.23974609375,285.9004821777344,6299.18994140625
2025-08-06,44.22604751586914,706.9760131835938,285.8808898925781,6345.06005859375
2025-08-07,43.73918533325195,702.0985107421875,281.5536804199219,6340.0
2025-08-08,44.800533294677734,703.5911254882812,283.3394775390625,6389.4501953125
2025-08-11,44.946590423583984,701.6107177734375,284.12445068359375,6373.4501953125
2025-08-12,46.251365661621094,725.1591186523438,287.3527526855469,6445.759765625
2025-08-13,45.998199462890625,726.43701171875,285.0762939453125,6466.580078125
2025-08-14,46.45584487915039,728.8854370117188,288.6381530761719,6468.5400390625
2025-08-15,45.70608139038086,712.8093872070312,285.0370178222656,6449.7998046875
2025-08-18,46.66032028198242,713.0435791015625,286.0574951171875,6449.14990234375
2025-08-19,46.81612014770508,703.6983032226562,285.203857421875,6411.3701171875
2025-08-20,47.07902145385742,703.0154418945312,286.754150390625,6395.77978515625
2025-08-21,46.991390228271484,698.4013671875,285.9986572265625,6370.169921875
2025-08-22,48.179317474365234,723.7056274414062,290.6790771484375,6466.91015625
2025-08-25,48.179317474365234,720.6815795898438,289.3642578125,6439.31982421875
2025-08-26,48.9290771484375,730.592529296875,292.96533203125,6465.93994140625
2025-08-27,49.0556640625,731.2948608398438,293.6620178222656,6481.39990234375
2025-08-28,49.16276931762695,732.8069458007812,295.4184265136719,6501.85986328125
2025-08-29,49.40620040893555,730.8748779296875,295.7618408203125,6460.259765625
2025-09-02,49.094608306884766,716.752685546875,294.0741882324219,6415.5400390625
2025-09-03,48.74407196044922,716.46826171875,293.8876953125,6448.259765625
2025-09-04,49.28934860229492,734.4545288085938,298.1168212890625,6502.080078125
2025-09-05,48.73124694824219,723.970703125,288.85400390625,6481.5
2025-09-08,48.42771530151367,727.5404663085938,287.4115905761719,6495.14990234375
2025-09-09,49.240394592285156,749.1847534179688,292.2588806152344,6512.60986328125
2025-09-10,49.083736419677734,754.735595703125,294.89837646484375,6532.0400390625
2025-09-11,49.6907958984375,769.5933837890625,299.82415771484375,6587.47021484375
2025-09-12,49.52434539794922,765.0134887695312,301.1488037109375,6584.2900390625
2025-09-15,49.53413391113281,771.5842895507812,303.1014099121094,6615.27978515625
2025-09-16,49.6026725769043,770.3779907226562,303.385986328125,6606.759765625
2025-09-17,50.32722854614258,778.9003295898438,305.8979187011719,6600.35009765625
2025-09-18,51.041996002197266,788.7957763671875,307.35015869140625,6631.9599609375
2025-09-19,51.159488677978516,789.472412109375,308.8710632324219,6664.35986328125
2025-09-22,50.83637237548828,790.0216064453125,306.57501220703125,6693.75
2025-09-23,50.620967864990234,790.7669677734375,306.8693542480469,6656.919921875
2025-09-24,50.620967864990234,777.1448364257812,307.53662109375,6637.97021484375
2025-09-25,50.7678337097168,779.429931640625,307.5660400390625,6604.72021484375
2025-09-26,51.12031936645508,787.0304565429688,310.12701416015625,6643.7001953125
2025-09-29,51.3259391784668,788.609375,309.7640075683594,6661.2099609375
2025-09-30,50.51326370239258,780.9891967773438,309.50885009765625,6688.4599609375
2025-10-01,49.62225341796875,770.3583374023438,304.8774719238281,6711.2001953125
2025-10-02,49.426429748535156,764.3466186523438,301.7767639160156,6715.35009765625
2025-10-03,49.58308792114258,774.7421264648438,304.2102355957031,6715.7900390625
2025-10-06,49.33830642700195,781.4110107421875,304.8511047363281,6740.27978515625
2025-10-07,49.240394592285156,774.4185180664062,303.38201904296875,6714.58984375
2025-10-08,48.79978561401367,761.5319213867188,299.773193359375,6753.72021484375
2025-10-09,48.750831604003906,764.9154663085938,301.2522277832031,6735.10986328125
2025-10-10,47.63462448120117,749.6162719726562,296.67718505859375,6552.509765625
2025-10-13,47.840240478515625,771.6038208007812,303.6580810546875,6654.72021484375
2025-10-14,49.04457092285156,755.892822265625,297.85052490234375,6644.31005859375
2025-10-15,51.18886184692383,753.1174926757812,301.4100036621094,6671.06005859375
2025-10-16,49.38726043701172,743.46728515625,294.3600769042969,6629.06982421875
2025-10-17,50.20973205566406,736.2885131835938,293.3938293457031,6664.009765625
2025-10-20,50.9538688659668,748.5963745117188,298.1265869140625,6735.1298828125
2025-10-21,50.444725036621094,744.3401489257812,292.93035888671875,6735.35009765625
2025-10-22,50.033485412597656,730.2374267578125,289.99212646484375,6699.39990234375
2025-10-23,50.67971420288086,736.2982788085938,290.4161376953125,6738.43994140625
2025-10-24,51.472808837890625,768.7598266601562,296.2334899902344,6791.68994140625
2025-10-27,51.91341781616211,774.751953125,299.89154052734375,6875.16015625
2025-10-28,51.766544342041016,776.8114013671875,301.0846252441406,6890.89013671875
2025-10-29,51.482601165771484,767.9556274414062,301.2325439453125,6890.58984375
2025-10-30,51.9232063293457,774.9186401367188,305.10748291015625,6822.33984375
2025-10-31,52.334442138671875,774.1439208984375,306.7639465332031,6840.2001953125
2025-11-03,52.4421501159668,770.3681640625,305.0187683105469,6851.97021484375
2025-11-04,52.42256546020508,775.5758056640625,304.920166015625,6771.5498046875
2025-11-05,51.355316162109375,777.7921752929688,307.3161315917969,6796.2900390625
2025-11-06,52.17778396606445,772.3884887695312,309.03179931640625,6720.31982421875
2025-11-07,52.08966064453125,771.17236328125,309.8106994628906,6728.7998046875
2025-11-10,52.30506896972656,781.8228759765625,312.4532165527344,6832.43017578125
2025-11-11,52.510684967041016,794.6799926757812,311.2009582519531,6846.60986328125
2025-11-12,52.98066711425781,822.7871704101562,315.92388916015625,6850.919921875
2025-11-13,51.766544342041016,789.9627075195312,305.1469421386719,6737.490234375
2025-11-14,51.51197052001953,775.6541137695312,299.3591003417969,6734.10986328125
2025-11-17,50.405555725097656,760.600341796875,296.1644592285156,6672.41015625
2025-11-18,50.56222152709961,761.3259887695312,295.2179260253906,6617.31982421875
2025-11-19,50.934288024902344,770.8290405273438,299.02386474609375,6642.16015625
2025-11-20,49.93557357788086,758.776123046875,294.2023620605469,6538.759765625
2025-11-21,50.48388671875,759.099853515625,293.84735107421875,6602.990234375
2025-11-24,50.846168518066406,775.4580688476562,293.8276672363281,6705.1201171875
2025-11-25,51.38468551635742,786.8440551757812,298.75762939453125,6765.8798828125
2025-11-26,51.88404083251953,800.27001953125,303.33270263671875,6812.60986328125
2025-11-28,52.530269622802734,810.1065673828125,308.696533203125,6849.08984375
2025-12-01,52.128822326660156,795.2194213867188,304.5948181152344,6812.6298828125
2025-12-02,52.07986831665039,803.448974609375,303.5693359375,6829.3701171875
2025-12-03,52.96108627319336,824.5007934570312,307.75982666015625,6849.72021484375
2025-12-04,53.029624938964844,825.7425537109375,311.67425537109375,6857.1201171875
2025-12-05,53.09851837158203,842.231201171875,310.6291198730469,6870.39990234375
2025-12-08,53.04930877685547,854.1862182617188,310.79669189453125,6846.509765625
2025-12-09,52.69499206542969,863.93359375,296.30255126953125,6840.509765625
2025-12-10,53.226470947265625,876.4109497070312,305.76806640625,6886.68017578125
2025-12-11,53.698890686035156,897.8865966796875,312.9363098144531,6901.0
2025-12-12,54.26974105834961,875.1494140625,314.0603332519531,6827.41015625
2025-12-15,54.45673751831055,876.7559204101562,315.53936767578125,6816.509765625
2025-12-16,53.9449462890625,866.4664916992188,311.1319274902344,6800.259765625
2025-12-17,53.689048767089844,859.744873046875,310.5699462890625,6721.43017578125
2025-12-18,53.40362548828125,863.6575317382812,308.6176452636719,6774.759765625
2025-12-19,54.39768600463867,880.5897216796875,312.7686767578125,6834.5
2025-12-22,54.9980583190918,886.0300903320312,318.56634521484375,6878.490234375
2025-12-23,55.086639404296875,888.7009887695312,321.3666076660156,6909.7900390625
2025-12-24,55.362220764160156,897.6401977539062,324.5612487792969,6932.0498046875
2025-12-26,55.283477783203125,893.9541015625,323.31890869140625,6929.93994140625
2025-12-29,54.476417541503906,879.3084716796875,319.2171325683594,6905.740234375
2025-12-30,54.407527923583984,871.660400390625,318.8917541503906,6896.240234375
2025-12-31,54.1319465637207,866.318603515625,317.70855712890625,6845.5
2026-01-02,55.06695556640625,901.1488037109375,320.92291259765625,6858.47021484375
2026-01-05,55.99211502075195,934.7568359375,329.3630676269531,6902.0498046875
2026-01-06,56.346435546875,941.6853637695312,331.41326904296875,6944.81982421875
2026-01-07,54.76184844970703,927.44384765625,323.8660888671875,6920.93017578125
2026-01-08,55.29332733154297,921.3431396484375,326.63934326171875,6921.4599609375
2026-01-09,54.968528747558594,925.4332885742188,326.0450744628906,6966.27978515625
2026-01-12,54.318946838378906,935.850830078125,321.38995361328125,6977.27001953125
2026-01-13,53.67920684814453,924.6152954101562,307.9297790527344,6963.740234375
2026-01-14,51.6517219543457,919.21435546875,304.9287414550781,6926.60009765625
2026-01-15,51.75998306274414,961.7811889648438,306.30548095703125,6944.47021484375
2026-01-16,52.13398742675781,948.1212158203125,309.48480224609375,6940.009765625
2026-01-20,51.27771759033203,929.7599487304688,299.8477478027344,6796.85986328125
2026-01-21,51.24818801879883,939.2608642578125,299.15447998046875,6875.6201171875
2026-01-22,51.6221923828125,940.8772583007812,300.729248046875,6913.35009765625
2026-01-23,50.903717041015625,905.623291015625,294.8757019042969,6915.60986328125
2026-01-26,51.19898223876953,918.416015625,298.16400146484375,6950.22998046875
2026-01-27,51.34660720825195,916.306884765625,297.44097900390625,6978.60009765625
2026-01-28,50.99229431152344,923.2946166992188,297.89654541015625,6978.02978515625
2026-01-29,52.242252349853516,926.556884765625,303.49261474609375,6969.009765625
2026-01-30,52.360355377197266,921.914794921875,302.9676818847656,6939.02978515625
2026-02-02,53.1772575378418,932.6773071289062,305.1961975097656,6976.43994140625
2026-02-03,53.59062957763672,925.4431762695312,311.8420715332031,6917.81005859375
2026-02-04,54.505950927734375,900.1237182617188,314.2389221191406,6882.72021484375
2026-02-05,54.07289123535156,877.56396484375,307.1968688964844,6798.39990234375
2026-02-06,55.63779830932617,915.3508911132812,319.3199462890625,6932.2998046875
2026-02-09,55.519691467285156,930.00634765625,319.0228271484375,6964.81982421875
2026-02-10,54.51579284667969,935.298828125,315.2392883300781,6941.81005859375
2026-02-11,53.00009536743164,930.96240234375,307.8505859375,6941.47021484375
2026-02-12,51.69108963012695,891.5,299.74871826171875,6832.759765625
2026-02-13,51.720611572265625,892.08154296875,299.6595458984375,6836.169921875
2026-02-17,51.90761947631836,902.82421875,304.19580078125,6843.22021484375
2026-02-18,52.5178337097168,920.259033203125,305.8300476074219,6881.31005859375
2026-02-19,51.9371452331543,903.4254760742188,305.1070251464844,6861.89013671875
2026-02-20,52.22256851196289,908.9347534179688,307.82086181640625,6909.509765625
2026-02-23,50.263973236083984,879.4366455078125,294.82623291015625,6837.75
2026-02-24,49.61438751220703,889.2529296875,294.459716796875,6890.06982421875
2026-02-25,50.87419128417969,908.0872192382812,300.4023742675781,6946.1298828125
2026-02-26,51.47455978393555,915.5972290039062,303.20538330078125,6908.85986328125
2026-02-27,49.04354476928711,847.1689453125,297.4310607910156,6878.8798828125
2026-03-02,49.023860931396484,853.7377319335938,294.7172546386719,6881.6201171875
2026-03-03,49.18133544921875,854.609619140625,297.3914489746094,6816.6298828125
2026-03-04,49.50612258911133,859.2364501953125,296.52978515625,6869.5
2026-03-05,49.023860931396484,827.7401733398438,290.74554443359375,6830.7099609375
2026-03-06,48.14295196533203,813.829833984375,286.7144470214844,6740.02001953125
2026-03-09,47.410518646240234,824.3418579101562,287.1502685546875,6795.990234375
2026-03-10,48.06377410888672,826.1054077148438,285.97161865234375,6781.47998046875
2026-03-11,48.0241813659668,816.1482543945312,284.7731628417969,6775.7998046875
2026-03-12,46.64838790893555,780.2431640625,280.18743896484375,6672.6201171875
2026-03-13,46.242576599121094,774.9822387695312,280.7321472167969,6632.18994140625
2026-03-16,46.5791015625,787.4261474609375,283.4261474609375,6699.3798828125
2026-03-17,46.796852111816406,799.582763671875,284.1492004394531,6716.08984375
2026-03-18,46.3514518737793,798.0371704101562,284.99102783203125,6624.7001953125
2026-03-19,46.52960968017578,802.02001953125,285.2188720703125,6606.490234375
2026-03-20,46.67808151245117,806.0128173828125,283.82232666015625,6506.47998046875
2026-03-23,47.034400939941406,823.5889282226562,287.14031982421875,6581.0
2026-03-24,47.64806365966797,827.9976806640625,289.6065368652344,6556.3701171875
2026-03-25,48.2518310546875,834.061279296875,292.59771728515625,6591.89990234375
2026-03-26,47.747047424316406,815.0386352539062,288.87359619140625,6477.16015625
2026-03-27,46.49002456665039,795.4711303710938,280.13787841796875,6368.85009765625
2026-03-30,46.74736404418945,800.1375732421875,281.0589904785156,6343.72021484375
2026-03-31,48.2518310546875,838.1728515625,291.3497314453125,6528.52001953125
2026-04-01,48.766517639160156,852.261474609375,292.5580749511719,6575.31982421875
2026-04-02,48.875396728515625,855.0653076171875,291.7855224609375,6582.68994140625
2026-04-06,49.54844665527344,858.0475463867188,294.125,6611.830078125
2026-04-07,49.76619338989258,856.1650390625,296.0662536621094,6616.85009765625
2026-04-08,51.34984588623047,897.380615234375,306.5888366699219,6782.81005859375
2026-04-09,52.171363830566406,895.3694458007812,308.938232421875,6824.66015625
2026-04-10,52.00310516357422,899.4117431640625,308.4803161621094,6816.89013671875
2026-04-13,52.80482482910156,882.5588989257812,312.2732238769531,6886.240234375
2026-04-14,52.80482482910156,901.224853515625,309.7247009277344,6967.3798828125
2026-04-15,53.76491165161133,891.178466796875,304.5579833984375,7022.9501953125
2026-04-16,52.96318817138672,891.683837890625,308.5599670410156,7041.27978515625
2026-04-17,53.35910415649414,917.3939819335938,308.8984375,7126.06005859375
2026-04-20,53.3986930847168,933.0381469726562,315.5683898925781,7109.14013671875
2026-04-21,52.933494567871094,917.9884643554688,311.5962829589844,7064.009765625
2026-04-22,52.57717514038086,926.201904296875,311.6161804199219,7137.89990234375
2026-04-23,51.93381881713867,922.694580078125,310.29217529296875,7108.39990234375
2026-04-24,51.51810836791992,918.3451538085938,306.8974609375,7165.080078125
2026-04-27,52.09218215942383,929.1444091796875,310.232421875,7173.91015625
2026-04-28,52.12187576293945,917.9884643554688,310.0532531738281,7138.7998046875
2026-04-29,52.33962631225586,897.2319946289062,307.86309814453125,7135.9501953125
2026-04-30,52.9136962890625,915.2341918945312,311.82525634765625,7209.009765625
2026-05-01,52.69594955444336,915.1747436523438,311.06866455078125,7230.1201171875
2026-05-04,51.65667724609375,894.923583984375,306.270263671875,7200.75
2026-05-05,52.57717514038086,910.3992309570312,308.0124206542969,7259.22021484375
2026-05-06,53.052268981933594,928.6886596679688,313.4877624511719,7365.1201171875
2026-05-07,52.21095657348633,917.3147583007812,304.8964538574219,7337.10986328125
2026-05-08,50.78567123413086,927.8267211914062,300.74517822265625,7398.93017578125
2026-05-11,50.0334358215332,936.1292114257812,298.6545715332031,7412.83984375
2026-05-12,50.261085510253906,937.15966796875,303.5126953125,7400.9599609375
2026-05-13,49.33069610595703,946.5916748046875,298.9034729003906,7444.25
2026-05-14,49.3405876159668,960.006591796875,298.56500244140625,7501.240234375
2026-05-15,49.261409759521484,939.7058715820312,296.4743957519531,7408.5
2026-05-18,50.17200469970703,937.6154174804688,299.3813171386719,7403.0498046875
2026-05-19,50.18190383911133,920.1582641601562,294.3738708496094,7353.60986328125
2026-05-20,50.70648956298828,973.0449829101562,300.625732421875,7432.97021484375
2026-05-21,50.96383285522461,979.0390625,301.6411437988281,7445.72021484375
2026-05-22,51.270660400390625,987.52001953125,305.0059814453125,7473.47021484375
2026-05-26,51.66657638549805,985.3304443359375,305.3643493652344,7519.1201171875
2026-05-27,50.577816009521484,987.2623291015625,297.93780517578125,7520.35986328125
2026-05-28,50.251190185546875,999.0524291992188,295.3992614746094,7563.6298828125
2026-05-29,51.07270812988281,1016.0836181640625,297.9676818847656,7580.06005859375
2026-06-01,50.98362350463867,1043.469482421875,295.2499084472656,7599.9599609375
2026-06-02,51.94371795654297,1059.3914794921875,299.6102600097656,7609.77978515625
2026-06-03,51.864532470703125,1035.9462890625,299.50079345703125,7553.68017578125
2026-06-04,53.6164436340332,1087.284912109375,309.4957580566406,7584.31005859375
2026-06-05,53.5567512512207,1033.6177978515625,310.9691162109375,7383.740234375
2026-06-08,53.357765197753906,1039.906982421875,309.7147521972656,7405.72998046875
2026-06-09,54.14375305175781,1026.980224609375,311.2976379394531,7386.64990234375
2026-06-10,54.263145446777344,996.409912109375,307.75360107421875,7266.990234375
2026-06-11,54.87999725341797,1030.592529296875,312.0840759277344,7394.2998046875
2026-06-12,55.735633850097656,1057.5704345703125,319.28167724609375,7431.4599609375
2026-06-15,55.58639144897461,1070.925048828125,317.96759033203125,7554.2900390625
2026-06-16,56.55147171020508,1085.3543701171875,329.6549377441406,7511.35009765625
2026-06-17,56.2430419921875,1093.7830810546875,331.9645080566406,7420.10009765625
2026-06-18,55.91471862792969,1091.2156982421875,323.761474609375,7500.580078125
2026-06-22,57.07877731323242,1100.977783203125,329.993408203125,7472.7900390625
2026-06-23,57.61603927612305,1089.10595703125,332.6414794921875,7365.4599609375
2026-06-24,57.43695068359375,1071.6614990234375,331.95458984375,7358.22021484375
2026-06-25,57.894615173339844,1059.89892578125,333.6170654296875,7357.490234375
2026-06-26,57.5861930847168,1014.6406860351562,327.57427978515625,7354.02001953125
2026-06-29,57.5861930847168,1015.23779296875,327.91278076171875,7440.43017578125
2026-06-30,56.690757751464844,1006.4408569335938,325.86199951171875,7499.35986328125
2026-07-01,58.06375503540039,1014.6406860351562,332.5718078613281,7483.22998046875
2026-07-02,58.43187713623047,1016.02392578125,332.9700012207031,7483.240234375
2026-07-06,59.59593963623047,1050.1468505859375,337.7200012207031,7537.43017578125
2026-07-07,59.5561408996582,1037.896728515625,339.2200012207031,7503.85009765625
2026-07-08,58.004058837890625,1024.621826171875,330.6199951171875,7482.7099609375
2026-07-09,58.94923782348633,1050.823486328125,335.4700012207031,7543.64013671875
2026-07-10,59.367103576660156,1050.037353515625,336.4700012207031,7575.39013671875
2026-07-13,59.197967529296875,1040.8125,334.5299987792969,7515.33984375
2026-07-14,60.31228256225586,1134.4439697265625,342.8900146484375,7543.58984375
2026-07-15,61.27735900878906,1146.455078125,346.9100036621094,7572.39990234375
2026-07-16,61.1778678894043,1090.1209716796875,343.1499938964844,7533.77001953125
2026-07-17,60.958984375,1060.0283203125,341.1000061035156,7457.68994140625
2026-07-20,60.11329650878906,1049.8880615234375,338.8699951171875,7443.27978515625
2026-07-21,60.909236907958984,1080.269287109375,345.2300109863281,7509.2001953125
2026-07-22,61.30720520019531,1092.84765625,348.2099914550781,7498.9599609375
2026-07-23,60.968929290771484,1069.4820556640625,349.8999938964844,7408.2998046875
2026-07-24,61.735023498535156,1056.057861328125,353.2099914550781,7411.97998046875
2026-07-27,61.81461715698242,1043.1212158203125,356.20001220703125,7413.18017578125
2026-07-28,62.302127838134766,1028.3037109375,357.30999755859375,7428.77978515625
2026-07-29,60.7599983215332,975.9700927734375,344.7099914550781,7316.14990234375
2026-07-30,61.416648864746094,1019.8650512695312,350.8500061035156,7437.6298828125
2026-07-31,61.63553237915039,1013.4166870117188,351.7900085449219,7489.72021484375
2026-08-03,62.162841796875,1022.054443359375,352.6400146484375,7600.5
2026-08-04,62.580711364746094,1047.8480224609375,357.5199890136719,7736.52001953125
2026-08-05,62.928932189941406,1055.2119140625,359.239990234375,7723.5498046875
2026-08-06,62.68020248413086,1027.54736328125,356.29998779296875,7709.9599609375
2026-08-07,62.849334716796875,1034.543212890625,357.5199890136719,7757.64013671875
2026-08-10,63.53583526611328,1029.468017578125,359.7900085449219,7753.10986328125
2026-08-11,63.67512512207031,1029.3685302734375,362.0400085449219,7728.2001953125
2026-08-12,64.48101043701172,1032.1549072265625,365.17999267578125,7748.5
2026-08-13,63.76466369628906,1037.5484619140625,363.1099853515625,7798.990234375
2026-08-14,64.16263580322266,1034.3541259765625,362.8399963378906,7785.759765625
2026-08-17,63.56568145751953,1046.186279296875,360.9599914550781,7745.06005859375
2026-08-18,63.903961181640625,1035.39892578125,363.25,7691.759765625
2026-08-19,62.849334716796875,1016.6707763671875,357.260009765625,7707.97998046875
2026-08-20,61.545989990234375,997.0667724609375,351.54998779296875,7641.16015625
2026-08-21,61.37685012817383,1034.21484375,351.5799865722656,7674.3701171875
2026-08-24,62.01360321044922,1031.2294921875,356.3900146484375,7652.85986328125
2026-08-25,62.113094329833984,1053.71923828125,356.69000244140625,7677.27978515625
2026-08-26,61.91410827636719,1035.3890380859375,356.5,7675.7001953125
2026-08-27,60.85948944091797,1035.7969970703125,354.2200012207031,7730.990234375
2026-08-28,62.00365447998047,1028.9505615234375,357.6199951171875,7711.759765625
2026-08-31,61.625579833984375,1020.9000244140625,356.0199890136719,7686.14013671875
2026-09-01,61.675331115722656,1002.5599975585938,354.95001220703125,7631.47021484375
2026-09-02,62.282230377197266,1004.4199829101562,356.2200012207031,7666.60009765625
2026-09-03,62.71999740600586,1037.9300537109375,362.05999755859375,7747.7099609375
